2024-01-01-00-00-00.00     -377307.186098731880      115518.778025847249      106266.328740974350        -466.977198009437       -1003.432277759695         -31.454610859023           1.006495151734           0.046397177483           0.067895484058
2024-01-01-01-00-00.00     -378966.067002164316      111924.677032887761      106134.812491525619        -454.692144443368        -993.466280947931         -41.548303748824           1.007384496920           0.046730978808           0.071664050624
2024-01-01-02-00-00.00     -380581.426771470346      108364.655741954513      105967.609676982815        -442.788569240535        -984.472313900172         -51.284702797119           1.008270016120           0.046978733404           0.075318426901
2024-01-01-03-00-00.00     -382154.535843399994      104835.485155446397      105765.961531330293        -431.211290270101        -976.305241331792         -60.688639091902           1.009150555197           0.047147777847           0.078865054061
2024-01-01-04-00-00.00     -383686.485586814466      101334.408732721407      105531.022176260958        -419.915548569671        -968.846580620450         -69.783602708668           1.010025131394           0.047244411639           0.082309642905
2024-01-01-05-00-00.00     -385178.221343180747       97859.057619006591      105263.864067202841        -408.864640473527        -961.998590584455         -78.591445613368           1.010892900140           0.047274092669           0.085657282338
2024-01-01-06-00-00.00     -386630.568124443409       94407.384266356239      104965.484091004968        -398.028169575573        -955.679877041922         -87.132295823465           1.011753129605           0.047241589069           0.088912528338
2024-01-01-07-00-00.00     -388044.250850772602       90977.609824135783      104636.809744522892        -387.380736721704        -949.822078017073         -95.424586331974           1.012605180969           0.047151098202           0.092079477419
2024-01-01-08-00-00.00     -389419.910469277704       87568.181982932700      104278.705089803785        -376.900944784343        -944.367330017415        -103.485143436782           1.013448492929           0.047006340128           0.095161827708
2024-01-01-09-00-00.00     -390758.116924521571       84177.740855782831      103891.976334390129        -366.570633129429        -939.266307778308        -111.329302834664           1.014282569351           0.046810633216           0.098162930052
2024-01-01-10-00-00.00     -392059.379694024450       80805.091111146961      103477.376972300859        -356.374282031769        -934.476690828403        -118.971035174658           1.015106969334           0.046566955345           0.101085831034
2024-01-01-11-00-00.00     -393324.156419687264       77449.179020645883      103035.612471889021        -346.298544460118        -929.961951656984        -126.423071238072           1.015921299179           0.046277993019           0.103933309404
2024-01-01-12-00-00.00     -394552.860035329417       74109.073408605094      102567.344522438900        -336.331874438733        -925.690389032720        -133.697021134113           1.016725205768           0.045946182541           0.106707907101
2024-01-01-13-00-00.00     -395745.864695361815       70783.949727264146      102073.194866607373        -326.464229442608        -921.634350160119        -140.803485022995           1.017518371101           0.045573744197           0.109411955801
2024-01-01-14-00-00.00     -396903.510739572637       67473.076656956080      101553.748751246167        -316.686830110006        -917.769599737124        -147.752154213581           1.018300507769           0.045162709960           0.112047599754
2024-01-01-15-00-00.00     -398026.108876757789       64175.804761890162      101009.558031793058        -306.991964753006        -914.074804334002        -154.551902650252           1.019071355135           0.044714947556           0.114616815524
2024-01-01-16-00-00.00     -399113.943730650819       60891.556831515212      100441.143964193543        -297.372829178174        -910.531108073888        -161.210869063506           1.019830676097           0.044232180849           0.117121429116
2024-01-01-17-00-00.00     -400167.276861478749       57619.819613621010       99848.999716760329        -287.823394566056        -907.121781157462        -167.736530473851           1.020578254383           0.043716006344           0.119563130908
2024-01-01-18-00-00.00     -401186.349354074686       54360.136703212193       99233.592632158805        -278.338297825803        -903.831926986573        -174.135767836415           1.021313892194           0.043167908080           0.121943488718
2024-01-01-19-00-00.00     -402171.384044757055       51112.102397771298       98595.366265761855        -268.912750060848        -900.648236674701        -180.414924516032           1.022037408191           0.042589270478           0.124263959273
2024-01-01-20-00-00.00     -403122.587446195073       47875.356364250983       97934.742225475813        -259.542459744644        -897.558782203798        -186.579858396794           1.022748635777           0.041981388572           0.126525898328
2024-01-01-21-00-00.00     -404040.151418029505       44649.578991844712       97252.121834168094        -250.223567909830        -894.552841252747        -192.635988331280           1.023447421584           0.041345477700           0.128730569605
2024-01-01-22-00-00.00     -404924.254622503300       41434.487326909883       96547.887634353363        -240.952593206633        -891.620748137048        -198.588335527216           1.024133624148           0.040682681970           0.130879152724
2024-01-01-23-00-00.00     -405775.063797448820       38229.831504319576       95822.404751930721        -231.726385117552        -888.753766403820        -204.441560504216           1.024807112784           0.039994080814           0.132972750263
2024-01-02-00-00-00.00     -406592.734873412934       35035.391604011340       95076.022134069921        -222.542083944529        -885.943979467214        -210.199996101187           1.025467766565           0.039280695558           0.135012394055
2024-01-02-01-00-00.00     -407377.413957207580       31850.974873279272       94309.073674779764        -213.397086448734        -883.184196353643        -215.867677002865           1.026115473419           0.038543495232           0.136999050816
2024-01-02-02-00-00.00     -408129.238200542633       28676.413264859963       93521.879239826289        -204.289016229374        -880.467870153250        -221.448366176494           1.026750129368           0.037783400867           0.138933627202
2024-01-02-03-00-00.00     -408848.336569415173       25511.561248690876       92714.745601362316        -195.215698095018        -877.789027219430        -226.945578613488           1.027371637814           0.037001290110           0.140816974349
2024-01-02-04-00-00.00     -409534.830527474580       22356.293861719660       91887.967291585257        -186.175135809771        -875.142205479247        -232.362602650993           1.027979908904           0.036198001374           0.142649891965
2024-01-02-05-00-00.00     -410188.834644566989       19210.504965508546       91041.827383712269        -177.165492704473        -872.522400499500        -237.702519138594           1.028574859002           0.035374336675           0.144433132025
2024-01-02-06-00-00.00     -410810.457140004495       16074.105685627084       90176.598207057832        -168.185074732481        -869.925018206840        -242.968218756433           1.029156410171           0.034531065000           0.146167402117
2024-01-02-07-00-00.00     -411399.800368684344       12947.023010820914       89292.542003149458        -159.232315614136        -867.345833299409        -248.162417629841           1.029724489722           0.033668925366           0.147853368472
2024-01-02-08-00-00.00     -411956.961257040559        9829.198532833838       88389.911528289027        -150.305763775452        -864.780952563676        -253.287671448295           1.030279029829           0.032788628700           0.149491658719
2024-01-02-09-00-00.00     -412482.031694827834        6720.587310450424       87468.950607682767        -141.404070832887        -862.226782438508        -258.346388269870           1.030819967157           0.031890860376           0.151082864393
2024-01-02-10-00-00.00     -412975.098887910484        3621.156843549141       86529.894645679975        -132.525981413564        -859.680000250805        -263.340840131994           1.031347242521           0.030976282540           0.152627543216
2024-01-02-11-00-00.00     -413436.245676537685         530.886144829641       85572.971096161127        -123.670324133298        -857.137528647888        -268.273173607497           1.031860800613           0.030045535345           0.154126221184
2024-01-02-12-00-00.00     -413865.550822994031       -2550.235101566966       84598.399896620293        -114.836003580944        -854.596512817528        -273.145419418711           1.032360589720           0.029099238922           0.155579394473
2024-01-02-13-00-00.00     -414263.089272006415       -5622.207303875939       83606.393869241801        -106.021993179370        -852.054300137927        -277.959501195952           1.032846561466           0.028137995194           0.156987531184
2024-01-02-14-00-00.00     -414628.932386859728       -8685.021657264922       82597.159091734982         -97.227328812476        -849.508421967916        -282.717243488309           1.033318670616           0.027162388674           0.158351072946
2024-01-02-15-00-00.00     -414963.148163804726      -11738.660776158285       81570.895240744969         -88.451103122132        -846.956577314532        -287.420379093335           1.033776874858           0.026172988030           0.159670436380
2024-01-02-16-00-00.00     -415265.801427013357      -14783.099270932918       80527.795909821085         -79.692460393401        -844.396618148406        -292.070555770398           1.034221134608           0.025170347553           0.160946014451
2024-01-02-17-00-00.00     -415536.954006072949      -17818.304274361468       79468.048904317329         -70.950591956520        -841.826536177999        -296.669342402978           1.034651412866           0.024155007632           0.162178177709
2024-01-02-18-00-00.00     -415776.664897764160      -20844.235922811135       78391.836515017276         -62.224732043774        -839.244450929392        -301.218234683164           1.035067675045           0.023127496043           0.163367275434
2024-01-02-19-00-00.00     -415984.990413660300      -23860.847796685484       77299.335772049366         -53.514154049165        -836.648598947655        -305.718660319239           1.035469888825           0.022088329161           0.164513636684
2024-01-02-20-00-00.00     -416161.984314916830      -26868.087323801850       76190.718680864462         -44.818167142642        -834.037324047295        -310.171983876670           1.035858024041           0.021038012208           0.165617571273
2024-01-02-21-00-00.00     -416307.697935448610      -29865.896149386983       75066.152441393308         -36.136113200612        -831.409068450212        -314.579511230394           1.036232052559           0.019977040341           0.166679370663
2024-01-02-22-00-00.00     -416422.180294576450      -32854.210475590931       73925.799651843976         -27.467364016615        -828.762364739652        -318.942493694354           1.036591948156           0.018905899678           0.167699308793
2024-01-02-23-00-00.00     -416505.478200082085      -35832.961373468861       72769.818498075867         -18.811318761518        -826.095828543802        -323.262131859647           1.036937686440           0.017825067382           0.168677642846
2024-01-03-00-00-00.00     -416557.636342534970      -38802.075069710278       71598.362929749404         -10.167401666406        -823.408151862188        -327.539579155396           1.037269244754           0.016735012596           0.169614613952
2024-01-03-01-00-00.00     -416578.697381639271      -41761.473210453856       70411.582824058962          -1.535059903198        -820.698096983409        -331.775945175271           1.037586602082           0.015636197344           0.170510447845
2024-01-03-02-00-00.00     -416568.702025274222      -44711.073104171446       69209.624137889172           7.086238357134        -817.964490913938        -335.972298771725           1.037889738994           0.014529076483           0.171365355466
2024-01-03-03-00-00.00     -416527.689101813245      -47650.787945528886       67992.629049061361          15.697005729341        -815.206220285239        -340.129670959712           1.038178637573           0.013414098538           0.172179533524
2024-01-03-04-00-00.00     -416455.695626370842      -50580.527020815047       66760.736088156875          24.297737261311        -812.422226697653        -344.249057641827           1.038453281334           0.012291706491           0.172953165006
2024-01-03-05-00-00.00     -416352.756861157832      -53500.195899039703       65514.080259442933          32.888911951453        -809.611502414286        -348.331422157591           1.038713655201           0.011162337657           0.173686419663
2024-01-03-06-00-00.00     -416218.906370764249      -56409.696606440557       64252.793154277693          41.470994161413        -806.773086438027        -352.377697700233           1.038959745438           0.010026424426           0.174379454446
2024-01-03-07-00-00.00     -416054.176072444592      -59308.927788312794       62977.003055352397          50.044434927274        -803.906060884371        -356.388789592303           1.039191539598           0.008884394989           0.175032413909
2024-01-03-08-00-00.00     -415858.596281860082      -62197.784858129548       61686.835033107280          58.609673183999        -801.009547646702        -360.365577445056           1.039409026503           0.007736673136           0.175645430592
2024-01-03-09-00-00.00     -415632.195754562272      -65076.160135090948       60382.411034599667          67.167136910436        -798.082705311330        -364.308917202635           1.039612196200           0.006583678945           0.176218625363
2024-01-03-10-00-00.00     -415375.001723466441      -67943.942971145298       59063.849965083471          75.717244207893        -795.124726336820        -368.219643109544           1.039801039921           0.005425829452           0.176752107731
2024-01-03-11-00-00.00     -415087.039932581072      -70801.019868022879       57731.267762831965          84.260404312359        -792.134834410918        -372.098569564209           1.039975550073           0.004263538401           0.177245976142
2024-01-03-12-00-00.00     -414768.334667171235      -73647.274585303341       56384.777467288404          92.797018555425        -789.112282033255        -375.946492917110           1.040135720212           0.003097216887           0.177700318244
2024-01-03-13-00-00.00     -414418.908780562400      -76482.588240030309       55024.489280926304         101.327481276239        -786.056348268126        -379.764193194218           1.040281545010           0.001927273986           0.178115211126
2024-01-03-14-00-00.00     -414038.783717737067      -79306.839398523211       53650.510625019080         109.852180691286        -782.966336656346        -383.552435758921           1.040413020262           0.000754116473           0.178490721544
2024-01-03-15-00-00.00     -413627.979535856983      -82119.904161020328       52262.946189474940         118.371499730575        -779.841573289578        -387.311972930627           1.040530142865          -0.000421850571           0.178826906116
2024-01-03-16-00-00.00     -413186.514921841095      -84921.656239553064       50861.897976978747         126.885816842762        -776.681405010075        -391.043545553014           1.040632910805          -0.001600223150           0.179123811500
2024-01-03-17-00-00.00     -412714.407207085053      -87711.967029605512       49447.465341530791         135.395506777297        -773.485197742765        -394.747884530312           1.040721323165          -0.002780598667           0.179381474558
2024-01-03-18-00-00.00     -412211.672379393247      -90490.705676022859       48019.745021488496         143.900941348119        -770.252334944248        -398.425712335445           1.040795380123          -0.003962575331           0.179599922493
2024-01-03-19-00-00.00     -411678.325092202984      -93257.739133430732       46578.831167270531         152.402490183002        -766.982216153938        -402.077744493435           1.040855082941          -0.005145751572           0.179779172971
2024-01-03-20-00-00.00     -411114.378671110258      -96012.932221740586       45124.815363691385         160.900521465057        -763.674255652429        -405.704691053944           1.040900433992          -0.006329726365           0.179919234229
2024-01-03-21-00-00.00     -410519.845117749705      -98756.147676902765       43657.786647054716         169.395402668346        -760.327881204976        -409.307258051418           1.040931436760          -0.007514098654           0.180020105164
2024-01-03-22-00-00.00     -409894.735111022426     -101487.246197332701       42177.831516978076         177.887501293286        -756.942532894288        -412.886148964696           1.040948095843          -0.008698466770           0.180081775401
2024-01-03-23-00-00.00     -409239.058005674102     -104206.086486271961       40685.033942961338         186.377185605002        -753.517662032106        -416.442066180136           1.040950416990          -0.009882428770           0.180104225349
2024-01-04-00-00-00.00     -408552.821828202694     -106912.525290363395       39179.475365672421         194.864825378673        -750.052730144756        -419.975712465015           1.040938407109          -0.011065581856           0.180087426247
2024-01-04-01-00-00.00     -407836.033270065265     -109606.417434700372       37661.234692899860         203.350792655727        -746.547208026015        -423.487792457289           1.040912074282          -0.012247521805           0.180031340178
2024-01-04-02-00-00.00     -407088.697678135533     -112287.615854582531       36130.388290102019         211.835462515500        -743.000574853439        -426.979014178789           1.040871427808          -0.013427843298           0.179935920084
2024-01-04-03-00-00.00     -406310.819042347488     -114955.971624201178       34587.009965456265         220.319213869396        -739.412317374298        -430.450090581319           1.040816478227          -0.014606139343           0.179801109758
2024-01-04-04-00-00.00     -405502.399980434391     -117611.333982500000       33031.170949275365         228.802430275376        -735.781929121355        -433.901741123558           1.040747237340          -0.015782000690           0.179626843815
2024-01-04-05-00-00.00     -404663.441719686962     -120253.550356283158       31462.939867674715         237.285500791421        -732.108909718866        -437.334693401895           1.040663718267          -0.016955016163           0.179413047661
2024-01-04-06-00-00.00     -403793.944075567182     -122882.466380948637       29882.382710268826         245.768820858005        -728.392764201165        -440.749684825026           1.040565935474          -0.018124772063           0.179159637433
2024-01-04-07-00-00.00     -402893.905427075399     -125497.925918830457       28289.562791739820         254.252793229496        -724.633002408493        -444.147464355225           1.040453904816          -0.019290851575           0.178866519925
2024-01-04-08-00-00.00     -401963.322688672924     -128099.771075475699       26684.540707008302         262.737828947647        -720.829138399371        -447.528794313124           1.040327643594          -0.020452835079           0.178533592507
2024-01-04-09-00-00.00     -401002.191278614511     -130687.842213839947       25067.374279779848         271.224348376951        -716.980689940052        -450.894452265529           1.040187170602          -0.021610299539           0.178160743016
2024-01-04-10-00-00.00     -400010.505083433818     -133261.977966773411       23438.118504132726         279.712782295671        -713.087178012909        -454.245232996742           1.040032506178          -0.022762817881           0.177747849631
2024-01-04-11-00-00.00     -398988.256418385019     -135822.015247793344       21796.825478840463         288.203573055425        -709.148126369788        -457.581950578285           1.039863672274          -0.023909959284           0.177294780737
2024-01-04-12-00-00.00     -397935.435983589443     -138367.789260271355       20143.544334052011         296.697175820850        -705.163061145127        -460.905440548630           1.039680692519          -0.025051288539           0.176801394764
2024-01-04-13-00-00.00     -396852.032815538172     -140899.133505433303       18478.321149906689         305.194059885453        -701.131510475865        -464.216562211594           1.039483592278          -0.026186365394           0.176267540006
2024-01-04-14-00-00.00     -395738.034233726503     -143415.879788918654       16801.198866643754         313.694710090905        -697.053004201942        -467.516201070500           1.039272398741          -0.027314744807           0.175693054424
2024-01-04-15-00-00.00     -394593.425781975326     -145917.858226414915       15112.217185683852         322.199628342883        -692.927073573745        -470.805271408755           1.039047140997          -0.028435976268           0.175077765426
2024-01-04-16-00-00.00     -393418.191164093325     -148404.897248294146       13411.412461132248         330.709335248081        -688.753251019924        -474.084719034734           1.038807850112          -0.029549603096           0.174421489619
2024-01-04-17-00-00.00     -392212.312173413171     -150876.823603504046       11698.817581061663         339.224371877344        -684.531069942287        -477.355524207016           1.038554559232          -0.030655162647           0.173724032548
2024-01-04-18-00-00.00     -390975.768615742039     -153333.462362724473        9974.461838004472         347.745301678999        -680.260064576906        -480.618704758090           1.038287303677          -0.031752185575           0.172985188402
2024-01-04-19-00-00.00     -389708.538225114520     -155774.636921220168        8238.370787627828         356.272712545430        -675.939769872125        -483.875319438103           1.038006121035          -0.032840195077           0.172204739692
2024-01-04-20-00-00.00     -388410.596571800823     -158200.169001287693        6490.566095124348         364.807219063026        -671.569721434692        -487.126471500281           1.037711051286          -0.033918707028           0.171382456911
2024-01-04-21-00-00.00     -387081.916961876908     -160609.878654557047        4731.065368136807         373.349464959342        -667.149455524858        -490.373312552129           1.037402136914          -0.034987229172           0.170518098151
2024-01-04-22-00-00.00     -385722.470327586634     -163003.584264415433        2959.881975308454         381.900125766612        -662.678509095283        -493.617046702350           1.037079423029          -0.036045260286           0.169611408695
2024-01-04-23-00-00.00     -384332.225107682054     -165381.102548688214        1177.024849335899         390.459911733820        -658.156419909773        -496.858935030299           1.036742957508          -0.037092290230           0.168662120579
2024-01-05-00-00-00.00     -382911.147116794018     -167742.248562893044        -617.501726700849         399.029571005875        -653.582726714391        -500.100300415579           1.036392791134          -0.038127799037           0.167669952106
2024-01-05-01-00-00.00     -381459.199402853788     -170086.835704127094       -2423.698351105789         407.609893105776        -648.956969487728        -503.342532762499           1.036028977747          -0.039151255973           0.166634607327
2024-01-05-02-00-00.00     -379976.342091347033     -172414.675716147496       -4241.570754903084         416.201712753806        -644.278689775264        -506.587094662850           1.035651574412          -0.040162119468           0.165555775479
2024-01-05-03-00-00.00     -378462.532215195533     -174725.578695655015       -6071.130074440120         424.805914057669        -639.547431094861        -509.835527547170           1.035260641590          -0.041159836081           0.164433130378
2024-01-05-04-00-00.00     -376917.723528767528     -177019.353100381471       -7912.393147057256         433.423435132346        -634.762739475987        -513.089458367896           1.034856243323          -0.042143839409           0.163266329758
2024-01-05-05-00-00.00     -375341.866304455907     -179295.805759195151       -9765.382831898860         442.055273183356        -629.924164078574        -516.350606886330           1.034438447434          -0.043113549870           0.162055014558
2024-01-05-06-00-00.00     -373734.907110008702     -181554.741884700285      -11630.128358119537         450.702490125198        -625.031257957559        -519.620793619631           1.034007325743          -0.044068373491           0.160798808157
2024-01-05-07-00-00.00     -372096.788564592192     -183795.965088804311      -13506.665703018611         459.366218792488        -620.083578958351        -522.901948530395           1.033562954289          -0.045007700623           0.159497315527
2024-01-05-08-00-00.00     -370427.449071274896     -186019.277401923115      -15395.038002879452         468.047669829102        -615.080690801712        -526.196120533302           1.033105413581          -0.045930905515           0.158150122343
2024-01-05-09-00-00.00     -368726.822523421899     -188224.479296257050      -17295.295999701044         476.748139326959        -610.022164329499        -529.505487929241           1.032634788860          -0.046837344865           0.156756793994
2024-01-05-10-00-00.00     -366994.837982051948     -190411.369714037806      -19207.498527283809         485.469017324472        -604.907578983983        -532.832369864044           1.032151170376          -0.047726356276           0.155316874523
2024-01-05-11-00-00.00     -365231.419320896559     -192579.746101532131      -21131.713040601924         494.211797273809        -599.736524540368        -536.179238938491           1.031654653701          -0.048597257536           0.153829885476
2024-01-05-12-00-00.00     -363436.484835448093     -194729.404449770926      -23068.016192862506         502.978086604340        -594.508603121165        -539.548735115108           1.031145340048          -0.049449344850           0.152295324650
2024-01-05-13-00-00.00     -361609.946811776201     -196860.139343131392      -25016.494465193020         511.769618537060        -589.223431554325        -542.943681077072           1.030623336631          -0.050281890928           0.150712664731
2024-01-05-14-00-00.00     -359751.711050305224     -198971.744017097633      -26977.244854510722         520.588265322461        -583.880644120887        -546.367099227141           1.030088757044          -0.051094143873           0.149081351814
2024-01-05-15-00-00.00     -357861.676339073107     -201064.010426709690      -28950.375625854369         529.436053105008        -578.479895755773        -549.822230539402           1.029541721677          -0.051885324950           0.147400803795
2024-01-05-16-00-00.00     -355939.733870197902     -203136.729327469715      -30936.007136275435         538.315178655074        -573.020865792443        -553.312555500922           1.028982358162          -0.052654626176           0.145670408606
2024-01-05-17-00-00.00     -353985.766592339729     -205189.690370836499      -32934.272738300184         547.228028238834        -567.503262315845        -556.841817439178           1.028410801860          -0.053401208633           0.143889522302
2024-01-05-18-00-00.00     -351999.648490895575     -207222.682216681453      -34945.319772128409         556.177198962831        -561.926827277041        -560.414048538576           1.027827196395          -0.054124199601           0.142057466964
2024-01-05-19-00-00.00     -349981.243786353385     -209235.492665639758      -36969.310656937640         565.165522966139        -556.291342462390        -564.033598945100           1.027231694228          -0.054822689417           0.140173528396
2024-01-05-20-00-00.00     -347930.406039733614     -211227.908814839670      -39006.424093108952         574.196094918820        -550.596636501542        -567.705169388190           1.026624457288          -0.055495728974           0.138236953617
2024-01-05-21-00-00.00     -345846.977152313222     -213199.717240942060      -41056.856389023153         583.272303361348        -544.842593103790        -571.433847835844           1.026005657667          -0.056142325918           0.136246948095
2024-01-05-22-00-00.00     -343730.786244665098     -215150.704215436679      -43120.822927934227         592.397866526329        -539.029160774692        -575.225150776209           1.025375478374          -0.056761440450           0.134202672705
2024-01-05-23-00-00.00     -341581.648397560930     -217080.655957941985      -45198.559792879227         601.576873395518        -533.156364266261        -579.085069857954           1.024734114170          -0.057351981614           0.132103240391
2024-01-06-00-00-00.00     -339399.363234281365     -218989.358934468153      -47290.325570296540         610.813830924033        -527.224318195396        -583.020124668897           1.024081772488          -0.057912802112           0.129947712468
2024-01-06-01-00-00.00     -337183.713320219365     -220876.600209173805      -49396.403356199575         620.113718504282        -521.233243143987        -587.037422731074           1.023418674452          -0.058442692514           0.127735094546
2024-01-06-02-00-00.00     -334934.462351399183     -222742.167859427049      -51517.102993001601         629.482051036366        -515.183484940297        -591.144727766948           1.022745055997          -0.058940375717           0.125464332009
2024-01-06-03-00-00.00     -332651.353098103718     -224585.851466853870      -53652.763569151874         638.924952195593        -509.075537662415        -595.350537736334           1.022061169130          -0.059404499640           0.123134305001
2024-01-06-04-00-00.00     -330334.105063438008     -226407.442699317413      -55803.756219603558         648.449239890835        -502.910071269563        -599.664174272686           1.021367283322          -0.059833628984           0.120743822849
2024-01-06-05-00-00.00     -327982.411808756820     -228206.736002123507      -57970.487271842663         658.062526346311        -496.687964933606        -604.095885515191           1.020663687076          -0.060226236828           0.118291617851
2024-01-06-06-00-00.00     -325595.937888063025     -229983.529421479616      -60153.401789761199         667.773335802288        -490.410347371538        -608.656964802315           1.019950689686          -0.060580693984           0.115776338331
2024-01-06-07-00-00.00     -323174.315321505361     -231737.625588222756      -62352.987577733882         677.591243565824        -484.078645890810        -613.359888168302           1.019228623212          -0.060895256835           0.113196540867
2024-01-06-08-00-00.00     -320717.139523030666     -233468.832897017302      -64569.779718768470         687.527041075352        -477.694646350277        -618.218474213496           1.018497844728          -0.061168054300           0.110550681568
2024-01-06-09-00-00.00     -318223.964578404091     -235176.966925131535      -66804.365734947656         697.592932834264        -471.260566810571        -623.248070782920           1.017758738871          -0.061397071711           0.107837106256
2024-01-06-10-00-00.00     -315694.297746053780     -236861.852146259509      -69057.391476181729         707.802772636703        -464.779148528422        -628.465773859644           1.017011720751          -0.061580132123           0.105054039389
2024-01-06-11-00-00.00     -313127.593022933230     -238523.324010131939      -71329.567864747747         718.172348549492        -458.253769027072        -633.890685415630           1.016257239291          -0.061714875465           0.102199571528
2024-01-06-12-00-00.00     -310523.243578922586     -240161.231478023255      -73621.678650482761         728.719728819124        -451.688583514778        -639.544218572801           1.015495781081          -0.061798733015           0.099271645122
2024-01-06-13-00-00.00     -307880.572813295410     -241775.440130446543      -75934.589365124062         739.465684473191        -445.088702994163        -645.450460516632           1.014727874846          -0.061828897310           0.096268038325
2024-01-06-14-00-00.00     -305198.823721721128     -243365.835998339899      -78269.257706355027         750.434209229508        -438.460420139722        -651.636606465943           1.013954096659          -0.061802287423           0.093186346543
2024-01-06-15-00-00.00     -302477.146176826907     -244932.330315313331      -80626.745636544903         761.653163921417        -431.811498161466        -658.133481279980           1.013175076068          -0.061715506391           0.090023961311
2024-01-06-16-00-00.00     -299714.581611971138     -246474.865453146223      -83008.233548225093         773.155081700212        -425.151543213670        -664.976170212919           1.012391503329          -0.061564790064           0.086778046051
2024-01-06-17-00-00.00     -296910.044445923180     -247993.422389830142      -85415.036936722623         784.978182865119        -418.492489089621        -672.204786042027           1.011604138042          -0.061345946125           0.083445508189
2024-01-06-18-00-00.00     -294062.299380264303     -249488.030182653980      -87848.626131524812         797.167665899845        -411.849234259937        -679.865408041336           1.010813819505          -0.061054278531           0.080022966995
2024-01-06-19-00-00.00     -291169.933418832952     -250958.778091170941      -90310.649784201101         809.777366562415        -405.240488355457        -688.011238545299           1.010021479279          -0.060684494516           0.076506716417
2024-01-06-20-00-00.00     -288231.321066181874     -252405.831242829066      -92802.962999092386         822.871913495898        -398.689910142929        -696.704037191188           1.009228156557          -0.060230590007           0.072892682099
2024-01-06-21-00-00.00     -285244.580609028111     -253829.451093189593      -95327.661241135836         836.529562568161        -392.227657427519        -706.015910990063           1.008435017179          -0.059685704651           0.069176371649
2024-01-06-22-00-00.00     -282207.518593881396     -255230.022464274662      -97887.121478638292         850.845972610216        -385.892527869024        -716.031563372989           1.007643377425          -0.059041937869           0.065352817229
2024-01-06-23-00-00.00     -279117.558463848603     -256608.089742850250     -100484.052445034569         865.939307524237        -379.734962676278        -726.851136519677           1.006854734190          -0.058290113567           0.061416509600
2024-01-07-00-00-00.00     -275971.647615231341     -257964.406046598480     -103121.556456310776         881.957239864752        -373.821334051027        -738.593821950040           1.006070803799          -0.057419472695           0.057361323141
2024-01-07-01-00-00.00     -272766.134564160369     -259300.001086316654     -105803.205934182857         899.086732305365        -368.240183615121        -751.402460709133           1.005293572734          -0.056417267199           0.053180432247
2024-01-07-02-00-00.00     -269496.603950017539     -260616.276537481608     -108533.138667330946         917.567962879883        -363.111495725311        -765.449400871738           1.004525365162          -0.055268215892           0.048866221619
2024-01-07-03-00-00.00     -266157.650845674856     -261915.142821736226     -111316.176855203958         937.714574697571        -358.600816924989        -780.943898277521           1.003768934644          -0.053953759318           0.044410197298
2024-01-07-04-00-00.00     -262742.565713469754     -263199.219842075196     -114157.975906798194         959.943825091151        -354.941343593762        -798.141261548900           1.003027591574          -0.052451020226           0.039802914600
2024-01-07-05-00-00.00     -259242.884481446497     -264472.139395824401     -117065.209122813641         984.822664177621        -352.469550360203        -817.353543654982           1.002305385013          -0.050731320891           0.035033958662
2024-01-07-06-00-00.00     -255647.729298549559     -265739.014661186375     -120045.791779053121        1013.140227285805        -351.684700662394        -838.960294144124           1.001607369958          -0.048758010718           0.030092055447
2024-01-07-07-00-00.00     -251942.814391954918     -267007.194735123252     -123109.137127939641        1046.025541620477        -353.352283787450        -863.414080733569           1.000940014071          -0.046483192819           0.024965484854
2024-01-07-08-00-00.00     -248108.898277325934     -268287.526838089456     -126266.401334440452        1085.145127023871        -358.692136290148        -891.224397790176           1.000311841792          -0.043842633316           0.019643184604
2024-01-07-09-00-00.00     -244119.289816802717     -269596.567721490806     -129530.566535457358        1133.045549121523        -369.738466001987        -922.870402303153           0.999734502341          -0.040747566887           0.014117463211
2024-01-07-10-00-00.00     -239935.691737292247     -270960.667744918726     -132915.880969085294        1193.760370381805        -390.067812627904        -958.488663066912           0.999224635201          -0.037071061744           0.008390614871
2024-01-07-11-00-00.00     -235501.110950564849     -272423.956109579070     -136435.119558889710        1273.865438799373        -426.348798063296        -996.833153306583           0.998807314858          -0.032624821015           0.002491550987
2024-01-07-12-00-00.00     -230728.048317844979     -274064.764167600311     -140089.557792641106        1383.979376856409        -491.703172261368       -1031.771248222333           0.998522718561          -0.027120716550          -0.003480122383
2024-01-07-13-00-00.00     -225483.233906848240     -276029.342384918884     -143834.160239878023        1538.153103397580        -611.951016503726       -1040.390647191913           0.998438871159          -0.020121810336          -0.009231640329
2024-01-07-14-00-00.00     -219601.712552934478     -278583.218120609992     -147465.427643198578        1731.777592759259        -824.370397052587        -950.185651293484           0.998668601403          -0.011092516099          -0.013957645520
2024-01-07-15-00-00.00     -213097.291117946443     -282043.831985002966     -150406.022232161195        1851.438710609030       -1093.132765695377        -644.271648260083           0.999336323484          -0.000098206520          -0.015944179325
2024-01-07-16-00-00.00     -206556.465073600091     -286266.135415357421     -151981.059875621169        1749.756945946443       -1215.877879778035        -243.380704143520           1.000383578968           0.010907257071          -0.013862576949
2024-01-07-17-00-00.00     -200596.140709308820     -290595.235838981520     -152359.747601927433        1563.108638939548       -1173.630748442679           3.288138100038           1.001564487057           0.019896351177          -0.008947252038
2024-01-07-18-00-00.00     -195250.905181609734     -294669.446602185315     -152120.470521161158        1415.106500013233       -1088.789598746992         114.145329381993           1.002738741329           0.026771716100          -0.002968753549
2024-01-07-19-00-00.00     -190351.830024453375     -298442.026903703983     -151612.827445196453        1313.025880517534       -1009.069458611862         161.157953963809           1.003877257116           0.032099813301           0.003227396446
2024-01-07-20-00-00.00     -185759.740566223918     -301949.982299085823     -150992.769802785187        1242.265718849691        -941.833312673039         180.329713547998           1.004981990071           0.036343871218           0.009339610795
2024-01-07-21-00-00.00     -181383.556623539189     -305236.475035489653     -150329.320726355625        1191.617993963417        -885.621762864338         186.854221267754           1.006059237367           0.039806488275           0.015269329459
2024-01-07-22-00-00.00     -177164.361043750192     -308336.705119504652     -149654.508269404410        1154.165860044668        -837.966107675845         187.363662966147           1.007114382176           0.042683442773           0.020990548153
2024-01-07-23-00-00.00     -173062.849681640248     -311277.614726124273     -148983.756551936414        1125.691428249671        -796.814991530477         184.946463543197           1.008151349026           0.045105548358           0.026503701113
2024-01-08-00-00-00.00     -169051.822748914012     -314079.733298384235     -148324.547829465504        1103.546720319267        -760.644503184592         181.127873962084           1.009172885701           0.047163595643           0.031818650700
2024-01-08-01-00-00.00     -165111.808684397489     -316758.888942017569     -147680.357874547393        1086.007309147673        -728.345282514549         176.696011480862           1.010180894564           0.048922856272           0.036948101620
2024-01-08-02-00-00.00     -161228.453647038725     -319327.481943169725     -147052.561482509947        1071.909745276874        -699.105100731182         172.070580112850           1.011176686411           0.050431721114           0.041904993775
2024-01-08-03-00-00.00     -157390.909766733588     -321795.386961683398     -146441.406053926941        1060.443622357335        -672.320852292108         167.478167503637           1.012161158097           0.051727028137           0.046701498794
2024-01-08-04-00-00.00     -153590.804581092467     -324170.588776914519     -145846.531016196532        1051.028358067532        -647.537333329926         163.040254553252           1.013134914341           0.052837465976           0.051348686277
2024-01-08-05-00-00.00     -149821.560299468023     -326459.634516211983     -145267.254362240084        1043.237653396058        -624.405313673579         158.819479197401           1.014098351520           0.053785819461           0.055856472132
2024-01-08-06-00-00.00     -146077.930776307243     -328667.960061113408     -144702.734580834542        1036.751668894816        -602.652694299237         154.844902669467           1.015051715704           0.054590496657           0.060233681760
2024-01-08-07-00-00.00     -142355.678237670916     -330800.129439546785     -144152.063528745377        1031.325844055745        -582.064424948456         151.126247037478           1.015995143434           0.055266594399           0.064488154305
2024-01-08-08-00-00.00     -138651.342281678779     -332860.013214332284     -143614.319923724310        1026.770020049091        -562.468311856171         147.662121951401           1.016928690848           0.055826658319           0.068626855479
2024-01-08-09-00-00.00     -134962.071370225342     -334850.923442413041     -143088.599872655090        1022.934122636315        -543.724830649675         144.444870494833           1.017852354602           0.056281237756           0.072655985119
2024-01-08-10-00-00.00     -131285.497619002679     -336775.717233993113     -142574.033781965525        1019.698130243018        -525.719701701389         141.463462389830           1.018766087109           0.056639297933           0.076581074275
2024-01-08-11-00-00.00     -127619.642210268808     -338636.877265557530     -142069.795106388745        1016.964906890916        -508.358399198108         138.705233874930           1.019669807903           0.056908530249           0.080407070503
2024-01-08-12-00-00.00     -123962.842868618376     -340436.575136258907     -141575.104186327866        1014.654991272349        -491.562034245937         136.156933999425           1.020563412000           0.057095590907           0.084138411784
2024-01-08-13-00-00.00     -120313.697501435192     -342176.721781172964     -141089.229141960910        1012.702747350386        -475.264228326091         133.805347712487           1.021446776169           0.057206286342           0.087779090144
2024-01-08-14-00-00.00     -116671.019864239861     -343859.007998108282     -140611.485031192686        1011.053479299825        -459.408710440962         131.637658113767           1.022319763797           0.057245718078           0.091332706293
2024-01-08-15-00-00.00     -113033.804296263566     -345484.937335610855     -140141.232017678500        1009.661240465164        -443.947449870002         129.641646897616           1.023182228494           0.057218398764           0.094802516507
2024-01-08-16-00-00.00     -109401.197384778643     -347055.853014768916     -139677.873012848868        1008.487149162495        -428.839190089417         127.805794233882           1.024034016849           0.057128345437           0.098191472927
2024-01-08-17-00-00.00     -105772.474984332905     -348572.960145497695     -139220.851078679611        1007.498079588402        -414.048286735176         126.119316631516           1.024874970666           0.056979154181           0.101502258265
2024-01-08-18-00-00.00     -102147.023418898782     -350037.344196425925     -138769.646768281382        1006.665633839562        -399.543778257385         124.572166900322           1.025704928592           0.056774062057           0.104737315768
2024-01-08-19-00-00.00      -98524.323983865659     -351449.986456605489     -138323.775510779757        1005.965327001684        -385.298636517783         123.155011634764           1.026523727372           0.056515998206           0.107898875171
2024-01-08-20-00-00.00      -94903.940075090417     -352811.777062347566     -137882.785102453839        1005.375935476523        -371.289157780403         121.859195972558           1.027331202939           0.056207625320           0.110988975244
2024-01-08-21-00-00.00      -91285.506427323970     -354123.526038650598     -137446.253337504633        1004.878971537866        -357.494464299829         120.676701963284           1.028127191159           0.055851375197           0.114009483450
2024-01-08-22-00-00.00      -87668.720059431202     -355385.972709857742     -137013.785794647760        1004.458256504688        -343.896093546004         119.600104285712           1.028911528406           0.055449478726           0.116962113120
2024-01-08-23-00-00.00      -84053.332611088365     -356599.793762533925     -136585.013783735019        1004.099571517752        -330.477657589551         118.622525869229           1.029684052121           0.055003990268           0.119848438541
2024-01-09-00-00-00.00      -80439.143821590449     -357765.610187377490     -136159.592450096883        1003.790369928443        -317.224558954608         117.737594833188           1.030444601146           0.054516809334           0.122669908215
2024-01-09-01-00-00.00      -76825.995952123558     -358883.993283434073     -135737.199030208751        1003.519538953763        -304.123752255517         116.939403589519           1.031193015975           0.053989699175           0.125427856571
2024-01-09-02-00-00.00      -73213.768992113794     -359955.469873663329     -135317.531250021857        1003.277201010084        -291.163543181906         116.222470537118           1.031929139062           0.053424301772           0.128123514336
2024-01-09-03-00-00.00      -69602.376520910446     -360980.526853852149     -134900.305856185383        1003.054547208587        -278.333418142256         115.581704533924           1.032652814952           0.052822151716           0.130758017742
2024-01-09-04-00-00.00      -65991.762120112660     -361959.615175246145     -134485.257270102738        1002.843697071667        -265.623899223539         115.012372178443           1.033363890383           0.052184688294           0.133332416719
2024-01-09-05-00-00.00      -62381.896250850819     -362893.153343923914     -134072.136354944465        1002.637579787404        -253.026420133134         114.510067783591           1.034062214462           0.051513265012           0.135847682218
2024-01-09-06-00-00.00      -58772.773525625729     -363781.530506074079     -133660.709286005644        1002.429833216273        -240.533219658823         114.070685933736           1.034747638710           0.050809158877           0.138304712761
2024-01-09-07-00-00.00      -55164.410316413298     -364625.109176917234     -133250.756515463378        1002.214717614507        -228.137249811583         113.690396459637           1.035420017081           0.050073578571           0.140704340317
2024-01-09-08-00-00.00      -51556.842650620296     -365424.227661813376     -132842.071823154081        1001.987041635516        -215.832096317631         113.365621634822           1.036079206086           0.049307670657           0.143047335593
2024-01-09-09-00-00.00      -47950.124354219472     -366179.202210319112     -132434.461445892666        1001.742098637112        -203.611909533382         113.093015388765           1.036725064786           0.048512526009           0.145334412802
2024-01-09-10-00-00.00      -44344.325408557001     -366890.328938241117     -132027.743277801055        1001.475611574990        -191.471344273910         112.869444450441           1.037357454781           0.047689185557           0.147566233963
2024-01-09-11-00-00.00      -40739.530491559533     -367557.885546648409     -131621.746135910013        1001.183685272929        -179.405507141249         112.691971116203           1.037976240308           0.046838644380           0.149743412809
2024-01-09-12-00-00.00      -37135.837679713732     -368182.132863514533     -131216.309084569162        1000.862764828562        -167.409910362400         112.557837619281           1.038581288211           0.045961856321           0.151866518323
2024-01-09-13-00-00.00      -33533.357289721338     -368763.316229188000     -130811.280813872494        1000.509599346429        -155.480431140299         112.464451846981           1.039172467921           0.045059738158           0.153936077951
2024-01-09-14-00-00.00      -29932.210842643355     -369301.666744518443     -130406.519066961453        1000.121210141746        -143.613275812421         112.409374355068           1.039749651538           0.044133172309           0.155952580539
2024-01-09-15-00-00.00      -26332.530135196019     -369797.402397448721     -130001.890112146182         999.694862836894        -131.804948124124         112.390306500260           1.040312713800           0.043183010256           0.157916479000
2024-01-09-16-00-00.00      -22734.456405426245     -370250.729082037346     -129597.268255803850         999.228042776260        -120.052221090635         112.405079611282           1.040861532058           0.042210075658           0.159828192757
2024-01-09-17-00-00.00      -19138.139581601790     -370661.841521919589     -129192.535392558260         998.718433330932        -108.352111964468         112.451645079502           1.041395986352           0.041215166131           0.161688109984
2024-01-09-18-00-00.00      -15543.737604584756     -371030.924108631792     -128787.580589617239         998.163896670719         -96.701859929757         112.528065304185           1.041915959385           0.040199055854           0.163496589657
2024-01-09-19-00-00.00      -11951.415815402630     -371358.151663985045     -128382.299702330260         997.562456710553         -85.098906162742         112.632505388309           1.042421336501           0.039162497965           0.165253963426
2024-01-09-20-00-00.00       -8361.346400920986     -371643.690134562494     -127976.595018300635         996.912283958580         -73.540875963867         112.763225513129           1.042912005759           0.038106225700           0.166960537361
2024-01-09-21-00-00.00       -4773.707890811488     -371887.697225146694     -127570.374927921774         996.211681973774         -62.025562733974         112.918573953613           1.043387857913           0.037030954431           0.168616593539
2024-01-09-22-00-00.00       -1188.684700725820     -372090.322977467324     -127163.553618972059         995.459075294310         -50.550913544432         113.096980641141           1.043848786390           0.035937383558           0.170222391511
2024-01-09-23-00-00.00        2393.533283311799     -372251.710299643571     -126756.050793420640         994.652998623806         -39.115016130894         113.296951242433           1.044294687376           0.034826197198           0.171778169665
2024-01-10-00-00-00.00        5972.751083909868     -372371.995450993709     -126347.791404806165         993.792087134383         -27.716087140255         113.517061698629           1.044725459792           0.033698065817           0.173284146476
2024-01-10-01-00-00.00        9548.768977857353     -372451.308486722177     -125938.705414373151         992.875067750820         -16.352461492055         113.755953188390           1.045141005285           0.032553647768           0.174740521664
2024-01-10-02-00-00.00       13121.382812179207     -372489.773666002206     -125528.727564751913         991.900751312713          -5.022582723435         114.012327467034           1.045541228312           0.031393589646           0.176147477271
2024-01-10-03-00-00.00       16690.384293265655     -372487.509826966096     -125117.797169734011         990.868025507442           6.275005786164         114.284942553577           1.045926036123           0.030218527636           0.177505178655
2024-01-10-04-00-00.00       20255.561251801159     -372444.630731545389     -124705.857918999318         989.775848492720          17.541668808496         114.572608731038           1.046295338762           0.029029088790           0.178813775407
2024-01-10-05-00-00.00       23816.697885998441     -372361.245382763620     -124292.857696759267         988.623243121767          28.778686557966         114.874184834328           1.046649049142           0.027825891141           0.180073402215
2024-01-10-06-00-00.00       27373.574984868708     -372237.458316989534     -123878.748413240173         987.409291732467          39.987261365551         115.188574792767           1.046987083051           0.026609544837           0.181284179655
2024-01-10-07-00-00.00       30925.970133734132     -372073.369873149204     -123463.485848210461         986.133131408651          51.168523788313         115.514724413623           1.047309359140           0.025380653228           0.182446214926
2024-01-10-08-00-00.00       34473.657903477273     -371869.076440860517     -123047.029505692029         984.793949687606          62.323538222863         115.851618378310           1.047615799019           0.024139812802           0.183559602541
2024-01-10-09-00-00.00       38016.410025250872     -371624.670689086721     -122629.342479208775         983.390980653692          73.453308069981         116.198277435616           1.047906327247           0.022887614166           0.184624424962
2024-01-10-10-00-00.00       41553.995550587075     -371340.241777472722     -122210.391326344587         981.923501392875          84.558780497309         116.553755780660           1.048180871349           0.021624642978           0.185640753190
2024-01-10-11-00-00.00       45086.181001768069     -371015.875550085155     -121790.145953387997         980.390828756712          95.640850848505         116.917138583050           1.048439361891           0.020351479762           0.186608647320
2024-01-10-12-00-00.00       48612.730508645174     -370651.654714972421     -121368.579507655100         978.792316428409         106.700366726855         117.287539678462           1.048681732493           0.019068700764           0.187528157048
2024-01-10-13-00-00.00       52133.405936543735     -370247.659009017050     -120945.668278338810         977.127352233588         117.738131788709         117.664099391216           1.048907919837           0.017776878780           0.188399322146
2024-01-10-14-00-00.00       55647.967004765371     -369803.965349686332     -120521.391604889912         975.395355711832         128.754909284968         118.045982478249           1.049117863750           0.016476582870           0.189222172906
2024-01-10-15-00-00.00       59156.171396581580     -369320.647974515043     -120095.731792569612         973.595775868571         139.751425358076         118.432376190989           1.049311507221           0.015168379120           0.189996730541
2024-01-10-16-00-00.00       62657.774861764927     -368797.778569008748     -119668.674034835567         971.728089173769         150.728372147280         118.822488431610           1.049488796411           0.013852831399           0.190723007568
2024-01-10-17-00-00.00       66152.531311935687     -368235.426383814251     -119240.206342148129         969.791797691728         161.686410691243         119.215546008444           1.049649680738           0.012530500987           0.191401008155
2024-01-10-18-00-00.00       69640.192909687365     -367633.658341674483     -118810.319476938545         967.786427407841         172.626173675106         119.610792970224           1.049794112893           0.011201947279           0.192030728440
2024-01-10-19-00-00.00       73120.510151926283     -366992.539134779014     -118379.006894426100         965.711526697050         183.548268026948         120.007489016909           1.049922048861           0.009867728478           0.192612156827
2024-01-10-20-00-00.00       76593.231947856475     -366312.131313035614     -117946.264689025673         963.566664927991         194.453277383019         120.404907978871           1.050033448001           0.008528401162           0.193145274259
2024-01-10-21-00-00.00       80058.105692312791     -365592.495363632741     -117512.091546130177         961.351431198180         205.341764440224         120.802336356146           1.050128273064           0.007184520948           0.193630054462
2024-01-10-22-00-00.00       83514.877334643868     -364833.689782351255     -117076.488699041918         959.065433188743         216.214273210017         121.199071913087           1.050206490224           0.005836643133           0.194066464166
2024-01-10-23-00-00.00       86963.291443740192     -364035.771136896627     -116639.459890877712         956.708296127651         227.071331187485         121.594422321387           1.050268069148           0.004485322228           0.194454463313
2024-01-11-00-00-00.00       90403.091269475452     -363198.794122566469     -116201.011341280479         954.279661854703         237.913451448979         121.987703846205           1.050312983026           0.003131112574           0.194794005232
2024-01-11-01-00-00.00       93834.018800981212     -362322.811610470002     -115761.151717788976         951.779187985783         248.741134692001         122.378240069858           1.050341208600           0.001774568966           0.195085036796
2024-01-11-02-00-00.00       97255.814822057335     -361407.874688495882     -115319.892111746914         949.206547163558         259.554871227001         122.765360647266           1.050352726234           0.000416246149           0.195327498571
2024-01-11-03-00-00.00      100668.218964080064     -360454.032695167523     -114877.246018638063         946.561426401396         270.355142935374         123.148400088739           1.050347519949          -0.000943300584           0.195521324924
2024-01-11-04-00-00.00      104070.969756651204     -359461.333246510010     -114433.229322766885         943.843526501493         281.142425200251         123.526696563713           1.050325577448          -0.002303514790           0.195666444125
2024-01-11-05-00-00.00      107463.804676321946     -358429.822255988489     -113987.860286212410         941.052561556063         291.917188823837         123.899590721458           1.050286890198          -0.003663839399           0.195762778433
2024-01-11-06-00-00.00      110846.460193646606     -357359.543947557686     -113541.159542005742         938.188258521758         302.679901939836         124.266424523401           1.050231453454          -0.005023716123           0.195810244149
2024-01-11-07-00-00.00      114218.671818838979     -356250.540861818823     -113093.150091496180         935.250356863218         313.431031931213         124.626540081943           1.050159266296          -0.006382584866           0.195808751660
2024-01-11-08-00-00.00      117580.174146255740     -355102.853855247900     -112643.857305895508         932.238608270578         324.171047365819         124.979278503053           1.050070331705          -0.007739884256           0.195758205459
2024-01-11-09-00-00.00      120930.700898027499     -353916.522092400468     -112193.308931978550         929.152776441562         334.900419959339         125.323978726733           1.049964656593          -0.009095051055           0.195658504153
2024-01-11-10-00-00.00      124269.984966943419     -352691.583030999114     -111741.535101988906         925.992636924714         345.619626576622         125.659976360970           1.049842251846          -0.010447519564           0.195509540436
2024-01-11-11-00-00.00      127597.758458972792     -351428.072399709432     -111288.568347736014         922.757977036728         356.329151286736         125.986602507836           1.049703132395          -0.011796722156           0.195311201059
2024-01-11-12-00-00.00      130913.752735549773     -350126.024168417498     -110834.443618958612         919.448595829936         367.029487478576         126.303182571267           1.049547317249          -0.013142088676           0.195063366770
2024-01-11-13-00-00.00      134217.698455899372     -348785.470510750485     -110379.198305997343         916.064304143440         377.721140057129         126.609035051276           1.049374829548          -0.014483045837           0.194765912232
2024-01-11-14-00-00.00      137509.325619600160     -347406.441758544301     -109922.872266878301         912.604924700714         388.404627725119         126.903470308254           1.049185696627          -0.015819017734           0.194418705925
2024-01-11-15-00-00.00      140788.363609698514     -345988.966347901092     -109465.507858862402         909.070292292924         399.080485372048         127.185789303786           1.048979950062          -0.017149425230           0.194021610022
2024-01-11-16-00-00.00      144054.541236559191     -344533.070756447793     -109007.149974607877         905.460254009269         409.749266576715         127.455282298638           1.048757625720          -0.018473685324           0.193574480244
2024-01-11-17-00-00.00      147307.586782666971     -343038.779431349598     -108547.846083096170         901.774669564910         420.411546248567         127.711227520551           1.048518763828          -0.019791211644           0.193077165685
2024-01-11-18-00-00.00      150547.228048770165     -341506.114707544446     -108087.646275420120         898.013411680076         431.067923415436         127.952889776332           1.048263409022          -0.021101413795           0.192529508626
2024-01-11-19-00-00.00      153773.192401513021     -339935.096715644526     -107626.603315668661         894.176366549985         441.719024183300         128.179519017295           1.047991610410          -0.022403696694           0.191931344302
2024-01-11-20-00-00.00      156985.206822897046     -338325.743278848357     -107164.772697082808         890.263434381818         452.365504883649         128.390348839547           1.047703421633          -0.023697461023           0.191282500659
2024-01-11-21-00-00.00      160182.997961830843     -336678.069798145560     -106702.212703724901         886.274530034462         463.008055436696         128.584594927385           1.047398900933          -0.024982102525           0.190582798078
2024-01-11-22-00-00.00      163366.292188013293     -334992.089125008730     -106238.984477949038         882.209583728627         473.647402948851         128.761453415278           1.047078111213          -0.026257011293           0.189832049056
2024-01-11-23-00-00.00      166534.815649185912     -333267.811420594109     -105775.152093568264         878.068541863967         484.284315578959         128.920099170073           1.046741120114          -0.027521572155           0.189030057875
2024-01-12-00-00-00.00      169688.294330237579     -331505.244000639825     -105310.782636041840         873.851367939396         494.919606698101         129.059683995010           1.046388000081          -0.028775163914           0.188176620219
2024-01-12-01-00-00.00      172826.454117051006     -329704.391164672328     -104845.946288644744         869.558043572525         505.554139380256         129.179334719386           1.046018828445          -0.030017158554           0.187271522761
2024-01-12-02-00-00.00      175949.020863676764     -327865.254008454154     -104380.716425998675         865.188569653904         516.188831261370         129.278151193468           1.045633687497          -0.031246921552           0.186314542709
2024-01-12-03-00-00.00      179055.720463938953     -325987.830218214483     -103915.169715013166         860.742967620549         526.824659805878         129.355204157069           1.045232664574          -0.032463811018           0.185305447318
2024-01-12-04-00-00.00      182146.278927951498     -324072.113845105807     -103449.386223687106         856.221280881389         537.462668029633         129.409532982355           1.044815852153          -0.033667176811           0.184243993337
2024-01-12-05-00-00.00      185220.422463973489     -322118.095058170904     -102983.449538335655         851.623576392448         548.103970728573         129.440143268164           1.044383347935          -0.034856360728           0.183129926432
2024-01-12-06-00-00.00      188277.877566294221     -320125.759873882460     -102517.446889725674         846.949946410798         558.749761272884         129.446004279779           1.043935254946          -0.036030695532           0.181962980537
2024-01-12-07-00-00.00      191318.371109773405     -318095.089860110194     -102051.469288729844         842.200510441826         569.401319031376         129.426046217494           1.043471681652          -0.037189503920           0.180742877156
2024-01-12-08-00-00.00      194341.630451687466     -316026.061812124273     -101585.611672208499         837.375417381755         580.060017498581         129.379157283402           1.042992742057          -0.038332098570           0.179469324609
2024-01-12-09-00-00.00      197347.383541863092     -313918.647397933411     -101119.973059699856         832.474847922388         590.727333212576         129.304180561637           1.042498555829          -0.039457780994           0.178142017201
2024-01-12-10-00-00.00      200335.359041706950     -311772.812769980577     -100654.656721909196         827.499017183791         601.404855553714         129.199910646807           1.041989248434          -0.040565840325           0.176760634322
2024-01-12-11-00-00.00      203305.286453427398     -309588.518139790162     -100189.770361629198         822.448177659613         612.094297538086         129.065090040052           1.041464951261          -0.041655553152           0.175324839478
2024-01-12-12-00-00.00      206256.896260261099     -307365.717311804590      -99725.426308250753         817.322622467637         622.797507726317         128.898405255991           1.040925801773          -0.042726182148           0.173834279223
2024-01-12-13-00-00.00      209189.920079344040     -305104.357172111399      -99261.741726566222         812.122689005152         633.516483392396         128.698482664833           1.040371943678          -0.043776974596           0.172288582005
2024-01-12-14-00-00.00      212104.090827903070     -302804.377127287851      -98798.838841612625         806.848762949674         644.253385109471         128.463883947866           1.039803527077          -0.044807161944           0.170687356908
2024-01-12-15-00-00.00      214999.142905348039     -300465.708487872209      -98336.845179928685         801.501282791822         655.010552944324         128.193101249892           1.039220708663          -0.045815958112           0.169030192284
2024-01-12-16-00-00.00      217874.812392138090     -298088.273790353502      -97875.893829373555         796.080744858181         665.790524468617         127.884551902836           1.038623651928          -0.046802557666           0.167316654258
2024-01-12-17-00-00.00      220730.837267964147     -295671.986050674284      -97416.123718562216         790.587708944962         676.596054835803         127.536572722542           1.038012527357          -0.047766134973           0.165546285097
2024-01-12-18-00-00.00      223566.957651399949     -293216.747941320122      -96957.679917690664         785.022804638716         687.430139207732         127.147413830686           1.037387512673          -0.048705842063           0.163718601436
2024-01-12-19-00-00.00      226382.916063678887     -290722.450882954814      -96500.713962538299         779.386738419604         698.296037861981         126.715231952526           1.036748793108          -0.049620806305           0.161833092332
2024-01-12-20-00-00.00      229178.457719621423     -288188.974040274217      -96045.384203617010         773.680301659065         709.197304366039         126.238083135833           1.036096561652          -0.050510128994           0.159889217132
2024-01-12-21-00-00.00      231953.330849178892     -285616.183210248477      -95591.856182637159         767.904379655558         720.137817268582         125.713914845920           1.035431019371          -0.051372882582           0.157886403149
2024-01-12-22-00-00.00      234707.287053570093     -283003.929589161940      -95140.303038691578         762.059961865445         731.121815835899         125.140557376026           1.034752375750          -0.052208107632           0.155824043098
2024-01-12-23-00-00.00      237440.081700756768     -280352.048402809130      -94690.905946590225         756.148153494851         742.153940460368         124.515714476283           1.034060849029          -0.053014810596           0.153701492289
2024-01-13-00-00-00.00      240151.474365336413     -277660.357381723123      -94243.854590560848         750.170188743073         753.239278462238         123.836953224148           1.033356666613          -0.053791960114           0.151518065531
2024-01-13-01-00-00.00      242841.229319515871     -274928.655060524878      -93799.347675843193         744.127445864424         764.383416174195         123.101692923837           1.032640065527          -0.054538482917           0.149273033725
2024-01-13-02-00-00.00      245509.116082105029     -272156.718876949337      -93357.593482033582         738.021464464080         775.592498324879         122.307193088882           1.031911292860          -0.055253260401           0.146965620097
2024-01-13-03-00-00.00      248154.910034282861     -269344.303042116750      -92918.810461576155         731.853965369491         786.873295963814         121.450540369859           1.031170606316          -0.055935123540           0.144594996033
2024-01-13-04-00-00.00      250778.393112266815     -266491.136148729885      -92483.227887268018         725.626873533010         798.233284414230         120.528634328473           1.030418274811          -0.056582847210           0.142160276460
2024-01-13-05-00-00.00      253379.354588747345     -263596.918477976869      -92051.086553120695         719.342344582129         809.680733021501         119.538172063363           1.029654579089          -0.057195144922           0.139660514717
2024-01-13-06-00-00.00      255957.591957414901     -260661.318958911143      -91622.639532845205         713.002795652836         821.224808872766         118.475631536482           1.028879812454          -0.057770661624           0.137094696844
2024-01-13-07-00-00.00      258512.911937509780     -257683.971725460520      -91198.153000658727         706.610941400879         832.875697096282         117.337253631986           1.028094281587          -0.058307965552           0.134461735210
2024-01-13-08-00-00.00      261045.131618837651     -254664.472205795726      -90777.907119030409         700.169836200217         844.644740962662         116.119022874323           1.027298307401          -0.058805540096           0.131760461382
2024-01-13-09-00-00.00      263554.079771733028     -251602.372665895993      -90362.196998222586         693.682923874944         856.544605705185         114.816646937218           1.026492226045          -0.059261773234           0.128989618130
2024-01-13-10-00-00.00      266039.598352010769     -248497.177113540529      -89951.333731562132         687.154096508807         868.589470972775         113.425534919099           1.025676390042          -0.059674945429           0.126147850437
2024-01-13-11-00-00.00      268501.544236966118     -245348.335449058970      -89545.645510772345         680.587764455850         880.795257921057         111.940774801044           1.024851169497          -0.060043216809           0.123233695357
2024-01-13-12-00-00.00      270939.791237263416     -242155.236725055584      -89145.478823488113         673.988940046423         893.179898567242         110.357110351577           1.024016953521          -0.060364611052           0.120245570547
2024-01-13-13-00-00.00      273354.232439657557     -238917.201346431917      -88751.199733837348         667.363338311798         905.763656926943         108.668918257424           1.023174151849          -0.060636996651           0.117181761247
2024-01-13-14-00-00.00      275744.782949104614     -235633.472003410134      -88363.195243381371         660.717498885368         918.569514084469         106.870186450321           1.022323196598          -0.060858066139           0.114040405467
2024-01-13-15-00-00.00      278111.383115753473     -232303.203080576874      -87981.874725598755         654.058934571053         931.623632634844         104.954495407590           1.021464544351          -0.061025310364           0.110819477057
2024-01-13-16-00-00.00      280454.002355082135     -228925.448221885337      -87607.671418844082         647.396313616520         944.955920507813         102.915004800638           1.020598678531          -0.061135988089           0.107516766297
2024-01-13-17-00-00.00      282772.643698539410     -225499.145649211598      -87241.043952193620         640.739685053014         958.600720104844         100.744449320979           1.019726112061          -0.061187090943           0.104129857565
2024-01-13-18-00-00.00      285067.349250966217     -222023.100724822696      -86882.477861702035         634.100759522934         972.597656785247          98.435149386199           1.018847390517          -0.061175300124           0.100656103523
2024-01-13-19-00-00.00      287338.206783145841     -218495.965106866613      -86532.487028952703         627.493262281568         986.992691812045          95.979045293083           1.017963095780          -0.061096934188           0.097092595188
2024-01-13-20-00-00.00      289585.357757979480     -214916.211658418644      -86191.614935881909         620.933381076557        1001.839440121436          93.367767852269           1.017073850239          -0.060947886697           0.093436127051
2024-01-13-21-00-00.00      291809.007185059309     -211282.104017177335      -85860.435571301161         614.440340112610        1017.200834738567          90.592765204526           1.016180321812          -0.060723548462           0.089683156284
2024-01-13-22-00-00.00      294009.435831549810     -207591.659386945947      -85539.553736029760         608.037143710213        1033.151249840655          87.645516366701           1.015283229896          -0.060418711393           0.085829754817
2024-01-13-23-00-00.00      296187.015504623996     -203842.602635046758      -85229.604356058102         601.751551271524        1049.779238188810          84.517878570491           1.014383352408          -0.060027449550           0.081871552798
2024-01-14-00-00-00.00      298342.228387944400     -200032.309112449933      -84931.250198374386         595.617372190193        1067.191102175222          81.202642592621           1.013481534362          -0.059542967624           0.077803671649
2024-01-14-01-00-00.00      300475.691802079207     -196157.732665123011      -84645.177044984855         589.676210274584        1085.515612203717          77.694414247722           1.012578698326          -0.058957407480           0.073620644539
2024-01-14-02-00-00.00      302588.190331080172     -192215.313937236468      -84372.084833884132         583.979850776258        1104.910328631336          73.991013907590           1.011675857252          -0.058261599039           0.069316321674
2024-01-14-03-00-00.00      304680.718119457015     -188200.862058131461      -84112.672379680182         578.593583659337        1125.570203371451          70.095711034189           1.010774130605          -0.057444732007           0.064883757487
2024-01-14-04-00-00.00      306754.535470568633     -184109.399797214603      -83867.611787937378         573.600920135536        1147.739481997519          66.020830793817           1.009874764854          -0.056493918341           0.060315076605
2024-01-14-05-00-00.00      308811.245970169432     -179934.957677533996      -83637.506103830237         569.110431659927        1171.728482733333          61.793664071589           1.008979159894          -0.055393599776           0.055601315934
2024-01-14-06-00-00.00      310852.903748140438     -175670.295359263429      -83422.819200280370         565.265908289871        1197.937741610649          57.466346888593           1.008088904026          -0.054124726380           0.050732242172
2024-01-14-07-00-00.00      312882.166148002318     -171306.517114140413      -83223.758651360375         562.261863182401        1226.893554607123          53.132789743198           1.007205821317          -0.052663593923           0.045696149591
2024-01-14-08-00-00.00      314902.516833801463     -166832.529347485251      -83040.076736497911         560.367937573718        1259.301613995048          48.958580564466           1.006332037533          -0.050980156751           0.040479657099
2024-01-14-09-00-00.00      316918.601844153425     -162234.256331428740      -82870.723982184703         559.968687659258        1296.130158979077          45.235775751372           1.005470075499          -0.049035503591           0.035067558206
2024-01-14-10-00-00.00      318936.753737814724     -157493.475404966652      -82713.226020114962         561.631095363005        1338.742557532485          42.487833025603           1.004622998959          -0.046777954365           0.029442863168
2024-01-14-11-00-00.00      320965.842745351081     -152586.036396810174      -82562.515064664854         566.224434577256        1389.114440613960          41.681577911428           1.003794641570          -0.044136788205           0.023587390531
2024-01-14-12-00-00.00      323018.724582828523     -147479.061376971251      -82408.620418668943         575.144060344683        1450.195743573553          44.683784638477           1.002989997018          -0.041011709076           0.017483849292
2024-01-14-13-00-00.00      325114.834768152155     -142126.450037297764      -82231.794790117667         590.751334945744        1526.505222210554          55.323126655004           1.002215942437          -0.037254284491           0.011122030040
2024-01-14-14-00-00.00      327285.090654987143     -136461.764544930367      -81991.371334452459         617.271855973408        1624.966515684849          82.088274043528           1.001482731741          -0.032633711622           0.004516977007
2024-01-14-15-00-00.00      329581.456254527962     -130388.747391827725      -81597.848025821528         662.551782605642        1754.976998662687         145.599177982423           1.000807510746          -0.026772710893          -0.002234882761
2024-01-14-16-00-00.00      332093.787929872575     -123783.155116182315      -80837.734507569781         739.751757500825        1918.829789386503         299.334359402746           1.000223803254          -0.019046020413          -0.008769849087
2024-01-14-17-00-00.00      334952.094965481840     -116611.601249941086      -79197.201573679806         850.441939314585        2040.986064719238         655.945568088682           0.999807258205          -0.008639973640          -0.013875151263
2024-01-14-18-00-00.00      338140.365187302406     -109476.726890063452      -75900.034309583221         895.477695871524        1853.336060357629        1164.047762259331           0.999697549626           0.003975603170          -0.014888882623
2024-01-14-19-00-00.00      341224.888306697831     -103531.319639133828      -71198.968992155220         806.083154562935        1456.061089319076        1386.691452233118           0.999945714988           0.015441498219          -0.010964283353
2024-01-14-20-00-00.00      343935.681794328382      -98820.162759272571      -66194.978634290543         704.052455032400        1187.140538188879        1374.820028655664           1.000424845391           0.024078786431          -0.004735571158
2024-01-14-21-00-00.00      346327.851654181781      -94839.492550736366      -61357.295914270777         629.139301226241        1038.728854687214        1310.724720018686           1.001028837091           0.030531864628           0.002009762333
2024-01-14-22-00-00.00      348489.928205119271      -91266.929197728299      -56756.897160685694         574.672374801304         953.331736371674        1246.240632327896           1.001707841058           0.035538835034           0.008688255660
2024-01-14-23-00-00.00      350480.598121579969      -87936.773488054430      -52373.774975797351         532.901986171878         900.702223933604        1190.358899463394           1.002437302263           0.039559753778           0.015138088210
2024-01-15-00-00-00.00      352336.347672937729      -84760.179887874954      -48175.903873293850         499.132729566263         866.370102868351        1143.117265832941           1.003203213308           0.042872072586           0.021324563577
2024-01-15-01-00-00.00      354080.642098812386      -81685.875405079976      -44134.744158044115         470.638441789221         843.002771949303        1103.035294507093           1.003996561524           0.045650717708           0.027252255807
2024-01-15-02-00-00.00      355729.286674076808      -78682.261930098117      -40227.223763905422         445.782122645406         826.602993954928        1068.651839370128           1.004811024556           0.048011776889           0.032937400747
2024-01-15-03-00-00.00      357293.391443884757      -75728.798876140689      -36435.037796138298         423.535569711562         814.844154039748        1038.788496846106           1.005641885955           0.050035877281           0.038398647118
2024-01-15-04-00-00.00      358781.057395665790      -72811.551742733762      -32743.618558357513         403.224820785062         806.295201789374        1012.538959539746           1.006485466512           0.051781206902           0.043653911960
2024-01-15-05-00-00.00      360198.377408358094      -69920.739273377316      -29141.257315615228         384.391205430877         800.034537483988         989.211362444371           1.007338798888           0.053291127762           0.048719407416
2024-01-15-06-00-00.00      361550.056227896421      -67049.304634017215      -25618.432765647329         366.712295694977         795.445410354909         968.274333501787           1.008199427950           0.054598837025           0.053609464856
2024-01-15-07-00-00.00      362839.809545018186      -64192.042872450802      -22167.311997911285         349.955036162490         792.101504072107         949.315311211857           1.009065281179           0.055730338851           0.058336644971
2024-01-15-08-00-00.00      364070.629751948116      -61345.046258604954      -18781.380667456269         333.946875899715         789.699914039798         932.010020825020           1.009934580672           0.056706406513           0.062911936362
2024-01-15-09-00-00.00      365244.968255535059      -58505.339372801565      -15455.167009051167         318.557371381163         788.020279969561         916.100421864602           1.010805781054           0.057543919935           0.067344966103
2024-01-15-10-00-00.00      366364.863844647130      -55670.631808948485      -12184.033650736777         303.686101749658         786.898984539600         901.378748062648           1.011677524290           0.058256801838           0.071644194160
2024-01-15-11-00-00.00      367432.035165071604      -52839.146210080049       -8964.018668738221         289.254514254676         786.212361439605         887.675862313693           1.012548605960           0.058856687529           0.075817083260
2024-01-15-12-00-00.00      368447.948696466105      -50009.495958303050       -5791.712750574198         275.200288550339         785.865471162201         874.852667714100           1.013417949465           0.059353415787           0.079870243634
2024-01-15-13-00-00.00      369413.869624579966      -47180.596431757273       -2664.163137617528         261.473357841883         785.784419050586         862.793698019094           1.014284585930           0.059755394754           0.083809554994
2024-01-15-14-00-00.00      370330.900525773352      -44351.599467402782         421.202334366040         248.033045550682         785.910986008944         851.402277494934           1.015147638322           0.060069878105           0.087640268882
2024-01-15-15-00-00.00      371200.011207824107      -41521.844190671807        3466.635933713296         234.845969005757         786.198804342214         840.596823585424           1.016006308652           0.060303178289           0.091367094522
2024-01-15-16-00-00.00      372022.062027380161      -38690.819597644288        6474.119012082758         221.884480668388         786.610587525493         830.307991377229           1.016859867559           0.060460832713           0.094994270974
2024-01-15-17-00-00.00      372797.822323436558      -35858.135713538657        9445.401886283842         209.125492587535         787.116092507488         820.476445061874           1.017707645759           0.060547733779           0.098525627941
2024-01-15-18-00-00.00      373527.985144741018      -33023.501102604532       12382.036587181890         196.549578436913         787.690599785411         811.051101719612           1.018549026905           0.060568233463           0.101964637217
2024-01-15-19-00-00.00      374213.179129926604      -30186.705144186410       15285.403961514814         184.140279468994         788.313765304931         801.987734414065           1.019383441581           0.060526227584           0.105314456392
2024-01-15-20-00-00.00      374853.978175603377      -27347.603929941961       18156.736264057330         171.883562319206         788.968742959924         793.247851681382           1.020210362263           0.060425223257           0.108577966125
2024-01-15-21-00-00.00      375450.909367893182      -24506.108942533163       20997.136117416892         159.767391196781         789.641506832427         784.797791296845           1.021029298971           0.060268395102           0.111757802083
2024-01-15-22-00-00.00      376004.459537753719      -21662.177893261789       23807.592523690430         147.781387258942         790.320322461986         776.607981895011           1.021839795553           0.060058631722           0.114856382409
2024-01-15-23-00-00.00      376515.080715997319      -18815.807251227332       26588.994465544674         135.916555094471         790.995330652118         768.652337034643           1.022641426485           0.059798573332           0.117875931444
2024-01-16-00-00-00.00      376983.194701473636      -15967.026109748034       29342.142522996557         124.165061389249         791.658217014136         760.907754723960           1.023433794070           0.059490644223           0.120818500307
2024-01-16-01-00-00.00      377409.196908948477      -13115.891118151259       32067.758845752327         112.520054491189         792.301947615676         753.353701370504           1.024216525985           0.059137080158           0.123685984796
2024-01-16-02-00-00.00      377793.459627953416      -10262.482269364757       34766.495755111988         100.975516340207         792.920555868958         745.971863981560           1.024989273157           0.058739950566           0.126480141036
2024-01-16-03-00-00.00      378136.334796664771       -7406.899379285293       37438.943196717104          89.526140169958         793.508969633372         738.745857733215           1.025751707855           0.058301178408           0.129202599187
2024-01-16-04-00-00.00      378438.156374146580       -4549.259129510137       40085.635224968340          78.167228915349         794.062869967662         731.660978887179           1.026503522004           0.057822557241           0.131854875512
2024-01-16-05-00-00.00      378699.242377977294       -1689.692571317246       42707.055667011948          66.894610336486         794.578575119120         724.703994933970           1.027244425709           0.057305764862           0.134438383012
2024-01-16-06-00-00.00      378919.896641670493        1171.656990190734       45303.643088559496          55.704565752389         795.052944648064         717.862965576069           1.027974145909           0.056752376082           0.136954440845
2024-01-16-07-00-00.00      379100.410336208064        4034.635797176356       47875.795162675051          44.593769900872         795.483299817230         711.127089313660           1.028692425172           0.056163873849           0.139404282685
2024-01-16-08-00-00.00      379241.063292122330        6899.081177892554       50423.872526063853          33.559239965772         795.867357107714         704.486571461799           1.029399020635           0.055541657908           0.141789064157
2024-01-16-09-00-00.00      379342.125152076187        9764.822866428998       52948.202193293095          22.598292171241         796.203172514376         697.932510103264           1.030093703020           0.054887053361           0.144109869473
2024-01-16-10-00-00.00      379403.856378945755       12631.684137899570       55449.080588729514          11.708504689424         796.489094573735         691.456797235553           1.030776255751           0.054201318222           0.146367717371
2024-01-16-11-00-00.00      379426.509140064940       15499.482788266698       57926.776246153233           0.887685803206         796.723724674778         685.052032725353           1.031446474163           0.053485649027           0.148563566427
2024-01-16-12-00-00.00      379410.328085077170       18368.031982217235       60381.532218895758          -9.866153505380         796.905883323228         678.711449200937           1.032104164776           0.052741186795           0.150698319842
2024-01-16-13-00-00.00      379355.551031977695       21237.140988905598       62813.568236754276         -20.554823250213         797.034581413949         672.428846247869           1.032749144615           0.051969022342           0.152772829743
2024-01-16-14-00-00.00      379262.409573678218       24106.615821985593       65223.082640747751         -31.179974982079         797.108995639903         666.198532600825           1.033381240622           0.051170199964           0.154787901065
2024-01-16-15-00-00.00      379131.129615585436       26976.259797489100       67610.254122473940         -41.743119657410         797.128447396268         660.015275197769           1.034000289091           0.050345721728           0.156744295059
2024-01-16-16-00-00.00      378961.931853025453       29845.874021366060       69975.243290900049         -52.245643228661         797.092384622864         653.874254156045           1.034606135148           0.049496551334           0.158642732474
2024-01-16-17-00-00.00      378755.032196190441       32715.257816009369       72318.194086624499         -62.688820283427         797.000366116954         647.771022882014           1.035198632294           0.048623616543           0.160483896431
2024-01-16-18-00-00.00      378510.642149026797       35584.209094411031       74639.235060640203         -73.073826013323         796.852047960942         641.701472627090           1.035777641961           0.047727812357           0.162268435047
2024-01-16-19-00-00.00      378228.969147718628       38452.524688639984       76938.480532692178         -83.401746742008         796.647171737308         635.661800923329           1.036343033108           0.046810003924           0.163996963813
2024-01-16-20-00-00.00      377910.216863546404       41320.000638788173       79216.031642205766         -93.673589210612         796.385554278257         629.648483402787           1.036894681856           0.045871028110           0.165670067764
2024-01-16-21-00-00.00      377554.585474315798       44186.432447389263       81471.977303234351        -103.890288784544         796.067078720853         623.658248583708           1.037432471135           0.044911695938           0.167288303458
2024-01-16-22-00-00.00      377162.271907953953       47051.615303754130       83706.395073411244        -114.052716726368         795.691686695493         617.688055257150           1.037956290365           0.043932794828           0.168852200787
2024-01-16-23-00-00.00      376733.470061427972       49915.344281959209       85919.351945707560        -124.161686655335         795.259371489155         611.735072163645           1.038466035156           0.042935089592           0.170362264621
2024-01-17-00-00-00.00      376268.370997720747       52777.414515754295       88110.905070741908        -134.217960293920         794.770172038338         605.796659693098           1.038961607027           0.041919324348           0.171818976329
2024-01-17-01-00-00.00      375767.163123233244       55637.621353284965       90281.102416472379        -144.222252596483         794.224167660899         599.870353367575           1.039442913148           0.040886224307           0.173222795162
2024-01-17-02-00-00.00      375230.032347781642       58495.760493813468       92429.983371366790        -154.175236334633         793.621473418924         593.953848908245           1.039909866095           0.039836496353           0.174574159523
2024-01-17-03-00-00.00      374657.162228894362       61351.628108995261       94557.579296352080        -164.077546203917         792.962236026123         588.044988707015           1.040362383618           0.038770830596           0.175873488132
2024-01-17-04-00-00.00      374048.734102144488       64205.020950137645       96663.914030381449        -173.929782518615         792.246630256853         582.141749544904           1.040800388431           0.037689901827           0.177121181102
2024-01-17-05-00-00.00      373404.927198809804       67055.736443457412       98749.004353812852        -183.732514528695         791.474855744768         576.242231427872           1.041223808008           0.036594369813           0.178317620916
2024-01-17-06-00-00.00      372725.918752254453       69903.572774290617      100812.860413433591        -193.486283428950         790.647134203170         570.344647409978           1.041632574394           0.035484880583           0.179463173335
2024-01-17-07-00-00.00      372011.884093926754       72748.328962126034      102855.486112460363        -203.191605063895         789.763706915101         564.447314311080           1.042026624029           0.034362067647           0.180558188232
2024-01-17-08-00-00.00      371262.996740123606       75589.804927010642      104876.879468591200        -212.848972397980         788.824832568430         558.548644224251           1.042405897577           0.033226552082           0.181603000350
2024-01-17-09-00-00.00      370479.428470286832       78427.801548600823      106877.032942787686        -222.458857750167         787.830785310222         552.647136740937           1.042770339768           0.032078943627           0.182597930010
2024-01-17-10-00-00.00      369661.349397570244       81262.120718758466      108855.933741244255        -232.021714840068         786.781853059346         546.741371814386           1.043119899253           0.030919841730           0.183543283757
2024-01-17-11-00-00.00      368808.928032386058       84092.565388384159      110813.564092719724        -241.537980644986         785.678335983438         540.830003201704           1.043454528458           0.029749835478           0.184439354954
2024-01-17-12-00-00.00      367922.331339580356       86918.939609022389      112749.901503212677        -251.008077122236         784.520545215788         534.911752423838           1.043774183448           0.028569504554           0.185286424324
2024-01-17-13-00-00.00      367001.724789613450       89741.048570272585      114664.918989750047        -260.432412774125         783.308801679036         528.985403194125           1.044078823813           0.027379420159           0.186084760461
2024-01-17-14-00-00.00      366047.272404330026       92558.698633189546      116558.585294918143        -269.811384103370         782.043435085932         523.049796268125           1.044368412534           0.026180144826           0.186834620280
2024-01-17-15-00-00.00      365059.136797824176       95371.697360145583      118430.865083400175        -279.145376963012         780.724783069966         517.103824675263           1.044642915876           0.024972233273           0.187536249443
2024-01-17-16-00-00.00      364037.479212294973       98179.853542250698      120281.719122280861        -288.434767805409         779.353190416275         511.146429289974           1.044902303286           0.023756233236           0.188189882746
2024-01-17-17-00-00.00      362982.459549885825      100982.977223694514      122111.104445667414        -297.679924862586         777.929008426450         505.176594716468           1.045146547283           0.022532685193           0.188795744466
2024-01-17-18-00-00.00      361894.236400250986      103780.879724203114      123918.974505156133        -306.881209246250         776.452594356721         499.193345449665           1.045375623361           0.021302123150           0.189354048686
2024-01-17-19-00-00.00      360772.967064265453      106573.373659686767      125705.279306917975        -316.038975998653         774.924310973613         493.195742290656           1.045589509912           0.020065075393           0.189864999586
2024-01-17-20-00-00.00      359618.807574104227      109360.272961300710      127469.965536283606        -325.153575080095         773.344526164519         487.182878987078           1.045788188122           0.018822064164           0.190328791702
2024-01-17-21-00-00.00      358431.912709767930      112141.392893438984      129212.976670630043        -334.225352325821         771.713612658094         481.153879082336           1.045971641892           0.017573606379           0.190745610164
2024-01-17-22-00-00.00      357212.436012326973      114916.550070623081      130934.253081238989        -343.254650354161         770.031947788305         475.107892946983           1.046139857777           0.016320214338           0.191115630913
2024-01-17-23-00-00.00      355960.529793871741      117685.562473860220      132633.732124796108        -352.241809454311         768.299913349301         469.044094979725           1.046292824889           0.015062395353           0.191439020884
2024-01-18-00-00-00.00      354676.345144356252      120448.249466487003      134311.348225074471        -361.187168444445         766.517895500007         462.961680956180           1.046430534834           0.013800652430           0.191715938172
2024-01-18-01-00-00.00      353360.031935388048      123204.431809777438      135967.032945316081        -370.091065511956         764.686284728467         456.859865510935           1.046552981662           0.012535484939           0.191946532183
2024-01-18-02-00-00.00      352011.738820947648      125953.931678671375      137600.715051798470        -378.953839052952         762.805475895611         450.737879743718           1.046660161779           0.011267388213           0.192130943746
2024-01-18-03-00-00.00      350631.613235203899      128696.572677529854      139212.320568929194        -387.775828490983         760.875868300792         444.594968923532           1.046752073900           0.009996854205           0.192269305227
2024-01-18-04-00-00.00      349219.801387301006      131432.179856397852      140801.772826281260        -396.557375108487         758.897865825744         438.430390290757           1.046828719002           0.008724372132           0.192361740611
2024-01-18-05-00-00.00      347776.448253174778      134160.579727808479      142368.992497848201        -405.298822878024         756.871877116633         432.243410935720           1.046890100250           0.007450428054           0.192408365564
2024-01-18-06-00-00.00      346301.697564354166      136881.600284339540      143913.897633791261        -414.000519311114         754.798315827515         426.033305749153           1.046936222959           0.006175505520           0.192409287483
2024-01-18-07-00-00.00      344795.691793653823      139595.071017185139      145436.403684926336        -422.662816320836         752.677600907515         419.799355427744           1.046967094559           0.004900086190           0.192364605528
2024-01-18-08-00-00.00      343258.572137757146      142300.822935779346      146936.423520100303        -431.286071109472         750.510156942401         413.540844528823           1.046982724525           0.003624649414           0.192274410629
2024-01-18-09-00-00.00      341690.478496527299      144998.688588797784      148413.867436650879        -439.870647084885         748.296414548821         407.257059563045           1.046983124345           0.002349672861           0.192138785482
2024-01-18-10-00-00.00      340091.549448971869      147688.502086649678      149868.643164047331        -448.416914809811         746.036810819635         400.947287115186           1.046968307504           0.001075633144           0.191957804527
2024-01-18-11-00-00.00      338461.922225714719      150370.099125680950      151300.655860807718        -456.925252992410         743.731789826501         394.610811986059           1.046938289412          -0.000196994605           0.191731533905
2024-01-18-12-00-00.00      336801.732677821012      153043.317014287080      152709.808104751457        -465.396049521765         741.381803177100         388.246915344960           1.046893087388          -0.001467736101           0.191460031400
2024-01-18-13-00-00.00      335111.115241812018      155707.994701121352      154095.999876598537        -473.829702553847         738.987310627342         381.854872882837           1.046832720641          -0.002736117281           0.191143346367
2024-01-18-14-00-00.00      333390.202900647069      158363.972805642057      155459.128536926233        -482.226621660789         736.548780759777         375.433952961743           1.046757210218          -0.004001664717           0.190781519632
2024-01-18-15-00-00.00      331639.127140477358      161011.093651171919      156799.088796414144        -490.587229042795         734.066691717049         368.983414744299           1.046666578984          -0.005263904974           0.190374583380
2024-01-18-16-00-00.00      329858.017902878346      163649.201300752145      158115.772679332527        -498.911960817669         731.541532004233         362.502506298711           1.046560851624          -0.006522363968           0.189922561030
2024-01-18-17-00-00.00      328047.003532299655      166278.141595994355      159409.069480139995        -507.201268393843         728.973801358446         355.990462666888           1.046440054583          -0.007776567366           0.189425467077
2024-01-18-18-00-00.00      326206.210718417191      168897.762199176621      160678.865713033854        -515.455619938506         726.364011692984         349.446503887322           1.046304216066          -0.009026039917           0.188883306925
2024-01-18-19-00-00.00      324335.764432984579      171507.912638919719      161925.045054315386        -523.675501950028         723.712688119653         342.869832960959           1.046153366039          -0.010270304798           0.188296076698
2024-01-18-20-00-00.00      322435.787860868091      174108.444359628891      163147.488277263939        -531.861420946001         721.020370054693         336.259633750081           1.045987536182          -0.011508883970           0.187663763021
2024-01-18-21-00-00.00      320506.402324719937      176699.210775153333      164346.073179369909        -540.013905279861         718.287612416865         329.615068799273           1.045806759890          -0.012741297493           0.186986342790
2024-01-18-22-00-00.00      318547.727202909067      179280.067326872988      165520.674501515517        -548.133507098177         715.514986922319         322.935277066296           1.045611072292          -0.013967062824           0.186263782912
2024-01-18-23-00-00.00      316559.879840093025      181850.871546678274      166671.163838846900        -556.220804455386         712.703083487528         316.219371552098           1.045400510198          -0.015185695145           0.185496040018
2024-01-19-00-00-00.00      314542.975449911493      184411.483125160186      167797.409542864072        -564.276403598821         709.852511743818         309.466436813273           1.045175112116          -0.016396706623           0.184683060156
2024-01-19-01-00-00.00      312497.127009072166      186961.763985521015      168899.276614377915        -572.300941444869         706.963902677185         302.675526344495           1.044934918277          -0.017599605665           0.183824778454
2024-01-19-02-00-00.00      310422.445142184326      189501.578363589040      169976.626586745144        -580.295088266840         704.037910403289         295.845659815729           1.044679970585          -0.018793897183           0.182921118747
2024-01-19-03-00-00.00      308319.037996486994      192030.792894499609      171029.317398884246        -588.259550616831         701.075214089149         288.975820145735           1.044410312650          -0.019979081803           0.181971993182
2024-01-19-04-00-00.00      306187.011105658486      194549.276706494769      172057.203257371846        -596.195074502574         698.076520029187         282.064950387709           1.044125989813          -0.021154655045           0.180977301787
2024-01-19-05-00-00.00      304026.467241409875      197056.901522899425      173060.134487247182        -604.102448862803         695.042563909965         275.111950420560           1.043827049110          -0.022320107512           0.179936931997
2024-01-19-06-00-00.00      301837.506252519030      199553.541771824617      174037.957369966607        -611.982509347087         691.974113244340         268.115673398852           1.043513539310          -0.023474924018           0.178850758149
2024-01-19-07-00-00.00      299620.224889156059      202039.074705721956      174990.513968611340        -619.836142464563         688.871970034798         261.074921960286           1.043185510946          -0.024618582680           0.177718640938
2024-01-19-08-00-00.00      297374.716611735581      204513.380530659924      175917.641938791203        -627.664290127220         685.736973664381         253.988444152106           1.042843016296          -0.025750555001           0.176540426814
2024-01-19-09-00-00.00      295101.071382661874      206976.342546444153      176819.174324289692        -635.467954632339         682.570004040670         246.854929041985           1.042486109419          -0.026870304886           0.175315947350
2024-01-19-10-00-00.00      292799.375439246884      209427.847298581299      177694.939336315903        -643.248204140697         679.371985025516         239.673001986021           1.042114846206          -0.027977287614           0.174045018544
2024-01-19-11-00-00.00      290469.711045917880      211867.784743160533      178544.760115061683        -651.006178704599         676.143888177036         232.441219510438           1.041729284362          -0.029070949780           0.172727440066
2024-01-19-12-00-00.00      288112.156223630998      214296.048425820743      179368.454472083133        -658.743096918143         672.886736843670         225.158063773614           1.041329483456          -0.030150728163           0.171362994452
2024-01-19-13-00-00.00      285726.784454105247      216712.535676153959      180165.834611932893        -666.460263263558         669.601610647094         217.821936559431           1.040915504985          -0.031216048532           0.169951446223
2024-01-19-14-00-00.00      283313.664356310153      219117.147818940779      180936.706831127434        -674.159076221994         666.289650382473         210.431152722774           1.040487412359          -0.032266325400           0.168492540932
2024-01-19-15-00-00.00      280872.859332099324      221509.790403968189      181680.871192634862        -681.841037281803         662.952063415237         202.983933075884           1.040045270969          -0.033300960684           0.166986004134
2024-01-19-16-00-00.00      278404.427177738748      223890.373456158501      182398.121173490799        -689.507760926275         659.590129603162         195.478396602760           1.039589148261          -0.034319342287           0.165431540274
2024-01-19-17-00-00.00      275908.419657460938      226258.811748110602      183088.243283155287        -697.160985752306         656.205207825667         187.912551955634           1.039119113734          -0.035320843594           0.163828831465
2024-01-19-18-00-00.00      273384.882034812064      228615.025097288191      183751.016649714962        -704.802586846587         652.798743175605         180.284288109737           1.038635239019          -0.036304821853           0.162177536176
2024-01-19-19-00-00.00      270833.852556762809      230958.938690539682      184386.212571032753        -712.434589631722         649.372274926953         172.591364138678           1.038137597970          -0.037270616434           0.160477287801
2024-01-19-20-00-00.00      268255.361885271326      233290.483438655181      184993.594026969513        -720.059185335849         645.927445339588         164.831397924369           1.037626266671          -0.038217547977           0.158727693096
2024-01-19-21-00-00.00      265649.432469663152      235609.596364470286      185572.915149196691        -727.678748357365         642.466009442069         157.001853732976           1.037101323540          -0.039144916373           0.156928330480
2024-01-19-22-00-00.00      263016.077852790710      237916.221028049069      186123.920643874910        -735.295855782868         638.989845909057         149.100028491973           1.036562849425          -0.040051998582           0.155078748183
2024-01-19-23-00-00.00      260355.301902598876      240210.307993213995      186646.345162308775        -742.913309368999         635.500969178705         141.123036587664           1.036010927640          -0.040938047276           0.153178462218
2024-01-20-00-00-00.00      257667.097959514707      242491.815340218891      187139.912614023837        -750.534160376915         632.001542992256         133.067793019656           1.035445644073          -0.041802288256           0.151226954166
2024-01-20-01-00-00.00      254951.447888683993      244760.709230001172      187604.335415861162        -758.161737684957         628.493895548293         124.930994668222           1.034867087318          -0.042643917641           0.149223668746
2024-01-20-02-00-00.00      252208.321024327364      247016.964526246156      188039.313669875904        -765.799679712909         624.980536513513         116.709099448815           1.034275348715          -0.043462099778           0.147168011143
2024-01-20-03-00-00.00      249437.672991407424      249260.565482433885      188444.534261949535        -773.451970752353         621.464176154584         108.398303018347           1.033670522494          -0.044255963848           0.145059344085
2024-01-20-04-00-00.00      246639.444387469877      251491.506502066070      188819.669871682534        -781.122982460064         617.947746925268          99.994512742996           1.033052705922          -0.045024600116           0.142896984610
2024-01-20-05-00-00.00      243813.559304583003      253709.792981565755      189164.377882944740        -788.817521371975         614.434427880918          91.493318496942           1.032421999372          -0.045767056781           0.140680200497
2024-01-20-06-00-00.00      240959.923667782859      255915.442246845370      189478.299183054012        -796.540883496406         610.927672375858          82.889959848038           1.031778506490          -0.046482335357           0.138408206333
2024-01-20-07-00-00.00      238078.423362418165      258108.484596269991      189761.056836430129        -804.298917236711         607.431239574221          74.179289057953           1.031122334373          -0.047169385528           0.136080159147
2024-01-20-08-00-00.00      235168.922117720795      260288.964464872639      190012.254616600520        -812.098096206862         603.949230424239          65.355729342832           1.030453593671          -0.047827100378           0.133695153558
2024-01-20-09-00-00.00      232231.259107686725      262456.941727236961      190231.475378356845        -819.945603756767         600.486128850343          56.413227539890           1.029772398780          -0.048454309908           0.131252216383
2024-01-20-10-00-00.00      229265.246223266702      264612.493159421952      190418.279248087871        -827.849431522348         597.046849096164          47.345200405249           1.029078868061          -0.049049773723           0.128750300619
2024-01-20-11-00-00.00      226270.664960408234      266755.714084036066      190572.201607847703        -835.818494767845         593.636790329286          38.144473429457           1.028373123972          -0.049612173736           0.126188278710
2024-01-20-12-00-00.00      223247.262857592665      268886.720226950420      190692.750843829243        -843.862767996126         590.261899867016          28.803211003198           1.027655293305          -0.050140104732           0.123564935000
2024-01-20-13-00-00.00      220194.749402396672      271005.649819577637      190779.405825704191        -851.993445094975         586.928746677837          19.312836392453           1.026925507446          -0.050632063584           0.120878957245
2024-01-20-14-00-00.00      217112.791309483699      273112.665987238870      190831.613077005255        -860.223129409634         583.644607195011           9.663939838263           1.026183902547          -0.051086437864           0.118128927037
2024-01-20-15-00-00.00      214001.007050591783      275207.959472306597      190848.783590148378        -868.566060487848         580.417565953396          -0.153827349442           1.025430619814          -0.051501491544           0.115313308971
2024-01-20-16-00-00.00      210858.960489694582      277291.751750896918      190830.289231294853        -877.038386066422         577.256634171245         -10.151875214616           1.024665805809          -0.051875348432           0.112430438359
2024-01-20-17-00-00.00      207686.153441582952      279364.298614475061      190775.458670320368        -885.658490234447         574.171890181744         -20.342817146923           1.023889612681          -0.052205973831           0.109478507221
2024-01-20-18-00-00.00      204482.016927380871      281425.894303531386      190683.572759026138        -894.447391872934         571.174646620229         -30.740635010947           1.023102198498          -0.052491151894           0.106455548286
2024-01-20-19-00-00.00      201245.900842527742      283476.876300404780      190553.859266703716        -903.429231627353         568.277650598472         -41.360871906443           1.022303727607          -0.052728458904           0.103359416633
2024-01-20-20-00-00.00      197977.061677396880      285517.630913711153      190385.486864353297        -912.631871368214         565.495324808938         -52.220857787521           1.021494370916          -0.052915232563           0.100187768542
2024-01-20-21-00-00.00      194674.647831311711      287548.599819355179      190177.558228099748        -922.087637787451         562.844059786794         -63.339974338810           1.020674306279          -0.053048534115           0.096938037035
2024-01-20-22-00-00.00      191337.681928696024      289570.287765140645      189929.102107071638        -931.834252421737         560.342570590215         -74.739966697479           1.019843718909          -0.053125102785           0.093607403473
2024-01-20-23-00-00.00      187965.039368609898      291583.271700648125      189639.064171621168        -941.916005219803         558.012335268591         -86.445311116867           1.019002801698          -0.053141301507           0.090192764395
2024-01-21-00-00-00.00      184555.422097866423      293588.211666216201      189306.296421504492        -952.385249739580         555.878138022560         -98.483649015137           1.018151755651          -0.053093049394           0.086690692664
2024-01-21-01-00-00.00      181107.326265971031      295585.863870180794      188929.544894307212        -963.304328080645         553.968747653929        -110.886299535941           1.017290790315          -0.052975738440           0.083097391694
2024-01-21-02-00-00.00      177619.001957358181      297577.096511868061      188507.435368032136        -974.748077353148         552.317772426876        -123.688863268302           1.016420124126          -0.052784130762           0.079408641269
2024-01-21-03-00-00.00      174088.402541378106      299562.909080950718      188038.456707198115        -986.807134067526         550.964747445464        -136.931929830898           1.015539984827          -0.052512228057           0.075619733115
2024-01-21-04-00-00.00      170513.120238630596      301544.456101589079      187520.941460703558        -999.592350040422         549.956531598369        -150.661897812028           1.014650609885          -0.052153105406           0.071725393912
2024-01-21-05-00-00.00      166890.303124376864      303523.076618103485      186953.043305413303       -1013.240782584604         549.349121380765        -164.931905494180           1.013752246794          -0.051698697965           0.067719692935
2024-01-21-06-00-00.00      163216.546735036332      305500.331178886874      186332.710973495006       -1027.923955592619         549.210032476337        -179.802845953279           1.012845153460          -0.051139520802           0.063595930889
2024-01-21-07-00-00.00      159487.750315024983      307478.048725397501      185657.658482172352       -1043.859463265330         549.621463344854        -195.344385585004           1.011929598620          -0.050464296851           0.059346505910
2024-01-21-08-00-00.00      155698.922865417611      309458.386720556475      184925.331958739291       -1061.327605958565         550.684547697484        -211.635789288075           1.011005862304          -0.049659455145           0.054962752299
2024-01-21-09-00-00.00      151843.916359872906      311443.909182177391      184132.874452715070       -1080.695793682238         552.525136609621        -228.766107161456           1.010074236755          -0.048708438122           0.050434747898
2024-01-21-10-00-00.00      147915.050667112402      313437.689195982297      183277.092568404827       -1102.455281428551         555.301740157839        -246.832742952982           1.009135028314          -0.047590725850           0.045751088261
2024-01-21-11-00-00.00      143902.572933994175      315443.445179331873      182354.434125131724       -1127.278109745330         559.216504812073        -265.936240709731           1.008188561443          -0.046280427470           0.040898633160
2024-01-21-12-00-00.00      139793.855842094345      317465.723789330281      181360.998037781712       -1156.108348069894         564.530351238028        -286.166416482931           1.007235188045          -0.044744185623           0.035862250900
2024-01-21-13-00-00.00      135572.168949345651      319510.146528703917      180292.625118707365       -1190.313944483292         571.583359330481        -307.568466463425           1.006275308951          -0.042937955717           0.030624638088
2024-01-21-14-00-00.00      131214.723089489242      321583.739139844780      179145.184416865173       -1231.950507260546         580.820002908854        -330.061202638636           1.005309424508          -0.040801863064           0.025166429481
2024-01-21-15-00-00.00      126689.419049884789      323695.351260706375      177915.336987159215       -1284.241872196900         592.811400203176        -353.234724033523           1.004338258436          -0.038251615273           0.019467185705
2024-01-21-16-00-00.00      121949.169942060253      325856.101989896793      176602.515635172895       -1352.500108655830         608.235257626962        -375.822116914962           1.003363077269          -0.035163426063           0.013508926253
2024-01-21-17-00-00.00      116921.466124284023      328079.461377439264      175214.222357988474       -1445.958070118885         627.640211968546        -394.206801268273           1.002386579189          -0.031346101901           0.007287267031
2024-01-21-18-00-00.00      111488.481300625674      330379.128414034727      173781.251332726184       -1581.341303849599         650.210402741592        -397.766856880359           1.001415633689          -0.026487192358           0.000847001050
2024-01-21-19-00-00.00      105451.382140891044      332756.041439385386      172405.660894552100       -1787.298722618925         667.762218686672        -353.040160102284           1.000470833827          -0.020053842553          -0.005596205166
2024-01-21-20-00-00.00       98508.356026512862      335134.538161807868      171415.961815343733       -2080.328261368726         638.253274115115        -156.758381308243           0.999622520755          -0.011216404873          -0.011228983758
2024-01-21-21-00-00.00       90592.232481110186      337159.823608693667      171645.549311569717       -2258.512707588977         455.496322240365         323.989259124999           0.999083817734           0.000302335637          -0.013741002437
2024-01-21-22-00-00.00       82785.991938949301      338330.689245639252      173653.402509360079       -2030.400547791622         209.028233767582         734.747098967266           0.999096514884           0.011734592157          -0.011184526752
2024-01-21-23-00-00.00       76026.990080895557      338819.920006429136      176558.656350329285       -1739.096276577424          81.187855425297         845.455638592424           0.999528172440           0.020513455500          -0.005697963454
2024-01-22-00-00-00.00       70143.266544033933      339002.993273945001      179606.975401325297       -1544.416619252437          27.891604988189         839.239085717908           1.000162330813           0.026992171000           0.000542875222
2024-01-22-01-00-00.00       64824.188402570690      339054.138653221191      182569.705381414708       -1419.329844796183           3.350375739901         804.942796440179           1.000896215224           0.031954471406           0.006786806810
2024-01-22-02-00-00.00       59876.068362751161      339040.421004738891      185397.946656987886       -1334.707852158249          -9.788173053056         766.323767002952           1.001685850076           0.035901469177           0.012828054860
2024-01-22-03-00-00.00       55185.568156575551      338989.442063221359      188089.428293840145       -1274.256879939725         -17.999689502335         729.402768384385           1.002509854941           0.039130224374           0.018620053985
2024-01-22-04-00-00.00       50683.233451662702      338913.491715004784      190653.307356445293       -1229.080008921670         -23.943573313933         695.496405219628           1.003356342613           0.041824548578           0.024163827442
2024-01-22-05-00-00.00       46324.059713897528      338818.312245839392      193100.649427275610       -1194.077169926995         -28.815250062886         664.620022923417           1.004217953136           0.044104582566           0.029474404523
2024-01-22-06-00-00.00       42077.420569847338      338706.606902693049      195441.819877795817       -1166.157882422314         -33.190596450943         636.449514655217           1.005089736226           0.046052788184           0.034569934993
2024-01-22-07-00-00.00       37921.610895766862      338579.580980152474      197685.879702532577       -1143.353199051028         -37.360698115524         610.608404452358           1.005968143678           0.047728134939           0.039468061044
2024-01-22-08-00-00.00       33840.727136574911      338437.671886872326      199840.579426242155       -1124.353660439591         -41.476839736061         586.751576583262           1.006850503890           0.049174253111           0.044184795226
2024-01-22-09-00-00.00       29822.792326955867      338280.916116247128      201912.516740120598       -1108.256104106278         -45.618096384319         564.584485815585           1.007734726280           0.050424355315           0.048734298868
2024-01-22-10-00-00.00       25858.578596737283      338109.142244380258      203907.319569532759       -1094.418021383639         -49.824794345661         543.862023115890           1.008619124284           0.051504338165           0.053128979065
2024-01-22-11-00-00.00       21940.839063028143      337922.075843241822      205829.812535847886       -1082.370076532266         -54.115904126589         524.381754497708           1.009502303655           0.052434810770           0.057379684162
2024-01-22-12-00-00.00       18063.790053108038      337719.397759755258      207684.157023994718       -1071.761526614845         -58.498444557438         505.976451053881           1.010383088780           0.053232466434           0.061495913882
2024-01-22-13-00-00.00       14222.751990836014      337500.776807003655      209473.965606376965       -1062.325015399072         -62.972728977960         488.507430108219           1.011260472198           0.053911036326           0.065486013687
2024-01-22-14-00-00.00       10413.894059550421      337265.888015926292      211202.394539761241       -1053.853190069579         -67.535363296890         471.859041417606           1.012133578898           0.054481968141           0.069357344361
2024-01-22-15-00-00.00        6634.048646310817      337014.422565921675      212872.218404610816       -1046.182764144766         -72.180988975704         455.934235912301           1.013001640317           0.054954920991           0.073116426166
2024-01-22-16-00-00.00        2880.573870683162      336746.092852578964      214485.890487783559       -1039.183403737280         -76.903306606643         440.651045852337           1.013863974951           0.055338132803           0.076769060003
2024-01-22-17-00-00.00        -848.750024200242      336460.634694825218      216045.591863276903       -1032.749817431884         -81.695678192756         425.939797255995           1.014719973595           0.055638696794           0.080320428810
2024-01-22-18-00-00.00       -4555.799965843009      336157.807864117960      217553.271516844863       -1026.796022257601         -86.551478446732         411.740898679557           1.015569087868           0.055862774201           0.083775182419
2024-01-22-19-00-00.00       -8242.171580241782      335837.395643813303      219010.679354795982       -1021.251117985617         -91.464294780745         398.003080310357           1.016410821152           0.056015759661           0.087137508703
2024-01-22-20-00-00.00      -11909.227531869325      335499.203847672441      220419.393531809590       -1016.056126146472         -96.428035367546         384.681984284556           1.017244721350           0.056102410448           0.090411193431
2024-01-22-21-00-00.00      -15558.135933725494      335143.059558620560      221780.843217490154       -1011.161593220147        -101.436981191492         371.739029368839           1.018070374983           0.056126950123           0.093599670808
2024-01-22-22-00-00.00      -19189.901182617825      334768.809746009181      223096.327679734444       -1006.525750603612        -106.485804258177         359.140491197386           1.018887402350           0.056093151921           0.096706066348
2024-01-22-23-00-00.00      -22805.388947289135      334376.319857134833      224367.032374089671       -1002.113085939225        -111.569565536456         346.856752282595           1.019695453516           0.056004405521           0.099733233392
2024-01-23-00-00-00.00      -26405.346593434810      333965.472439069476      225594.042585435265        -997.893222205835        -116.683701221703         334.861686871115           1.020494204935           0.055863772538           0.102683784357
2024-01-23-01-00-00.00      -29990.420011892758      333536.165822774579      226778.355055625638        -993.840029795694        -121.824002606201         323.132153320223           1.021283356598           0.055674032349           0.105560117586
2024-01-23-02-00-00.00      -33561.167585229894      333088.312885954860      227920.887944777816        -989.930916883116        -126.986592870505         311.647572786765           1.022062629613           0.055437719295           0.108364440527
2024-01-23-03-00-00.00      -37118.071858117088      332621.839901782630      229022.489405754081        -986.146257584200        -132.167902852254         300.389577656348           1.022831764111           0.055157154647           0.111098789814
2024-01-23-04-00-00.00      -40661.549350496556      332136.685474829457      230083.944998208404        -982.468927635295        -137.364647003013         289.341716546855           1.023590517443           0.054834473576           0.113765048743
2024-01-23-05-00-00.00      -44191.958857319441      331632.799561933847      231105.984127006581        -978.883924639559        -142.573800295880         278.489205641005           1.024338662621           0.054471647099           0.116364962527
2024-01-23-06-00-00.00      -47709.608506661221      331110.142574020021      232089.285655682994        -975.378055446907        -147.792576431660         267.818717935623           1.025075986945           0.054070501628           0.118900151674
2024-01-23-07-00-00.00      -51214.761792399666      330568.684553600149      233034.482819703873        -971.939677148910        -153.018407575390         257.318203919306           1.025802290793           0.053632735746           0.121372123749
2024-01-23-08-00-00.00      -54707.642755031011      330008.404422459134      233942.167542277311        -968.558481274050        -158.248925648513         246.976738228140           1.026517386573           0.053159933745           0.123782283753
2024-01-23-09-00-00.00      -58188.440450697497      329429.289293845475      234812.894238465582        -965.225312955986        -163.481945185082         236.784388044130           1.027221097772           0.052653578178           0.126131943311
2024-01-23-10-00-00.00      -61657.312822314751      328831.333843689878      235647.183179173269        -961.932018643841        -168.715447669948         226.732099656328           1.027913258120           0.052115060804           0.128422328832
2024-01-23-11-00-00.00      -65114.390065951287      328214.539735658036      236445.523475087801        -958.671317211866        -173.947567277478         216.811600332035           1.028593710844           0.051545691216           0.130654588770
2024-01-23-12-00-00.00      -68559.777569046695      327578.915095180506      237208.375731275795        -955.436690373751        -179.176577905801         207.015313117816           1.029262308002           0.050946705256           0.132829800108
2024-01-23-13-00-00.00      -71993.558483834582      326924.474027988908      237936.174415327754        -952.222289111655        -184.400881398192         197.336282600507           1.029918909867           0.050319272447           0.134948974169
2024-01-23-14-00-00.00      -75415.795988556754      326251.236179038591      238629.329975642526        -949.022853428758        -189.618996856784         187.768110040691           1.030563384400           0.049664501627           0.137013061818
2024-01-23-15-00-00.00      -78826.535280805605      325559.226328224468      239288.230740430794        -945.833643314907        -194.829550925469         178.304896427056           1.031195606746           0.048983446806           0.139022958149
2024-01-23-16-00-00.00      -82225.805339128667      324848.474019207293      239913.244625320833        -942.650379038772        -200.031268992358         168.941192496382           1.031815458793           0.048277112393           0.140979506713
2024-01-23-17-00-00.00      -85613.620484987521      324119.013218678825      240504.720670940296        -939.469189442115        -205.222967172925         159.671954549090           1.032422828768           0.047546456939           0.142883503327
2024-01-23-18-00-00.00      -88989.981770655417      323370.882003013277      241062.990431407583        -936.286566923310        -210.403545036093         150.492505426605           1.033017610865           0.046792397347           0.144735699531
2024-01-23-19-00-00.00      -92354.878215776786      322604.122269951040      241588.369230270735        -933.099328170384        -215.571978980271         141.398499876371           1.033599704909           0.046015812676           0.146536805724
2024-01-23-20-00-00.00      -95708.287911534411      321818.779473027447      242081.157298928243        -929.904579778642        -220.727316204350         132.385893770643           1.034169016049           0.045217546634           0.148287494001
2024-01-23-21-00-00.00      -99050.179008902924      321014.902376752580      242541.640810248879        -926.699688076680        -225.868669209762         123.450916656350           1.034725454473           0.044398410711           0.149988400755
2024-01-23-22-00-00.00     -102380.510604735595      320192.542830659484      242970.092819004174        -923.482252551792        -230.995210787445         114.590047245025           1.035268935150           0.043559187022           0.151640129030
2024-01-23-23-00-00.00     -105699.233538192537      319351.755560658465      243366.774118447123        -920.250082411162        -236.106169435308         105.799991440542           1.035799377589           0.042700629967           0.153243250684
2024-01-24-00-00-00.00     -109006.291107558340      318492.597976125719      243731.934022186440        -917.001175830703        -241.200825171533          97.077662632759           1.036316705623           0.041823468622           0.154798308358
2024-01-24-01-00-00.00     -112301.619716780580      317615.129991436843      244065.811078625207        -913.733701556002        -246.278505701240          88.420163962989           1.036820847200           0.040928408932           0.156305817285
2024-01-24-02-00-00.00     -115585.149459500331      316719.413860705507      244368.633724807733        -910.445982545788        -251.338582904513          79.824772338341           1.037311734200           0.040016134795           0.157766266944
2024-01-24-03-00-00.00     -118856.804647482073      315805.514024634496      244640.620885556476        -907.136481398269        -256.380469615051          71.288923993635           1.037789302259           0.039087309932           0.159180122583
2024-01-24-04-00-00.00     -122116.504289477569      314873.496968483785      244881.982523123064        -903.803787340809        -261.403616661766          62.810201422715           1.038253490607           0.038142579627           0.160547826619
2024-01-24-05-00-00.00     -125364.162525737236      313923.431090250844      245092.920142061193        -900.446604597853        -266.407510149306          54.386321521363           1.038704241919           0.037182571404           0.161869799917
2024-01-24-06-00-00.00     -128599.689022882667      312955.386578245496      245273.627253384475        -897.063741954537        -271.391668955348          46.015124823573           1.039141502178           0.036207896533           0.163146442984
2024-01-24-07-00-00.00     -131822.989333226054      311969.435297310469      245424.289801694365        -893.654103391638        -276.355642424479          37.694565696334           1.039565220541           0.035219151440           0.164378137057
2024-01-24-08-00-00.00     -135033.965221946914      310965.650683024607      245545.086558719020        -890.216679664954        -281.299008242600          29.422703394385           1.039975349222           0.034216918095           0.165565245110
2024-01-24-09-00-00.00     -138232.514965656825      309944.107643249328      245636.189485920273        -886.750540713593        -286.221370474196          21.197693888484           1.040371843378           0.033201765250           0.166708112787
2024-01-24-10-00-00.00     -141418.533624889096      308904.882466474024      245697.764069031284        -883.254828801305        -291.122357748865          13.017782389364           1.040754661006           0.032174249621           0.167807069265
2024-01-24-11-00-00.00     -144591.913293145190      307848.052736435435      245729.969626782520        -879.728752337826        -296.001621586505           4.881296472741           1.041123762840           0.031134916051           0.168862428043
2024-01-24-12-00-00.00     -147752.543324760452      306773.697252542246      245732.959595902619        -876.171580255260        -300.858834844799          -3.213360215576           1.041479112264           0.030084298566           0.169874487678
2024-01-24-13-00-00.00     -150900.310543482221      305681.895955675514      245706.881794378569        -872.582636944931        -305.693690285813         -11.267713782997           1.041820675227           0.029022921374           0.170843532475
2024-01-24-14-00-00.00     -154035.099433726398      304572.729858950537      245651.878664541815        -868.961297629968        -310.505899243880         -19.283225439269           1.042148420157           0.027951298877           0.171769833104
2024-01-24-15-00-00.00     -157156.792315783445      303446.280983129342      245568.087497745262        -865.306984198268        -315.295190397255         -27.261296467865           1.042462317889           0.026869936579           0.172653647189
2024-01-24-16-00-00.00     -160265.269507065299      302302.632296219468      245455.640641588718        -861.619161354363        -320.061308617617         -35.203272792840           1.042762341596           0.025779331959           0.173495219851
2024-01-24-17-00-00.00     -163360.409469698498      301141.867657153809      245314.665691577393        -857.897333183723        -324.804013916236         -43.110449262949           1.043048466718           0.024679974363           0.174294784198
2024-01-24-18-00-00.00     -166442.088946618314      299964.071763059881      245145.285667707853        -854.141039971662        -329.523080455352         -50.984073604120           1.043320670901           0.023572345809           0.175052561794
2024-01-24-19-00-00.00     -169510.183086540521      298769.330100002408      244947.619177425047        -850.349855315612        -334.218295633088         -58.825350113797           1.043578933944           0.022456921757           0.175768763083
2024-01-24-20-00-00.00     -172564.565559134586      297557.728896869521      244721.780565633526        -846.523383489563        -338.889459232757         -66.635443115104           1.043823237733           0.021334170920           0.176443587783
2024-01-24-21-00-00.00     -175605.108661061910      296329.355082205264      244467.880052755732        -842.661257037708        -343.536382634895         -74.415480191820           1.044053566197           0.020204555981           0.177077225249
2024-01-24-22-00-00.00     -178631.683413609688      295084.296243855439      244186.023861477268        -838.763134555537        -348.158888078380         -82.166555219920           1.044269905260           0.019068534298           0.177669854810
2024-01-24-23-00-00.00     -181644.159652904083      293822.640591070347      243876.314332865149        -834.828698683025        -352.756807982551         -89.889731234309           1.044472242787           0.017926557642           0.178221646075
2024-01-25-00-00-00.00     -184642.406113033358      292544.476919028210      243538.850032513641        -830.857654246748        -357.329984312196         -97.586043126109           1.044660568546           0.016779072858           0.178732759218
2024-01-25-01-00-00.00     -187626.290502842196      291249.894575536135      243173.725847203430        -826.849726568416        -361.878267991957        -105.256500204048           1.044834874173           0.015626522515           0.179203345234
2024-01-25-02-00-00.00     -190595.679576822353      289938.983429781743      242781.033072613907        -822.804659903207        -366.401518360574        -112.902088622089           1.044995153121           0.014469344593           0.179633546179
2024-01-25-03-00-00.00     -193550.439200828754      288611.833842911175      242360.859492392396        -818.722216033084        -370.899602673843        -120.523773706712           1.045141400630           0.013307973101           0.180023495383
2024-01-25-04-00-00.00     -196490.434412598639      287268.536640432547      241913.289449218370        -814.602172944047        -375.372395635430        -128.122502164258           1.045273613698           0.012142838683           0.180373317645
2024-01-25-05-00-00.00     -199415.529478021752      285909.183086146950      241438.403907917498        -810.444323642457        -379.819778973249        -135.699204214691           1.045391791042           0.010974368273           0.180683129409
2024-01-25-06-00-00.00     -202325.587943149236      284533.864857601293      240936.280511133751        -806.248475049685        -384.241641042764        -143.254795635906           1.045495933065           0.009802985681           0.180953038917
2024-01-25-07-00-00.00     -205220.472682563239      283142.674022846390      240406.993627686868        -802.014447019018        -388.637876474260        -150.790179753771           1.045586041844           0.008629112165           0.181183146353
2024-01-25-08-00-00.00     -208100.045944134356      281735.703018494474      239850.614393977623        -797.742071400005        -393.008385837045        -158.306249357127           1.045662121082           0.007453166065           0.181373543960
2024-01-25-09-00-00.00     -210964.169390747498      280313.044628858566      239267.210748500336        -793.431191211383        -397.353075345200        -165.803888578018           1.045724176097           0.006275563362           0.181524316144
2024-01-25-10-00-00.00     -213812.704139080277      278874.791966137593      238656.847459705023        -789.081659870415        -401.671856585971        -173.283974725850           1.045772213798           0.005096718235           0.181635539569
2024-01-25-11-00-00.00     -216645.510795833368      277421.038451483706      238019.586147272115        -784.693340508515        -405.964646284925        -180.747380098875           1.045806242659           0.003917042678           0.181707283222
2024-01-25-12-00-00.00     -219462.449491424195      275951.877796946908      237355.485296980274        -780.266105322883        -410.231366087212        -188.194973763830           1.045826272697           0.002736947043           0.181739608470
2024-01-25-13-00-00.00     -222263.379911695170      274467.403988050355      236664.600269098271        -775.799835015323        -414.471942379119        -195.627623333659           1.045832315466           0.001556840583           0.181732569110
2024-01-25-14-00-00.00     -225048.161327509035      272967.711267044302      235946.983300464577        -771.294418268802        -418.686306129519        -203.046196733436           1.045824384025           0.000377131066           0.181686211386
2024-01-25-15-00-00.00     -227816.652622663969      271452.894116631243      235202.683500164072        -766.749751286966        -422.874392763846        -210.451563973335           1.045802492925          -0.000801774693           0.181600574007
2024-01-25-16-00-00.00     -230568.712320193445      269923.047244117653      234431.746838822204        -762.165737377976        -427.036142063202        -217.844598930696           1.045766658210          -0.001979470289           0.181475688144
2024-01-25-17-00-00.00     -233304.198607275437      268378.265565867710      233634.216131445311        -757.542286592009        -431.171498094753        -225.226181152785           1.045716897382          -0.003155550120           0.181311577406
2024-01-25-18-00-00.00     -236022.969358919421      266818.644191956380      232810.131013724749        -752.879315398184        -435.280409167069        -232.597197684916           1.045653229401          -0.004329608850           0.181108257815
2024-01-25-19-00-00.00     -238724.882160565758      265244.278410932864      231959.527911700483        -748.176746412640        -439.362827818674        -239.958544935753           1.045575674682          -0.005501240863           0.180865737756
2024-01-25-20-00-00.00     -241409.794329754426      263655.263674591726      231082.440004636446        -743.434508166892        -443.418710835589        -247.311130586006           1.045484255068          -0.006670040654           0.180584017911
2024-01-25-21-00-00.00     -244077.562937124720      262051.695582564862      230178.897180916480        -738.652534908047        -447.448019293577        -254.655875549287           1.045378993833          -0.007835602277           0.180263091186
2024-01-25-22-00-00.00     -246728.044826648955      260433.669866781856      229248.925986790564        -733.830766459750        -451.450718646709        -261.993715999738           1.045259915686          -0.008997518797           0.179902942614
2024-01-25-23-00-00.00     -249361.096635521564      258801.282375494135      228292.549567677110        -728.969148096114        -455.426778833001        -269.325605468874           1.045127046743          -0.010155382663           0.179503549244
2024-01-26-00-00-00.00     -251976.574813631887      257154.629056874604      227309.787601774413        -724.067630480030        -459.376174433696        -276.652517031142           1.044980414538          -0.011308785140           0.179064880018
2024-01-26-01-00-00.00     -254574.335642869584      255493.805941986240      226300.656225634593        -719.126169617076        -463.298884856121        -283.975445581791           1.044820048031          -0.012457315746           0.178586895625
2024-01-26-02-00-00.00     -257154.235256389278      253818.909126976796      225265.167951342301        -714.144726864207        -467.194894569004        -291.295410225377           1.044645977586          -0.013600562598           0.178069548343
2024-01-26-03-00-00.00     -259716.129657907994      252130.034754397435      224203.331574887736        -709.123268973301        -471.064193380024        -298.613456783848           1.044458234981          -0.014738111824           0.177512781851
2024-01-26-04-00-00.00     -262259.874741284118      250427.278993397573      223115.152075267455        -704.061768171696        -474.906776758979        -305.930660439186           1.044256853427          -0.015869546974           0.176916531041
2024-01-26-05-00-00.00     -264785.326310425531      248710.738018689619      222000.630503811350        -698.960202295507        -478.722646222014        -313.248128525805           1.044041867543          -0.016994449327           0.176280721791
2024-01-26-06-00-00.00     -267292.340099798166      246980.507987996680      220859.763863160682        -693.818554944468        -482.511809755604        -320.567003487671           1.043813313382          -0.018112397281           0.175605270728
2024-01-26-07-00-00.00     -269780.771795519278      245236.685017905111      219692.544975278957        -688.636815711146        -486.274282325694        -327.888466019505           1.043571228444          -0.019222965708           0.174890084963
2024-01-26-08-00-00.00     -272250.477057411161      243479.365157723427      218498.962337795791        -683.414980428613        -490.010086431386        -335.213738410388           1.043315651666          -0.020325726239           0.174135061809
2024-01-26-09-00-00.00     -274701.311541957897      241708.644361282961      217278.999967911077        -678.153051493523        -493.719252754399        -342.544088111274           1.043046623444          -0.021420246584           0.173340088466
2024-01-26-10-00-00.00     -277133.130926522019      239924.618456252880      216032.637232990703        -672.851038212543        -497.401820865659        -349.880831550863           1.042764185661          -0.022506089857           0.172505041688
2024-01-26-11-00-00.00     -279545.790935409197      238127.383110307826      214759.848667112266        -667.508957229520        -501.057840041898        -357.225338231528           1.042468381678          -0.023582814783           0.171629787413
2024-01-26-12-00-00.00     -281939.147366352845      236317.033795259573      213460.603771966504        -662.126833001933        -504.687370178111        -364.579035114973           1.042159256361          -0.024649974971           0.170714180370
2024-01-26-13-00-00.00     -284313.056120137393      234493.665746552608      212134.866801741824        -656.704698337085        -508.290482802638        -371.943411358674           1.041836856125          -0.025707118157           0.169758063655
2024-01-26-14-00-00.00     -286667.373231599224      232657.373919479316      210782.596530119539        -651.242595008093        -511.867262228252        -379.320023414869           1.041501228921          -0.026753786342           0.168761268263
2024-01-26-15-00-00.00     -289001.954903083853      230808.252940918057      209403.745998216735        -645.740574428968        -515.417806825712        -386.710500543744           1.041152424280          -0.027789514974           0.167723612594
2024-01-26-16-00-00.00     -291316.657540532760      228946.397056163871      207998.262241884775        -640.198698432763        -518.942230470996        -394.116550778161           1.040790493358          -0.028813832105           0.166644901916
2024-01-26-17-00-00.00     -293611.337792526640      227071.900070251082      206566.085996642709        -634.617040124552        -522.440664150162        -401.539967394107           1.040415488938          -0.029826258420           0.165524927780
2024-01-26-18-00-00.00     -295885.852592533629      225184.855283190525      205107.151378329057        -628.995684846439        -525.913257770218        -408.982635936362           1.040027465480          -0.030826306312           0.164363467398
2024-01-26-19-00-00.00     -298140.059204848891      223285.355418290710      203621.385537361813        -623.334731239243        -529.360182173476        -416.446541867033           1.039626479179          -0.031813478908           0.163160282966
2024-01-26-20-00-00.00     -300373.815274588473      221373.492542774271      202108.708284253225        -617.634292442867        -532.781631413867        -423.933778898814           1.039212587973          -0.032787269967           0.161915120930
2024-01-26-21-00-00.00     -302586.978882268595      219449.357979688153      200569.031683775305        -611.894497423206        -536.177825300419        -431.446558097796           1.038785851610          -0.033747162801           0.160627711202
2024-01-26-22-00-00.00     -304779.408603340387      217513.042210194719      199002.259614821640        -606.115492453199        -539.549012257761        -438.987217840472           1.038346331715          -0.034692629134           0.159297766306
2024-01-26-23-00-00.00     -306950.963573424029      215564.634764869668      197408.287292749039        -600.297442758634        -542.895472537151        -446.558234729164           1.037894091815          -0.035623128817           0.157924980455
2024-01-27-00-00-00.00     -309101.503559844277      213604.224102678912      195787.000750552106        -594.440534366855        -546.217521847571        -454.162235572442           1.037429197418          -0.036538108541           0.156509028556
2024-01-27-01-00-00.00     -311230.889040077571      211631.897476198355      194138.276274752949        -588.544976155658        -549.515515434858        -461.802010568943           1.036951716097          -0.037437000473           0.155049565126
2024-01-27-02-00-00.00     -313338.981288100767      209647.740781114670      192461.979791479942        -582.611002147553        -552.789852693532        -469.480527837202           1.036461717532          -0.038319221714           0.153546223125
2024-01-27-03-00-00.00     -315425.642469448154      207651.838388087606      190757.966197561909        -576.638874081734        -556.040982390057        -477.200949457581           1.035959273609          -0.039184172737           0.151998612684
2024-01-27-04-00-00.00     -317490.735746068531      205644.272954595130      189026.078630855685        -570.628884291272        -559.269408575554        -484.966649223800           1.035444458524          -0.040031235707           0.150406319724
2024-01-27-05-00-00.00     -319534.125392172718      203625.125214073603      187266.147673271946        -564.581358937386        -562.475697303291        -492.781232320913           1.034917348846          -0.040859773592           0.148768904456
2024-01-27-06-00-00.00     -321555.676922433544      201594.473739253910      185477.990479113563        -558.496661646884        -565.660484269179        -500.648557186268           1.034378023639          -0.041669128204           0.147085899750
2024-01-27-07-00-00.00     -323555.257234092860      199552.394676116644      183661.409820351342        -552.375197611590        -568.824483520308        -508.572759847698           1.033826564598          -0.042458618092           0.145356809349
2024-01-27-08-00-00.00     -325532.734764759254      197498.961444321554      181816.193039317470        -546.217418222159        -571.968497407974        -516.558281076879           1.033263056137          -0.043227537150           0.143581105930
2024-01-27-09-00-00.00     -327487.979667965148      195434.244399273681      179942.110897992563        -540.023826312332        -575.093427982311        -524.609896756933           1.032687585544          -0.043975152113           0.141758228975
2024-01-27-10-00-00.00     -329420.864008878591      193358.310450158315      178038.916311539302        -533.794982108233        -578.200290068888        -532.732751927165           1.032100243155          -0.044700699819           0.139887582447
2024-01-27-11-00-00.00     -331331.261982796714      191271.222627560521      176106.342951788567        -527.531510006769        -581.290226333210        -540.932399032695           1.031501122475          -0.045403385113           0.137968532238
2024-01-27-12-00-00.00     -333219.050159783743      189173.039592680434      174144.103704579640        -521.234106302834        -584.364524657959        -549.214841025297           1.030890320385          -0.046082377536           0.136000403363
2024-01-27-13-00-00.00     -335084.107759075006      187063.815079211083      172151.888962109922        -514.903548032091        -587.424638258931        -557.586580053456           1.030267937354          -0.046736807681           0.133982476881
2024-01-27-14-00-00.00     -336926.316957569623      184943.597257183486      170129.364728608372        -508.540703129556        -590.472209055722        -566.054672610534           1.029634077625          -0.047365764051           0.131913986486
2024-01-27-15-00-00.00     -338745.563237637281      182812.428005869180      168076.170514354337        -502.146542117439        -593.509094879271        -574.626792202399           1.028988849474          -0.047968288557           0.129794114755
2024-01-27-16-00-00.00     -340541.735780166113      180670.342080734757      165991.916988735029        -495.722151618970        -596.537401285510        -583.311300755362           1.028332365493          -0.048543371514           0.127621988987
2024-01-27-17-00-00.00     -342314.727910016081      178517.366156289965      163876.183358285925        -489.268750043715        -599.559518895115        -592.117330235002           1.027664742851          -0.049089946911           0.125396676583
2024-01-27-18-00-00.00     -344064.437602480350      176353.517722887336      161728.514429934730        -482.787705832581        -602.578167334329        -601.054876287713           1.026986103638          -0.049606886107           0.123117179914
2024-01-27-19-00-00.00     -345790.768060800212      174178.803811394377      159548.417312371923        -476.280558805200        -605.596447215844        -610.134906002871           1.026296575248          -0.050092990700           0.120782430600
2024-01-27-20-00-00.00     -347493.628376993176      171993.219513812248      157335.357700182067        -469.749045216966        -608.617901847399        -619.369482415404           1.025596290744          -0.050546985356           0.118391283109
2024-01-27-21-00-00.00     -349172.934290768346      169796.746260973974      155088.755675090972        -463.195127310847        -611.646590829444        -628.771908901597           1.024885389335          -0.050967508622           0.115942507592
2024-01-27-22-00-00.00     -350828.609064296877      167589.349810002168      152807.980945835821        -456.621028351340        -614.687178279973        -638.356897302238           1.024164016903          -0.051353102434           0.113434781823
2024-01-27-23-00-00.00     -352460.584494773124      165370.977882791136      150492.347433123650        -450.029274337855        -617.745039074304        -648.140764568380           1.023432326534          -0.051702200958           0.110866682121
2024-01-28-00-00-00.00     -354068.802091449790      163141.557383155683      148141.107086745207        -443.422743966322        -620.826387520170        -658.141663769162           1.022690479191          -0.052013116700           0.108236673082
2024-01-28-01-00-00.00     -355653.214450227038      160900.991102216067      145753.442798413453        -436.804728800315        -623.938434079480        -668.379856790684           1.021938644468          -0.052284024399           0.105543095933
2024-01-28-02-00-00.00     -357213.786866956914      158649.153798417363      143328.460244480433        -430.179006168053        -627.089577394272        -678.878037923711           1.021177001392          -0.052512943146           0.102784155275
2024-01-28-03-00-00.00     -358750.499240851088      156385.887508862856      140865.178455202142        -423.549928076294        -630.289641159592        -689.661719860419           1.020405739410          -0.052697714393           0.099957903943
2024-01-28-04-00-00.00     -360263.348332994035      154110.995909039892      138362.518860500160        -416.922530388941        -633.550168312620        -700.759696841094           1.019625059524          -0.052835976034           0.097062225638
2024-01-28-05-00-00.00     -361752.350462597329      151824.237486038037      135819.292502114142        -410.302667896813        -636.884789170821        -712.204603757871           1.018835175549          -0.052925132551           0.094094814944
2024-01-28-06-00-00.00     -363217.544746968546      149525.317220969038      133234.185024792794        -403.697182746343        -640.309685814433        -724.033595521013           1.018036315651          -0.052962318305           0.091053154215
2024-01-28-07-00-00.00     -364658.997022424068      147213.876382533432      130605.738959038281        -397.114116271020        -643.844182976991        -736.289178309054           1.017228724161          -0.052944353407           0.087934486751
2024-01-28-08-00-00.00     -366076.804625765828      144889.479905387358      127932.332677558254        -390.562977862610        -647.511506942015        -749.020234312265           1.016412663672          -0.052867691118           0.084735785509
2024-01-28-09-00-00.00     -367471.102273565484      142551.600650569831      125212.155234089209        -384.055089673501        -651.339770179879        -762.283295071053           1.015588417629          -0.052728352521           0.081453716443
2024-01-28-10-00-00.00     -368842.069356725900      140199.599597519293      122443.176063194347        -377.604033337277        -655.363263019872        -776.144137303343           1.014756293477          -0.052521845983           0.078084595340
2024-01-28-11-00-00.00     -370189.939080398821      137832.700665703218      119623.108209373939        -371.226235733278        -659.624168521072        -790.679801452907           1.013916626470          -0.052243067810           0.074624336753
2024-01-28-12-00-00.00     -371515.010039649962      135449.958357954165      116749.363329443571        -364.941747052488        -664.174869428956        -805.981170073652           1.013069784497          -0.051886176181           0.071068393294
2024-01-28-13-00-00.00     -372817.661054248223      133050.215674422594      113818.996129487743        -358.775288947372        -669.081096721834        -822.156296605788           1.012216174196          -0.051444430737           0.067411683126
2024-01-28-14-00-00.00     -374098.370429281087      130632.048637790023      110828.635080850465        -352.757688692743        -674.426295988546        -839.334751827353           1.011356248769          -0.050909986756           0.063648502994
2024-01-28-15-00-00.00     -375357.741325873940      128193.692079547138      107774.395107653050        -346.927875569378        -680.317790701314        -857.673368734436           1.010490518327          -0.050273625006           0.059772423596
2024-01-28-16-00-00.00     -376596.535722319095      125732.938702909218      104651.766284787635        -341.335713658278        -686.895655265060        -877.363934499318           1.009619563768          -0.049524393142           0.055776163474
2024-01-28-17-00-00.00     -377815.720701444661      123246.999226630796      101455.470187173312        -336.046108573665        -694.345774984008        -898.643630397630           1.008744055809          -0.048649122151           0.051651437287
2024-01-28-18-00-00.00     -379016.532833911362      120732.304492310795       98179.272010618006        -331.145106445922        -702.919554526196        -921.809400709882           1.007864781961          -0.047631758970           0.047388774598
2024-01-28-19-00-00.00     -380200.569823203143      118184.218678086007       94815.731373080780        -326.749202535353        -712.964514820646        -947.238002788808           1.006982685853          -0.046452426358           0.042977307448
2024-01-28-20-00-00.00     -381369.924445384182      115596.612129857036       91355.866983362634        -323.019998081737        -724.973360492742        -975.414325300735           1.006098926582          -0.045086065361           0.038404531957
2024-01-28-21-00-00.00     -382527.386351311987      112961.204568472735       87788.699102298953        -320.188117800986        -739.665667265583       -1006.971685487600           1.005214972192          -0.043500414486           0.033656068035
2024-01-28-22-00-00.00     -383676.757057139126      110266.517087899294       84100.618239724630        -318.593882161669        -758.129915646839       -1042.748923397733           1.004332753864          -0.041652900409           0.028715490795
2024-01-28-23-00-00.00     -384823.362382347113      107496.125197638816       80274.511283012514        -318.759852757842        -782.083326557263       -1083.868421108111           1.003454934808          -0.039485663842           0.023564437703
2024-01-29-00-00-00.00     -385974.927671117126      104625.591426100393       76288.574744632904        -321.527550313422        -814.376390535078       -1131.828648441352           1.002585411279          -0.036917229139           0.018183552781
2024-01-29-01-00-00.00     -387143.160308585560      101616.735091467883       72114.842816944321        -328.331591511892        -860.042796173711       -1188.549109315993           1.001730323357          -0.033827809812           0.012555870797
2024-01-29-02-00-00.00     -388346.802546206163       98406.117098423711       67718.039493832475        -341.785499850795        -928.658992951780       -1256.040260877482           1.000900301780          -0.030031887507           0.006677554419
2024-01-29-03-00-00.00     -389617.910627806850       94879.973743260765       63058.292615629092        -366.982725757102       -1040.023726064710       -1334.055400928359           1.000116084260          -0.025224589771           0.000592602966
2024-01-29-04-00-00.00     -391014.974701423314       90816.513335033917       58116.397969261743        -414.001316875858       -1237.405997256275       -1407.058649482053           0.999424487935          -0.018880398974          -0.005485892125
2024-01-29-05-00-00.00     -392641.551980204938       85774.569606800345       53037.834375931445        -495.442604321095       -1595.619795508225       -1379.431011242338           0.998946365476          -0.010168747082          -0.010734597278
2024-01-29-06-00-00.00     -394574.908525080420       79230.302405365044       48647.191379691219        -564.588231427738       -2006.768226575672        -982.015957693753           0.998949861422           0.001135731449          -0.012758315011
2024-01-29-07-00-00.00     -396551.014854238019       71875.421804041122       46163.584368130854        -517.404730218535       -2008.051506182760        -433.839868688085           0.999563527404           0.012038539445          -0.009700822778
2024-01-29-08-00-00.00     -398269.005851030000       64993.824957902412       45154.301242646063        -439.361609026101       -1812.670735580009        -168.756001547460           1.000476199708           0.020125380300          -0.003978673874
2024-01-29-09-00-00.00     -399739.661153718713       58779.545381880162       44753.428782563984        -381.019580857013       -1648.285908377769         -70.084045087669           1.001465712982           0.025962381525           0.002302034764
2024-01-29-10-00-00.00     -401031.837804119161       53070.553758158858       44576.940091599383        -338.960537641597       -1529.838569515661         -34.114728434874           1.002466583596           0.030364435968           0.008492391097
2024-01-29-11-00-00.00     -402192.020585004590       47726.835913696072       44478.826036011538        -306.863370136507       -1443.122290700943         -22.977852983345           1.003461298139           0.033820002953           0.014435811359
2024-01-29-12-00-00.00     -403248.587382402620       42655.251659902417       44398.828451232061        -280.930121231861       -1377.229843017180         -22.641471425670           1.004444934616           0.036611534274           0.020108328655
2024-01-29-13-00-00.00     -404219.494633208436       37794.029454653413       44309.900533880733        -259.005934934341       -1325.380127730337         -27.322329852082           1.005416185635           0.038911688599           0.025522151147
2024-01-29-14-00-00.00     -405116.699059385050       33100.772482453496       44199.282749736027        -239.821262267790       -1283.364111026958         -34.398417573118           1.006374850909           0.040832533695           0.030698290459
2024-01-29-15-00-00.00     -405948.541096145345       28545.283083872564       44060.915105484906        -222.589919511196       -1248.481126742661         -42.591181888546           1.007321058376           0.042450647806           0.035658306605
2024-01-29-16-00-00.00     -406721.072035790072       24105.329500653890       43892.085905304499        -206.801876768405       -1218.931924309130         -51.243903269513           1.008255006889           0.043820622678           0.040421884904
2024-01-29-17-00-00.00     -407438.829102733172       19764.076330499200       43691.831670575099        -192.112603753626       -1193.475105000335         -60.007828787273           1.009176881695           0.044982755566           0.045006309287
2024-01-29-18-00-00.00     -408105.309572004015       15508.467281012785       43460.124989708318        -178.281182160902       -1171.227253872570         -68.694997933481           1.010086830408           0.045967665252           0.049426554750
2024-01-29-19-00-00.00     -408723.273042505083       11328.170715509053       43197.442323129239        -165.134097975970       -1151.542540594301         -77.204870257161           1.010984960401           0.046799189108           0.053695559331
2024-01-29-20-00-00.00     -409294.941237218212        7214.869708784040       42904.525644399590        -152.543174971946       -1133.937636871300         -85.485874190304           1.011871343326           0.047496271953           0.057824521711
2024-01-29-21-00-00.00     -409822.134278532874        3161.770205377586       42582.247600676877        -140.411630603017       -1118.043367905268         -93.514421250509           1.012746021321           0.048074240314           0.061823173282
2024-01-29-22-00-00.00     -410306.366209622123        -836.748435244555       42231.534047922694        -128.664978698058       -1103.572662692779        -101.283070500516           1.013609013020           0.048545686691           0.065700011346
2024-01-29-23-00-00.00     -410748.913568844204       -4785.387331687160       41853.319346625125        -117.244924791688       -1090.298749096087        -108.793677337137           1.014460318790           0.048921097859           0.069462493733
2024-01-30-00-00-00.00     -411150.865664947312       -8688.116230824466       41448.520803375905        -106.105166270524       -1078.039969661272        -116.053347904251           1.015299924995           0.049209312483           0.073117199489
2024-01-30-01-00-00.00     -411513.162128551805      -12548.315416841551       41018.024495845399         -95.208438278238       -1066.648985102510        -123.072016723929           1.016127807421           0.049417860464           0.076669961180
2024-01-30-02-00-00.00     -411836.621428438346      -16368.884443143663       40562.677941039881         -84.524394329826       -1056.004952307511        -129.860985287069           1.016943934037           0.049553218094           0.080125973942
2024-01-30-03-00-00.00     -412121.962849983538      -20152.326631057182       40083.286895576995         -74.028058559002       -1046.007760803296        -136.432040112471           1.017748267116           0.049621004219           0.083489885656
2024-01-30-04-00-00.00     -412369.823661983537      -23900.815579926191       39580.614640891574         -63.698677165398       -1036.573720464112        -142.796925536105           1.018540764908           0.049626132650           0.086765871860
2024-01-30-05-00-00.00     -412580.772687857214      -27616.248127377959       39055.382740631016         -53.518853674729       -1027.632289921930        -148.967035826320           1.019321382984           0.049572931190           0.089957698281
2024-01-30-06-00-00.00     -412755.321152287186      -31300.286966228512       38508.272641009586         -43.473889226533       -1019.123562831001        -154.953243945132           1.020090075240           0.049465237058           0.093068773309
2024-01-30-07-00-00.00     -412893.931437157444      -34954.395269224558       37939.927722338529         -33.551273193760       -1010.996313918631        -160.765815489026           1.020846794682           0.049306473619           0.096102192268
2024-01-30-08-00-00.00     -412997.024214541598      -38579.865069145977       37350.955557605907         -23.740285525501       -1003.206463911194        -166.414375483861           1.021591494072           0.049099711805           0.099060774957
2024-01-30-09-00-00.00     -413064.984306418162      -42177.840709437376       36741.930227311386         -14.031683139578        -995.715861646645        -171.907907633111           1.022324126391           0.048847721146           0.101947097644
2024-01-30-10-00-00.00     -413098.165535695909      -45749.338366664684       36113.394599153486          -4.417450289067        -988.491309054987        -177.254772916001           1.023044645181           0.048553011909           0.104763520469
2024-01-30-11-00-00.00     -413096.894770873245      -49295.262415194957       35465.862518727052           5.109401879399        -981.503773992221        -182.462739262341           1.023753004860           0.048217869285           0.107512211022
2024-01-30-12-00-00.00     -413061.475320780184      -52816.419232833636       34799.820882116182          14.554997546486        -974.727749775778        -187.539016891892           1.024449160908           0.047844382774           0.110195164722
2024-01-30-13-00-00.00     -412992.189801317581      -56313.528916890427       34115.731575934413          23.924728511025        -968.140730277750        -192.490296093440           1.025133070004           0.047434470974           0.112814222505
2024-01-30-14-00-00.00     -412889.302570222178      -59787.235282043752       33414.033280576543          33.223362802625        -961.722776815401        -197.322785203565           1.025804690168           0.046989901746           0.115371086237
2024-01-30-15-00-00.00     -412753.061805997801      -63238.114436084419       32695.143138147549          42.455134449202        -955.456158513034        -202.042247608212           1.026463980819           0.046512310173           0.117867332198
2024-01-30-16-00-00.00     -412583.701291949488      -66666.682171343826       31959.458290458264          51.623818104887        -949.325051897954        -206.654036931589           1.027110902802           0.046003213995           0.120304422924
2024-01-30-17-00-00.00     -412381.441954257898      -70073.400364171146       31207.357293770841          60.732791465819        -943.315288575045        -211.163130135801           1.027745418448           0.045464026034           0.122683717635
2024-01-30-18-00-00.00     -412146.493193937640      -73458.682539063608       30439.201418925342          69.785087728965        -937.414142171374        -215.574158225111           1.028367491571           0.044896065740           0.125006481456
2024-01-30-19-00-00.00     -411879.054045016179      -76822.898725767314       29655.335844911180          78.783439923410        -931.610147553132        -219.891434637713           1.028977087436           0.044300569261           0.127273893593
2024-01-30-20-00-00.00     -411579.314185585536      -80166.379715056770       28856.090754518242          87.730318540186        -925.892946709562        -224.118981315675           1.029574172789           0.043678697370           0.129487054604
2024-01-30-21-00-00.00     -411247.454823669628      -83489.420800793159       28041.782340104004          96.627963620135        -920.253156792181        -228.260552584250           1.030158715811           0.043031543205           0.131646992881
2024-01-30-22-00-00.00     -410883.649476123683      -86792.285081206297       27212.713727135033         105.478412230275        -914.682256652269        -232.319656970629           1.030730686072           0.042360139125           0.133754670452
2024-01-30-23-00-00.00     -410488.064655769500      -90075.206380450094       26369.175822698362         114.283522086183        -909.172488898221        -236.299577114574           1.031290054536           0.041665461878           0.135810988174
2024-01-31-00-00-00.00     -410060.860479464347      -93338.391841781588       25511.448095463129         123.044991940722        -903.716775034577        -240.203387933560           1.031836793504           0.040948438008           0.137816790407
2024-01-31-01-00-00.00     -409602.191207840049      -96582.024235698482       24639.799293268781         131.764379238663        -898.308641666849        -244.033973160474           1.032370876558           0.040209948682           0.139772869222
2024-01-31-02-00-00.00     -409112.205725729931      -99806.264019829861       23754.488103739885         140.443115469027        -892.942156122695        -247.794040448890           1.032892278560           0.039450833123           0.141679968197
2024-01-31-03-00-00.00     -408591.047971026797     -103011.251181821863       22855.763763222501         149.082519537830        -887.611870083877        -251.486135088079           1.033400975588           0.038671892509           0.143538785853
2024-01-31-04-00-00.00     -408038.857318384107     -106197.106892087904       21943.866618144340         157.683809486242        -882.312770113556        -255.112652588620           1.033896944882           0.037873893495           0.145349978767
2024-01-31-05-00-00.00     -407455.768923483614     -109363.934989261164       21019.028643454862         166.248112755715        -877.040234071723        -258.675850105310           1.034380164837           0.037057570504           0.147114164400
2024-01-31-06-00-00.00     -406841.914032555185     -112511.823318202398       20081.473921507379         174.776475233035        -871.789992638680        -262.177856914806           1.034850614942           0.036223628635           0.148831923667
2024-01-31-07-00-00.00     -406197.420261330670     -115640.844937573958       19131.419084992329         183.269869225247        -866.558095237336        -265.620683971077           1.035308275727           0.035372746306           0.150503803281
2024-01-31-08-00-00.00     -405522.411846963805     -118751.059211801359       18169.073726892449         191.729200519649        -861.340879785441        -269.006232664524           1.035753128758           0.034505576784           0.152130317893
2024-01-31-09-00-00.00     -404817.009876009310     -121842.512800266137       17194.640780266331         200.155314644183        -856.134945774252        -272.336302841057           1.036185156578           0.033622750411           0.153711952043
2024-01-31-10-00-00.00     -404081.332491140522     -124915.240554930700       16208.316870373383         208.549002435142        -850.937130254391        -275.612600161237           1.036604342660           0.032724876654           0.155249161950
2024-01-31-11-00-00.00     -403315.495078944718     -127969.266336179833       15210.292641422018         216.911005000582        -845.744486366050        -278.836742861157           1.037010671399           0.031812545106           0.156742377151
2024-01-31-12-00-00.00     -402519.610440789547     -131004.603755523072       14200.753059891615         225.242018149830        -840.554264093349        -282.010267957600           1.037404128066           0.030886327236           0.158192002008
2024-01-31-13-00-00.00     -401693.788948670204     -134021.256852511782       13179.877696597556         233.542696368023        -835.363892993560        -285.134636981462           1.037784698757           0.029946778032           0.159598417084
2024-01-31-14-00-00.00     -400838.138687410916     -137019.220712784707       12147.840988723488         241.813656375766        -830.170966644541        -288.211241245393           1.038152370394           0.028994436617           0.160961980419
2024-01-31-15-00-00.00     -399952.765584771289     -139998.482032841042       11104.812483780139         250.055480336704        -824.973228629256        -291.241406718978           1.038507130681           0.028029827675           0.162283028697
2024-01-31-16-00-00.00     -399037.773530506412     -142959.019636961544       10050.957066518909         258.268718741706        -819.768559861569        -294.226398518395           1.038848968059           0.027053462792           0.163561878326
2024-01-31-17-00-00.00     -398093.264485694701     -145900.804950495192        8986.435170585099         266.453893033755        -814.554967141867        -297.167425101304           1.039177871711           0.026065840806           0.164798826429
2024-01-31-18-00-00.00     -397119.338582914788     -148823.802434138051        7911.402975307707         274.611497965094        -809.330572748414        -300.065642111318           1.039493831523           0.025067448992           0.165994151765
2024-01-31-19-00-00.00     -396116.094218417711     -151727.969982367387        6826.012589321881         282.742003751541        -804.093605003857        -302.922155978211           1.039796838042           0.024058764187           0.167148115571
2024-01-31-20-00-00.00     -395083.628136888437     -154613.259289488109        5730.412221668726         290.845858029979        -798.842389687489        -305.738027259066           1.040086882487           0.023040252946           0.168260962352
2024-01-31-21-00-00.00     -394022.035509439651     -157479.616186216532        4624.746341219443         298.923487642544        -793.575342206928        -308.514273749439           1.040363956715           0.022012372553           0.169332920594
2024-01-31-22-00-00.00     -392931.410005535348     -160326.980949222401        3509.155825402132         306.975300270957        -788.290960457676        -311.251873392371           1.040628053182           0.020975571985           0.170364203440
2024-01-31-23-00-00.00     -391811.843859199609     -163155.288586213603        2383.778098660374         315.001685931246        -782.987818290767        -313.951766994804           1.040879164960           0.019930291927           0.171355009307
2024-02-01-00-00-00.00     -390663.427930115664     -165964.469098439673        1248.747261529765         323.003018348313        -777.664559533707        -316.614860775054           1.041117285705           0.018876965649           0.172305522456
2024-02-01-01-00-00.00     -389486.251759981096     -168754.447722569981         104.194210830408         330.979656222758        -772.319892507996        -319.242028755669           1.041342409626           0.017816019861           0.173215913518
2024-02-01-02-00-00.00     -388280.403624538449     -171525.145153604972       -1049.753248348987         338.931944397620        -766.952584988369        -321.834115008057           1.041554531505           0.016747874610           0.174086339989
2024-02-01-03-00-00.00     -387045.970581094909     -174276.477750878665       -2212.970299494246         346.860214946991        -761.561459569248        -324.391935786201           1.041753646667           0.015672944074           0.174916946677
2024-02-01-04-00-00.00     -385783.038513264852     -177008.357726936258       -3385.335016912022         354.764788180311        -756.145389393846        -326.916281516589           1.041939750959           0.014591637316           0.175707866116
2024-02-01-05-00-00.00     -384491.692171189061     -179720.693322790496       -4566.728277052974         362.645973588808        -750.703294212690        -329.407918709230           1.042112840767           0.013504358114           0.176459218956
2024-02-01-06-00-00.00     -383172.015208981698     -182413.388968938147       -5757.033675465644         370.504070728811        -745.234136739665        -331.867591759095           1.042272913000           0.012411505672           0.177171114314
2024-02-01-07-00-00.00     -381824.090218994243     -185086.345433861134       -6956.137450283500         378.339370054489        -739.736919278987        -334.296024664340           1.042419965063           0.011313475315           0.177843650098
2024-02-01-08-00-00.00     -380447.998763100710     -187739.459960935084       -8163.928411847730         386.152153709726        -734.210680605260        -336.693922673764           1.042553994890           0.010210658259           0.178476913308
2024-02-01-09-00-00.00     -379043.821401321271     -190372.626394333784       -9380.297877965599         393.942696272471        -728.654493055295        -339.061973853526           1.042675000919           0.009103442266           0.179070980311
2024-02-01-10-00-00.00     -377611.637717728561     -192985.735294995597      -10605.139614845561         401.711265470475        -723.067459833128        -341.400850601890           1.042782982085           0.007992212296           0.179625917087
2024-02-01-11-00-00.00     -376151.526343876205     -195578.674047158565      -11838.349783320395         409.458122866801        -717.448712499950        -343.711211108511           1.042877937841           0.006877350225           0.180141779458
2024-02-01-12-00-00.00     -374663.564979791699     -198151.326956191071      -13079.826890257260         417.183524518079        -711.797408629719        -345.993700764445           1.042959868152           0.005759235466           0.180618613297
2024-02-01-13-00-00.00     -373147.830412645941     -200703.575338251510      -14329.471744959958         424.887721613505        -706.112729620709        -348.248953533136           1.043028773484           0.004638245587           0.181056454708
2024-02-01-14-00-00.00     -371604.398533164465     -203235.297602306178      -15587.187420427395         432.570961095491        -700.393878643597        -350.477593284688           1.043084654834           0.003514755993           0.181455330199
2024-02-01-15-00-00.00     -370033.344349806954     -205746.369325025968      -16852.879219389713         440.233486270034        -694.640078719278        -352.680235103693           1.043127513726           0.002389140524           0.181815256823
2024-02-01-16-00-00.00     -368434.742000764702     -208236.663318972947      -18126.454645005360         447.875537408766        -688.850570911246        -354.857486573438           1.043157352207           0.001261772043           0.182136242309
2024-02-01-17-00-00.00     -366808.664763829031     -210706.049694424088      -19407.823376118191         455.497352346522        -683.024612621693        -357.009949041541           1.043174172880           0.000133022099           0.182418285180
2024-02-01-18-00-00.00     -365155.185064067657     -213154.395915300352      -20696.897247090103         463.099167078339        -677.161475981800        -359.138218873374           1.043177978909          -0.000996738492           0.182661374841
2024-02-01-19-00-00.00     -363474.374479376420     -215581.566849411756      -21993.590232100061         470.681216362770        -671.260446332444        -361.242888700046           1.043168774015          -0.002127139077           0.182865491659
2024-02-01-20-00-00.00     -361766.303743835946     -217987.424813394464      -23297.818433943296         478.243734329920        -665.320820779648        -363.324548662660           1.043146562520          -0.003257809516           0.183030607029
2024-02-01-21-00-00.00     -360031.042748860316     -220371.829612578615      -24609.500077313816         485.786955101937        -659.341906824257        -365.383787661368           1.043111349353          -0.004388379612           0.183156683418
2024-02-01-22-00-00.00     -358268.660542089434     -222734.638576039695      -25928.555506596935         493.311113426966        -653.323021055612        -367.421194612810           1.043063140053          -0.005518478549           0.183243674398
2024-02-01-23-00-00.00     -356479.225323968974     -225075.706587054825      -27254.907188212492         500.816445331025        -647.263487904484        -369.437359722073           1.043001940820          -0.006647735246           0.183291524659
2024-02-02-00-00-00.00     -354662.804441945395     -227394.886109165527      -28588.479717571485         508.303188790270        -641.162638447370        -371.432875774042           1.042927758524          -0.007775777793           0.183300170015
2024-02-02-01-00-00.00     -352819.464382195671     -229692.027208026411      -29929.199830726218         515.771584427645        -635.019809256268        -373.408339449925           1.042840600720          -0.008902232884           0.183269537384
2024-02-02-02-00-00.00     -350949.270758814178     -231966.977569160110      -31276.996420808326         523.221876241370        -628.834341292780        -375.364352676073           1.042740475699          -0.010026726179           0.183199544758
2024-02-02-03-00-00.00     -349052.288300282089     -234219.582511850080      -32631.800559400202         530.654312364299        -622.605578832178        -377.301524008613           1.042627392507          -0.011148881729           0.183090101164
2024-02-02-04-00-00.00     -347128.580833166721     -236449.684999164136      -33993.545522955290         538.069145866402        -616.332868422886        -379.220470062820           1.042501360968          -0.012268321406           0.182941106592
2024-02-02-05-00-00.00     -345178.211262842116     -238657.125644295622      -35362.166824455948         545.466635596478        -610.015557862147        -381.121816990141           1.042362391739          -0.013384665254           0.182752451927
2024-02-02-06-00-00.00     -343201.241551074025     -240841.742713277694      -36737.602250493728         552.847047081213        -603.652995202044        -383.006202014877           1.042210496340          -0.014497530903           0.182524018849
2024-02-02-07-00-00.00     -341197.732690305333     -243003.372124093090      -38119.791903983016         560.210653478346        -597.244527767478        -384.874275033531           1.042045687182          -0.015606532990           0.182255679724
2024-02-02-08-00-00.00     -339167.744674355374     -245141.847442337661      -39508.678252773760         567.557736594001        -590.789501187772        -386.726700287019           1.041867977634          -0.016711283486           0.181947297478
2024-02-02-09-00-00.00     -337111.336465368280     -247256.999873358960      -40904.206184417329         574.888587966315        -584.287258430996        -388.564158112497           1.041677382059          -0.017811391101           0.181598725448
2024-02-02-10-00-00.00     -335028.565956662118     -249348.658251019777      -42306.323067406898         582.203510030915        -577.737138849336        -390.387346787134           1.041473915849          -0.018906460671           0.181209807219
2024-02-02-11-00-00.00     -332919.489931348478     -251416.649022851023      -43714.978819218850         589.502817371818        -571.138477224655        -392.196984470622           1.041257595508          -0.019996093472           0.180780376437
2024-02-02-12-00-00.00     -330784.164016155468     -253460.796231951885      -45130.125981558143         596.786838066053        -564.490602808911        -393.993811259465           1.041028438689          -0.021079886587           0.180310256612
2024-02-02-13-00-00.00     -328622.642630295421     -255480.921495315124      -46551.719803207568         604.055915125537        -557.792838345175        -395.778591362518           1.040786464252          -0.022157432267           0.179799260882
2024-02-02-14-00-00.00     -326434.978928924422     -257476.843978625257      -47979.718330951400         611.310408067320        -551.044499094183        -397.552115413496           1.040531692343          -0.023228318207           0.179247191772
2024-02-02-15-00-00.00     -324221.224740695965     -259448.380367564678      -49414.082509101936         618.550694600749        -544.244891825372        -399.315202931924           1.040264144457          -0.024292126878           0.178653840921
2024-02-02-16-00-00.00     -321981.430499080394     -261395.344835286407      -50854.776288100322         625.777172461645        -537.393313792038        -401.068704946918           1.039983843499          -0.025348434836           0.178018988782
2024-02-02-17-00-00.00     -319715.645166636154     -263317.549006441259      -52301.766743040731         632.990261405783        -530.489051678465        -402.813506805780           1.039690813883          -0.026396812956           0.177342404302
2024-02-02-18-00-00.00     -317423.916151993501     -265214.801917011093      -53755.024202497530         640.190405367965        -523.531380499555        -404.550531178041           1.039385081602          -0.027436825710           0.176623844568
2024-02-02-19-00-00.00     -315106.289218552934     -267086.909970386303      -55214.522388640551         647.378074827884        -516.519562478393        -406.280741281485           1.039066674314          -0.028468030415           0.175863054424
2024-02-02-20-00-00.00     -312762.808384391479     -268933.676889157447      -56680.238569372632         654.553769382099        -509.452845863835        -408.005144349571           1.038735621444          -0.029489977406           0.175059766057
2024-02-02-21-00-00.00     -310393.515812452941     -270754.903662609519      -58152.153723426389         661.718020554491        -502.330463694940        -409.724795366899           1.038391954285          -0.030502209237           0.174213698550
2024-02-02-22-00-00.00     -307998.451690145070     -272550.388489671575      -59630.252719427321         668.871394880055        -495.151632518257        -411.440801098481           1.038035706091          -0.031504259856           0.173324557390
2024-02-02-23-00-00.00     -305577.654097318533     -274319.926717127848      -61114.524510043266         676.014497273419        -487.915551023616        -413.154324446603           1.037666912207          -0.032495654687           0.172392033946
2024-02-03-00-00-00.00     -303131.158861540840     -276063.310772778757      -62604.962342452360         683.147974732529        -480.621398615831        -414.866589166865           1.037285610184          -0.033475909738           0.171415804899
2024-02-03-01-00-00.00     -300658.999399426801     -277780.330093262193      -64101.563986505927         690.272520396778        -473.268333885569        -416.578884985985           1.036891839899          -0.034444530670           0.170395531619
2024-02-03-02-00-00.00     -298161.206542531203     -279470.771046360780      -65604.331982071104         697.388878033810        -465.855493016188        -418.292573156684           1.036485643708          -0.035401012764           0.169330859504
2024-02-03-03-00-00.00     -295637.808346474427     -281134.416847098968      -67113.273907288210         704.497846951239        -458.381988036176        -420.009092511537           1.036067066586          -0.036344839902           0.168221417256
2024-02-03-04-00-00.00     -293088.829881259124     -282771.047467671568      -68628.402669526171         711.600287454250        -450.846905002994        -421.729966052308           1.035636156277          -0.037275483491           0.167066816094
2024-02-03-05-00-00.00     -290514.293001080048     -284380.439540365711      -70149.736821172890         718.697126854711        -443.249302017784        -423.456808152083           1.035192963478          -0.038192402279           0.165866648914
2024-02-03-06-00-00.00     -287914.216091278300     -285962.366253192711      -71677.300902520044         725.789366143188        -435.588207115282        -425.191332426740           1.034737542009          -0.039095041159           0.164620489368
2024-02-03-07-00-00.00     -285288.613790080242     -287516.597237496986      -73211.125814352024         732.878087374187        -427.862615964025        -426.935360366223           1.034269949001          -0.039982829905           0.163327890865
2024-02-03-08-00-00.00     -282637.496682172117     -289042.898447149550      -74751.249223045044         739.964461894338        -420.071489413153        -428.690830799387           1.033790245118          -0.040855182774           0.161988385495
2024-02-03-09-00-00.00     -279960.870961091830     -290541.032028431073      -76297.716001433524         747.049759490908        -412.213750819360        -430.459810305956           1.033298494770          -0.041711497076           0.160601482855
2024-02-03-10-00-00.00     -277258.738056821574     -292010.756179898977      -77850.578709027075         754.135358597739        -404.288283151473        -432.244504685317           1.032794766349          -0.042551151644           0.159166668770
2024-02-03-11-00-00.00     -274531.094224493660     -293451.825001440186      -79409.898115596239         761.222757704664        -396.293925851756        -434.047271611490           1.032279132495          -0.043373506148           0.157683403910
2024-02-03-12-00-00.00     -271777.930089641595     -294863.988331497647      -80975.743772688613         768.313588127884        -388.229471412557        -435.870634629219           1.031751670371          -0.044177899337           0.156151122276
2024-02-03-13-00-00.00     -268999.230144736008     -296246.991571423830      -82548.194638198489         775.409628344880        -380.093661653152        -437.717298656252           1.031212461956          -0.044963647142           0.154569229550
2024-02-03-14-00-00.00     -266194.972190958215     -297600.575495852099      -84127.339759741066         782.512820104373        -371.885183638076        -439.590167200782           1.030661594379          -0.045730041580           0.152937101295
2024-02-03-15-00-00.00     -263365.126718382700     -298924.476047691249      -85713.279023415773         789.625286594658        -363.602665229232        -441.492361506429           1.030099160267          -0.046476348538           0.151254080990
2024-02-03-16-00-00.00     -260509.656216636213     -300218.424116304028      -87306.123975406386         796.749352949585        -355.244670180041        -443.427241912497           1.029525258118          -0.047201805355           0.149519477870
2024-02-03-17-00-00.00     -257628.514406952047     -301482.145297203038      -88905.998724864141         803.887569499524        -346.809692793249        -445.398431697766           1.028939992729          -0.047905619147           0.147732564564
2024-02-03-18-00-00.00     -254721.645384975243     -302715.359631593747      -90513.040937658647         811.042738139274        -338.296151994261        -447.409843814910           1.028343475638          -0.048586963921           0.145892574502
2024-02-03-19-00-00.00     -251788.982662254683     -303917.781323489093      -92127.402932160549         818.217942367451        -329.702384834762        -449.465710888268           1.027735825613          -0.049244977414           0.143998699056
2024-02-03-20-00-00.00     -248830.448092124367     -305089.118432261865      -93749.252889634809         825.416581580622        -321.026639324658        -451.570618979628           1.027117169202          -0.049878758562           0.142050084393
2024-02-03-21-00-00.00     -245845.950663427269     -306229.072538035922      -95378.776193842539         832.642410331911        -312.267066497351        -453.729545706592           1.026487641315          -0.050487363644           0.140045828003
2024-02-03-22-00-00.00     -242835.385142585554     -307337.338377197855      -97016.176916559576         839.899583432299        -303.421711647748        -455.947903373788           1.025847385869          -0.051069802006           0.137984974850
2024-02-03-23-00-00.00     -239798.630541482795     -308413.603444365144      -98661.679468835369         847.192707927951        -294.488504642395        -458.231587913408           1.025196556511          -0.051625032260           0.135866513114
2024-02-04-00-00-00.00     -236735.548383803573     -309457.547557985003     -100315.530440042625         854.526903195175        -285.465249168539        -460.587034608763           1.024535317404          -0.052151956955           0.133689369453
2024-02-04-01-00-00.00     -233645.980738296377     -310468.842384941876     -101978.000651558570         861.907870673935        -276.349610800499        -463.021281733611           1.023863844093          -0.052649416613           0.131452403733
2024-02-04-02-00-00.00     -230529.747980853776     -311447.150919993874     -103649.387455706397         869.341975117081        -267.139103783780        -465.542043442338           1.023182324487          -0.053116183956           0.129154403139
2024-02-04-03-00-00.00     -227386.646240095113     -312392.126914967608     -105330.017316273181         876.836339609880        -257.831076345769        -468.157793581655           1.022490959936          -0.053550956308           0.126794075593
2024-02-04-04-00-00.00     -224216.444471911702     -313303.414252283692     -107020.248713240246         884.398957184954        -248.422694397991        -470.877862387704           1.021789966438          -0.053952346948           0.124370042357
2024-02-04-05-00-00.00     -221018.881097230274     -314180.646256635024     -108720.475422377858         892.038822505373        -238.910923429301        -473.712548506058           1.021079576005          -0.054318876225           0.121880829724
2024-02-04-06-00-00.00     -217793.660123222420     -315023.444937932654     -110431.130230053968         899.766088008082        -229.292508494629        -476.673249206681           1.020360038191          -0.054648960272           0.119324859625
2024-02-04-07-00-00.00     -214540.446650338825     -315831.420158580295     -112152.689154818858         907.592249922032        -219.563952004306        -479.772612531255           1.019631621818          -0.054940898000           0.116700439005
2024-02-04-08-00-00.00     -211258.861645754281     -316604.168716636428     -113885.676262725683         915.530371148779        -209.721489300560        -483.024715712593           1.018894616961          -0.055192857038           0.114005747752
2024-02-04-09-00-00.00     -207948.475835241872     -317341.273336779268     -115630.669180513039         923.595349804837        -199.761061859848        -486.445275470341           1.018149337184          -0.055402856242           0.111238824940
2024-02-04-10-00-00.00     -204608.802529496199     -318042.301560583059     -117388.305433294445         931.804244754620        -189.678288065677        -490.051897167060           1.017396122126          -0.055568745251           0.108397553075
2024-02-04-11-00-00.00     -201239.289154512138     -318706.804527381668     -119159.289761929729         940.176672864587        -179.468431781500        -493.864371450454           1.016635340487          -0.055688181409           0.105479640020
2024-02-04-12-00-00.00     -197839.307194789668     -319334.315638495958     -120944.402610022211         948.735297139284        -169.126368993964        -497.905029564514           1.015867393481          -0.055758601310           0.102482598133
2024-02-04-13-00-00.00     -194408.140178750618     -319924.349099054758     -122744.510016218876         957.506431109260        -158.646553409430        -502.199171338709           1.015092718882          -0.055777186904           0.099403720099
2024-02-04-14-00-00.00     -190944.969230039307     -320476.398335987178     -124560.575204751774         966.520793200472        -148.022982326155        -506.775584153303           1.014311795783          -0.055740825818           0.096240050805
2024-02-04-15-00-00.00     -187448.855566992133     -320989.934297302563     -126393.672242223169         975.814456619269        -137.249165371257        -511.667176313103           1.013525150237          -0.055646062234           0.092988354444
2024-02-04-16-00-00.00     -183918.719140653731     -321464.403649783111     -128245.002225507182         985.430056763050        -126.318100166422        -516.911755771077           1.012733361989          -0.055489037044           0.089645075834
2024-02-04-17-00-00.00     -180353.312338458461     -321899.226911369129     -130115.912593858753         995.418341856696        -115.222261911772        -522.552994730760           1.011937072614          -0.055265415291           0.086206294695
2024-02-04-18-00-00.00     -176751.187314365321     -322293.796587180521     -132007.920326918102        1005.840186765937        -103.953618092262        -528.641634427790           1.011136995409          -0.054970294954           0.082667671290
2024-02-04-19-00-00.00     -173110.654989376810     -322647.475430231192     -133922.740017858392        1016.769240556381         -92.503687074141        -535.237002637101           1.010333927572          -0.054598092628           0.079024381386
2024-02-04-20-00-00.00     -169429.733025086694     -322959.595035566192     -135862.318116027600        1028.295454241636         -80.863671208136        -542.408942828869           1.009528765383          -0.054142399611           0.075271038003
2024-02-04-21-00-00.00     -165706.078991732589     -323229.455120617466     -137828.875051220937        1040.529851400319         -69.024715852750        -550.240290021390           1.008722523355          -0.053595795976           0.071401596606
2024-02-04-22-00-00.00     -161936.903344300401     -323456.324087217043     -139824.957525922306        1053.611086019386         -56.978380994047        -558.830080168426           1.007916358753          -0.052949608706           0.067409239555
2024-02-04-23-00-00.00     -158118.854378944030     -323639.441874672077     -141853.504057805811        1067.714622841426         -44.717474610775        -568.297752918049           1.007111603557          -0.052193593200           0.063286234415
2024-02-05-00-00-00.00     -154247.863547246117     -323778.026832651114     -143917.927965787589        1083.065853574883         -32.237509653359        -578.788710807986           1.006309806826          -0.051315504082           0.059023759288
2024-02-05-01-00-00.00     -150318.933452298283     -323871.289623342047     -146022.223543847358        1099.959271164037         -19.539256438552        -590.481740665337           1.005512792111          -0.050300507423           0.054611686763
2024-02-05-02-00-00.00     -146325.840908220329     -323918.459506738698     -148171.103313563945        1118.787238315889          -6.633265693919        -603.598991943024           1.004722737171          -0.049130359103           0.050038316666
2024-02-05-03-00-00.00     -142260.710568672366     -323918.832796405361     -150370.177135631588        1140.084450123755           6.451954359168        -618.419421924772           1.003942287718          -0.047782224551           0.045290047734
2024-02-05-04-00-00.00     -138113.384898072487     -323871.861995157029     -152626.187537212012        1164.599035766514          19.654732025416        -635.296751957416           1.003174725116          -0.046226936194           0.040350982968
2024-02-05-05-00-00.00     -133870.461601823597     -323777.322085775028     -154947.318979470583        1193.410841110138          32.850886730733        -654.682605031272           1.002424223259          -0.044426334508           0.035202481684
2024-02-05-06-00-00.00     -129513.764142197819     -323635.629554895044     -157343.597935367434        1228.137480862839          45.794349051255        -677.153085332724           1.001696260248          -0.042329045796           0.029822729279
2024-02-05-07-00-00.00     -125017.795713645159     -323448.480653696228     -159827.380419063673        1271.313206291552          57.989593970056        -703.427109721743           1.000998315352          -0.039863461989           0.024186570862
2024-02-05-08-00-00.00     -120345.259294266085     -323220.204438743589     -162413.827443333401        1327.130835750275          68.396058573440        -734.326302914113           1.000341130850          -0.036925406660           0.018266396165
2024-02-05-09-00-00.00     -115438.638791106103     -322960.862211670435     -165120.873466976336        1403.001946103772          74.674435991981        -770.471317689494           0.999741194718          -0.033354997458           0.012036649952
2024-02-05-10-00-00.00     -110203.155018297402     -322694.112825940247     -167966.521547560988        1513.074209843418          71.019268353417        -810.820090283606           0.999226159543          -0.028889926177           0.005491089251
2024-02-05-11-00-00.00     -104469.952007853542     -322479.960296494712     -170953.441780177061        1686.230649780327          40.988929672051        -845.624941610047           0.998848237734          -0.023064992626          -0.001290540212
2024-02-05-12-00-00.00      -97922.444639814275     -322489.952021381294     -173988.892989657645        1975.538404016556         -68.185113710921        -819.537385559011           0.998721016194          -0.015013409070          -0.007857607730
2024-02-05-13-00-00.00      -90133.530290429990     -323222.553922414081     -176504.775474822032        2330.372806915768        -380.382918944940        -496.295968492026           0.999094037851          -0.003587143901          -0.012239640478
2024-02-05-14-00-00.00      -81793.643674022562     -325249.670935096219     -177133.131422035949        2196.514750792661        -693.196904332755         124.470700275290           1.000127677547           0.009248910238          -0.010590407333
2024-02-05-15-00-00.00      -74570.664521825936     -327825.931279765966     -176098.993768263230        1833.042758658903        -708.790381191241         391.283323981635           1.001385558126           0.018911145051          -0.004468794030
2024-02-05-16-00-00.00      -68422.854678684584     -330271.188791761117     -174556.555357996724        1603.165806619343        -647.440320145386         449.294543845326           1.002598861616           0.025562990320           0.002603523782
2024-02-05-17-00-00.00      -62917.602479247020     -332490.394516464497     -172926.255793753488        1466.207967902979        -586.909217617765         452.221127764268           1.003749270089           0.030412725810           0.009561863077
2024-02-05-18-00-00.00      -57808.505132281040     -334508.318701955024     -171316.734509381204        1378.039217726790        -535.666816846155         440.891407352465           1.004852067809           0.034143437526           0.016201426462
2024-02-05-19-00-00.00      -52963.520216602861     -336356.833836612641     -169755.463580290874        1317.037204913928        -492.451135652132         426.329205320314           1.005919822580           0.037120346640           0.022506786112
2024-02-05-20-00-00.00      -48306.363291059854     -338061.230026845064     -168247.011411205574        1272.417155876034        -455.304986323949         411.829177796268           1.006960821123           0.039554412970           0.028503679734
2024-02-05-21-00-00.00      -43789.532254709833     -339640.463344917283     -166788.997905054217        1238.360591758049        -422.701546108607         398.386823803883           1.007980449642           0.041577178859           0.034224145902
2024-02-05-22-00-00.00      -39381.596041157434     -341108.809907484683     -165377.062335286377        1211.487485178716        -393.549113772661         386.240131428310           1.008982270600           0.043275926727           0.039697922848
2024-02-05-23-00-00.00      -35060.736576205993     -342477.218095010438     -164006.537945324497        1189.709267392330        -367.071364394190         375.366823542207           1.009968689499           0.044711503357           0.044950683956
2024-02-06-00-00-00.00      -30811.221491189684     -343754.255252922710     -162673.021176179172        1171.668343743891        -342.708056074079         365.659679021429           1.010941358834           0.045928040883           0.050004132858
2024-02-06-01-00-00.00      -26621.354481930877     -344946.754569828394     -161372.541812797543        1156.444667860840        -320.046839141576         356.991423922282           1.011901427396           0.046958598564           0.054876550710
2024-02-06-02-00-00.00      -22482.220849739700     -346060.260587487777     -160101.584771865309        1143.392685289741        -298.778086217421         349.238718114446           1.012849698513           0.047828611235           0.059583383181
2024-02-06-03-00-00.00      -18386.885537967089     -347099.341400238220     -158857.058532830677        1132.045994889815        -278.664901045154         342.290239037556           1.013786733172           0.048558092586           0.064137754841
2024-02-06-04-00-00.00      -14329.861198390690     -348067.811782353092     -157636.247522566060        1122.059130569937        -259.522911042751         336.048475805912           1.014712919029           0.049163095480           0.068550891841
2024-02-06-05-00-00.00      -10306.744084942446     -348968.895786064619     -156436.763106954604        1113.170659347150        -241.206397157319         330.429104430736           1.015628517801           0.049656709859           0.072832461343
2024-02-06-06-00-00.00       -6313.957969873546     -349805.347416517499     -155256.498604831169        1105.179023397964        -223.598589149978         325.359541832042           1.016533698324           0.050049764921           0.076990842306
2024-02-06-07-00-00.00       -2348.569733395709     -350579.541713817103     -154093.589920989849        1097.926273289652        -206.604748068161         320.777336378755           1.017428560097           0.050351334526           0.081033341731
2024-02-06-08-00-00.00        1591.846210237414     -351293.544564434967     -152946.381846319244        1091.286840252163        -190.147148732822         316.628653447000           1.018313150448           0.050569107605           0.084966368104
2024-02-06-09-00-00.00        5509.309422341791     -351949.166963687923     -151813.399494536512        1085.159614920765        -174.161380874814         312.866942767069           1.019187477048           0.050709666181           0.088795571394
2024-02-06-10-00-00.00        9405.510690037727     -352548.007733291073     -150693.324181161588        1079.462248704579        -158.593581511466         309.451802302853           1.020051517210           0.050778696917           0.092525956823
2024-02-06-11-00-00.00       13281.871676384026     -353091.487542765622     -149584.973058237490        1074.126981861685        -143.398335424761         306.348024407252           1.020905225009           0.050781153437           0.096161977999
2024-02-06-12-00-00.00       17139.591587124545     -353580.876293908281     -148487.281889345788        1069.097540779673        -128.537062320311         303.524800770731           1.021748536591           0.050721384119           0.099707613694
2024-02-06-13-00-00.00       20979.684114796150     -354017.315377484832     -147399.290438802127        1064.326797338801        -113.976763317923         300.955061285422           1.022581374239           0.050603233305           0.103166431573
2024-02-06-14-00-00.00       24803.007001910391     -354401.835924312531     -146320.130034025409        1059.774980124768         -99.689036311716         298.614924221384           1.023403649632           0.050430121286           0.106541641452
2024-02-06-15-00-00.00       28610.285930928265     -354735.373894518532     -145249.012936884072        1055.408291122591         -85.649294817692         296.483238082841           1.024215266284           0.050205109808           0.109836140083
2024-02-06-16-00-00.00       32402.134003912677     -355018.782647134678     -144185.223224439425        1051.197824315717         -71.836142568510         294.541198775292           1.025016121443           0.049930955547           0.113052549034
2024-02-06-17-00-00.00       36179.067757488643     -355252.843484284938     -143128.108932755102        1047.118711811279         -58.230868571928         292.772028639451           1.025806107706           0.049610153066           0.116193246925
2024-02-06-18-00-00.00       39941.520429927550     -355438.274553549127     -142077.075261829974        1043.149443401964         -44.817036177684         291.160706310905           1.026585114200           0.049244971325           0.119260396997
2024-02-06-19-00-00.00       43689.853029281221     -355575.738409534039     -141031.578675142024        1039.271319686885         -31.580146212633         289.693738488959           1.027353027503           0.048837484188           0.122255970803
2024-02-06-20-00-00.00       47424.363627434897     -355665.848472526413     -139991.121756590670        1035.468009065673         -18.507358913438         288.358966319645           1.028109732511           0.048389595049           0.125181768690
2024-02-06-21-00-00.00       51145.295211718854     -355709.174574075965     -138955.248711016466        1031.725186188103          -5.587262975748         287.145400543485           1.028855113013           0.047903058566           0.128039437553
2024-02-06-22-00-00.00       54852.842355551504     -355706.247741714644     -137923.541414005274        1028.030234899438           7.190317482974         286.043080518060           1.029589052161           0.047379499198           0.130830486315
2024-02-06-23-00-00.00       58547.156915530497     -355657.564346231928     -136895.615932045970        1024.372002563752          19.834485122492         285.042953252179           1.030311432957           0.046820426013           0.133556299468
2024-02-07-00-00-00.00       62228.352921174570     -355563.589711706678     -135871.119447240431        1020.740595694479          32.353406438658         284.136769176198           1.031022138542           0.046227246374           0.136218148966
2024-02-07-01-00-00.00       65896.510791002249     -355424.761270701070     -134849.727530987555        1017.127208941274          44.754428102531         283.316992057334           1.031721052433           0.045601277782           0.138817204702
2024-02-07-02-00-00.00       69551.680983625309     -355241.491332255187     -133831.141720009298        1013.523981272113          57.044176227292         282.576720820677           1.032408058819           0.044943757125           0.141354543786
2024-02-07-03-00-00.00       73193.887172394490     -355014.169518953713     -132815.087355043011        1009.923874389640          69.228641408331         281.909621505322           1.033083042706           0.044255849697           0.143831158770
2024-02-07-04-00-00.00       76823.129016406136     -354743.164919807459     -131801.311648603238        1006.320569476068          81.313251900694         281.309867831240           1.033745890031           0.043538657115           0.146247964962
2024-02-07-05-00-00.00       80439.384587876833     -354428.827998212306     -130789.581953051864        1002.708379093181          93.302936819990         280.772089139779           1.034396487863           0.042793223245           0.148605806975
2024-02-07-06-00-00.00       84042.612505887446     -354071.492287806643     -129779.684204531048         999.082171726133         105.202180964283         280.291324630099           1.035034724474           0.042020540385           0.150905464571
2024-02-07-07-00-00.00       87632.753817957535     -353671.475904209656     -128771.421521554323         995.437306872854         117.015072513231         279.862983034901           1.035660489385           0.041221554783           0.153147657912
2024-02-07-08-00-00.00       91209.733664345011     -353229.082896227424     -127764.612940122184         991.769578991613         128.745344672882         279.482806987642           1.036273673524           0.040397170475           0.155333052292
2024-02-07-09-00-00.00       94773.462754366628     -352744.604456705682     -126759.092269612593         988.075168931853         140.396412161992         279.146841444626           1.036874169251           0.039548253698           0.157462262400
2024-02-07-10-00-00.00       98323.838679804612     -352218.320009976684     -125754.707056021682         984.350601724119         151.971403296483         278.851405616011           1.037461870380           0.038675636859           0.159535856170
2024-02-07-11-00-00.00      101860.747086056334     -351650.498191077611     -124751.317640411158         980.592709735226         163.473188248889         278.593067981505           1.038036672304           0.037780121039           0.161554358280
2024-02-07-12-00-00.00      105384.062719275084     -351041.397729146935     -123748.796302471965         976.798600441097         174.904404042402         278.368623974273           1.038598472004           0.036862479243           0.163518253326
2024-02-07-13-00-00.00      108893.650364761415     -350391.268246088352     -122747.026480097833         972.965628140606         186.267476704195         278.175076010921           1.039147168061           0.035923459355           0.165427988699
2024-02-07-14-00-00.00      112389.365689770479     -349700.350980024727     -121745.902057069135         969.091369064525         197.564640957993         278.009615576898           1.039682660760           0.034963785747           0.167283977230
2024-02-07-15-00-00.00      115871.056002121040     -348968.879441803379     -120745.326711901449         965.173599410113         208.797957771567         277.869607121511           1.040204852094           0.033984161749           0.169086599583
2024-02-07-16-00-00.00      119338.560934381079     -348197.080011780025     -119745.213321743213         961.210275906506         219.969330030734         277.752573548779           1.040713645772           0.032985271920           0.170836206459
2024-02-07-17-00-00.00      122791.713062153489     -347385.172483183153     -118745.483415917057         957.199518582664         231.080516578242         277.656183116628           1.041208947315           0.031967783043           0.172533120612
2024-02-07-18-00-00.00      126230.338463838430     -346533.370557589806     -117746.066674328351         953.139595444013         242.133144811502         277.578237586689           1.041690664061           0.030932346062           0.174177638699
2024-02-07-19-00-00.00      129654.257228295872     -345641.882297377218     -116746.900466499748         949.028908822823         253.128722019165         277.516661481867           1.042158705166           0.029879597872           0.175770032976
2024-02-07-20-00-00.00      133063.283916100569     -344710.910539380449     -115747.929427475479         944.865983187119         264.068645601950         277.469492331025           1.042612981703           0.028810161887           0.177310552871
2024-02-07-21-00-00.00      136457.227979196585     -343740.653273611562     -114749.105067218086         940.649454234152         274.954212311929         277.434871793105           1.043053406666           0.027724649598           0.178799426423
2024-02-07-22-00-00.00      139835.894143470970     -342731.303990236367     -113750.385410534262         936.378059110057         285.786626621311         277.411037566503           1.043479894976           0.026623662031           0.180236861613
2024-02-07-23-00-00.00      143199.082757772558     -341683.051997959265     -112751.734664817923         932.050627626112         296.567008322007         277.396316002142           1.043892363574           0.025507790004           0.181623047598
2024-02-08-00-00-00.00      146546.590113120677     -340596.082716166740     -111753.122913254498         927.666074348725         307.296399437928         277.389115345722           1.044290731433           0.024377615414           0.182958155849
2024-02-08-01-00-00.00      149878.208734744985     -339470.577943389420     -110754.525831302293         923.223391480517         317.975770537589         277.387919544328           1.044674919562           0.023233712451           0.184242341201
2024-02-08-02-00-00.00      153193.727649752545     -338306.716104040504     -109755.924424543118         918.721642427974         328.606026501328         277.391282562003           1.045044851105           0.022076647635           0.185475742834
2024-02-08-03-00-00.00      156492.932632920711     -337104.672475174244     -108757.304786166220         914.159955968825         339.188011794754         277.397823151882           1.045400451350           0.020906980904           0.186658485179
2024-02-08-04-00-00.00      159775.606432297092     -335864.619395188871     -107758.657872512675         909.537520995918         349.722515329503         277.406220038647           1.045741647743           0.019725266650           0.187790678755
2024-02-08-05-00-00.00      163041.528976916743     -334586.726455642900     -106759.979295286714         904.853581740817         360.210274931215         277.415207472502           1.046068369981           0.018532053591           0.188872420954
2024-02-08-06-00-00.00      166290.477568097151     -333271.160677639360     -105761.269129157619         900.107433422445         370.651981453881         277.423571118386           1.046380550029           0.017327885712           0.189903796763
2024-02-08-07-00-00.00      169522.227055533789     -331918.086674137798     -104762.531733595810         895.298418312965         381.048282603384         277.430144249485           1.046678122138           0.016113303175           0.190884879436
2024-02-08-08-00-00.00      172736.550000902382     -330527.666798296850     -103763.775587979646         890.425922132124         391.399786467608         277.433804211094           1.046961022933           0.014888842061           0.191815731125
2024-02-08-09-00-00.00      175933.216827198310     -329100.061280850088     -102765.013138822702         885.489370765782         401.707064812975         277.433469140790           1.047229191440           0.013655035206           0.192696403457
2024-02-08-10-00-00.00      179111.995958511921     -327635.428354812204     -101766.260658553860         880.488227278534         411.970656163096         277.428094909254           1.047482569102           0.012412413013           0.193526938073
2024-02-08-11-00-00.00      182272.653948780906     -326133.924369972956     -100767.538114855633         875.421989170761         422.191068678840         277.416672268175           1.047721099874           0.011161503100           0.194307367137
2024-02-08-12-00-00.00      185414.955601139343     -324595.703897305240      -99768.869049940113         870.290185877473         432.368782872004         277.398224185801           1.047944730243           0.009902831059           0.195037713793
2024-02-08-13-00-00.00      188538.664078642265     -323020.919823884498      -98770.280469118065         865.092376461332         442.504254156347         277.371803349268           1.048153409257           0.008636921189           0.195717992597
2024-02-08-14-00-00.00      191643.541007198277     -321409.723438765213      -97771.802738060258         859.828147522539         452.597915280904         277.336489823259           1.048347088615           0.007364296080           0.196348209920
2024-02-08-15-00-00.00      194729.346571054950     -319762.264510471607      -96773.469488257717         854.497111254679         462.650178627006         277.291388844427           1.048525722688           0.006085477308           0.196928364317
2024-02-08-16-00-00.00      197795.839601782383     -318078.691356274183      -95775.317530169385         849.098903682263         472.661438417214         277.235628744835           1.048689268558           0.004800986115           0.197458446856
2024-02-08-17-00-00.00      200842.777661039407     -316359.150903766917      -94777.386773655613         843.633183019601         482.632072820364         277.168358985324           1.048837686095           0.003511342943           0.197938441446
2024-02-08-18-00-00.00      203869.917117716104     -314603.788744977792      -93779.720155295247         838.099628177319         492.562445990820         277.088748295507           1.048970937995           0.002217068083           0.198368325111
2024-02-08-19-00-00.00      206877.013220029912     -312812.749183187203      -92782.363572205097         832.497937383980         502.452910041235         276.995982905955           1.049088989808           0.000918682322           0.198748068254
2024-02-08-20-00-00.00      209863.820162585092     -310986.175272912835      -91785.365822124062         826.827826904533         512.303806955922         276.889264862933           1.049191810025          -0.000383293569           0.199077634897
2024-02-08-21-00-00.00      212830.091149254644     -309124.208852921671      -90788.778549373776         821.089029868092         522.115470470611         276.767810420872           1.049279370108          -0.001688338210           0.199356982891
2024-02-08-22-00-00.00      215775.578451850335     -307226.990572628391      -89792.656196517157         815.281295173318         531.888227915290         276.630848500122           1.049351644530          -0.002995928994           0.199586064104
2024-02-08-23-00-00.00      218700.033465163433     -305294.659911796509      -88797.055961405276         809.404386497507         541.622402051903         276.477619213390           1.049408610854          -0.004305542622           0.199764824597
2024-02-09-00-00-00.00      221603.206758339162     -303327.355193786265      -87802.037759507686         803.458081344921         551.318312882304         276.307372434509           1.049450249766          -0.005616654499           0.199893204765
2024-02-09-01-00-00.00      224484.848123162024     -301325.213592163112      -86807.664191234493         797.442170195633         560.976279477850         276.119366426609           1.049476545121          -0.006928738129           0.199971139461
2024-02-09-02-00-00.00      227344.706619270204     -299288.371130774263      -85814.000514163665         791.356455695094         570.596621807597         275.912866503859           1.049487484014          -0.008241265665           0.199998558109
2024-02-09-03-00-00.00      230182.530616597709     -297216.962677185598      -84821.114620003937         785.200751910551         580.179662593633         275.687143732499           1.049483056819          -0.009553707314           0.199975384781
2024-02-09-04-00-00.00      232998.067835238238     -295111.121929382032      -83829.077016178548         778.974883636766         589.725729195570         275.441473660427           1.049463257237          -0.010865530737           0.199901538259
2024-02-09-05-00-00.00      235791.065382874251     -292970.981395629060      -82837.960811946003         772.678685752604         599.235155537430         275.175135072821           1.049428082361          -0.012176201605           0.199776932084
2024-02-09-06-00-00.00      238561.269790005957     -290796.672367286927      -81847.841708944994         766.312002610981         608.708284079721         274.887408761183           1.049377532722          -0.013485182996           0.199601474576
2024-02-09-07-00-00.00      241308.427042978903     -288588.324884460832      -80858.797996193418         759.874687486269         618.145467863708         274.577576317759           1.049311612335          -0.014791934796           0.199375068829
2024-02-09-08-00-00.00      244032.282615202392     -286346.067694098863      -79870.910549328415         753.366602031814         627.547072614987         274.244918924575           1.049230328763          -0.016095914244           0.199097612698
2024-02-09-09-00-00.00      246732.581496369152     -284070.028200423403      -78884.262834266468         746.787615791829         636.913478946271         273.888716162938           1.049133693167          -0.017396575321           0.198768998754
2024-02-09-10-00-00.00      249409.068220014218     -281760.332407231268      -77898.940915112064         740.137605713829         646.245084644542         273.508244806934           1.049021720351          -0.018693368132           0.198389114220
2024-02-09-11-00-00.00      252061.486889344960     -279417.104851770797      -76915.033466426074         733.416455712274         655.542307087287         273.102777632093           1.048894428826          -0.019985739433           0.197957840884
2024-02-09-12-00-00.00      254689.581201525842     -277040.468529698323      -75932.631789806386         726.624056227692         664.805585773485         272.671582199876           1.048751840861          -0.021273132000           0.197475054990
2024-02-09-13-00-00.00      257293.094470440963     -274630.544810651918      -74951.829834837219         719.760303813735         674.035385005241         272.213919636406           1.048593982533          -0.022554983977           0.196940627103
2024-02-09-14-00-00.00      259871.769647972455     -272187.453343896952      -73972.724224485879         712.825100735246         683.232196729075         271.729043391662           1.048420883789          -0.023830729377           0.196354421953
2024-02-09-15-00-00.00      262425.349343837588     -269711.311953434721      -72995.414285017367         705.818354577873         692.396543557031         271.216197976203           1.048232578493          -0.025099797411           0.195716298245
2024-02-09-16-00-00.00      264953.575844082574     -267202.236521857034      -72020.002080466642         698.739977864950         701.528981986755         270.674617668797           1.048029104490          -0.026361611796           0.195026108450
2024-02-09-17-00-00.00      267456.191128132108     -264660.340862257464      -71046.592451887933         691.589887679388         710.630105842515         270.103525191389           1.047810503656          -0.027615591209           0.194283698565
2024-02-09-18-00-00.00      269932.936884571100     -262085.736577274074      -70075.293061361299         684.368005286295         719.700549961020         269.502130343998           1.047576821959          -0.028861148560           0.193488907840
2024-02-09-19-00-00.00      272383.554525486950     -259478.532904423628      -69106.214441062781         677.074255753834         728.740994148926         268.869628596717           1.047328109516          -0.030097690243           0.192641568478
2024-02-09-20-00-00.00      274807.785199495789     -256838.836546626000      -68139.470047432318         669.708567568795         737.752167442179         268.205199632818           1.047064420651          -0.031324616522           0.191741505297
2024-02-09-21-00-00.00      277205.369803423877     -254166.751486755937      -67175.176320681552         662.270872238941         746.734852698390         267.508005835249           1.046785813953          -0.032541320731           0.190788535366
2024-02-09-22-00-00.00      279576.048992002325     -251462.378785364330      -66213.452750133394         654.761103871831         755.689891555216         266.777190701697           1.046492352347          -0.033747188443           0.189782467585
2024-02-09-23-00-00.00      281919.563187128864     -248725.816359075659      -65254.421944764799         647.179198753274         764.618189812925         266.011877215821           1.046184103144          -0.034941597762           0.188723102250
2024-02-10-00-00-00.00      284235.652584466152     -245957.158739534323      -64298.209710353985         639.525094879905         773.520723262527         265.211166120924           1.045861138109          -0.036123918425           0.187610230553
2024-02-10-01-00-00.00      286524.057158784417     -243156.496810136276      -63344.945132748573         631.798731464579         782.398544026024         264.374134118239           1.045523533538          -0.037293510857           0.186443634049
2024-02-10-02-00-00.00      288784.516667439835     -240323.917518963746      -62394.760667746690         624.000048408820         791.252787464577         263.499831980301           1.045171370306          -0.038449726342           0.185223084073
2024-02-10-03-00-00.00      291016.770651805738     -237459.503565770836      -61447.792238016053         616.128985724605         800.084679713284         262.587282560318           1.044804733950          -0.039591905985           0.183948341098
2024-02-10-04-00-00.00      293220.558436551946     -234563.333060594334      -60504.179337346948         608.185482907308         808.895545918647         261.635478698339           1.044423714741          -0.040719379616           0.182619154045
2024-02-10-05-00-00.00      295395.619126604055     -231635.479151309060      -59564.065142598753         600.169478249842         817.686819258714         260.643381013616           1.044028407751          -0.041831465795           0.181235259524
2024-02-10-06-00-00.00      297541.691601448925     -228676.009617195872      -58627.596633884496         592.080908082587         826.460050834659         259.609915567375           1.043618912927          -0.042927470585           0.179796381015
2024-02-10-07-00-00.00      299658.514506575069     -225684.986425166921      -57694.924723395241         583.919705934640         835.216920540484         258.533971394191           1.043195335192          -0.044006686252           0.178302227977
2024-02-10-08-00-00.00      301745.826241744682     -222662.465244918654      -56766.204393350403         575.685801597936         843.959249026995         257.414397885059           1.042757784498          -0.045068391038           0.176752494873
2024-02-10-09-00-00.00      303803.364945705805     -219608.494918846409      -55841.594843636522         567.379120085667         852.689010897238         256.250002021480           1.042306375925          -0.046111847681           0.175146860120
2024-02-10-10-00-00.00      305830.868476914708     -216523.116882016679      -54921.259649720123         558.999580462867         861.408349285776         255.039545444493           1.041841229785          -0.047136301833           0.173484984942
2024-02-10-11-00-00.00      307828.074389807007     -213406.364526895486      -54005.366931402656         550.547094523170         870.119591997183         253.781741338438           1.041362471686          -0.048140981515           0.171766512122
2024-02-10-12-00-00.00      309794.719905958627     -210258.262506884261      -53094.089533188751         542.021565303006         878.825269410715         252.475251140710           1.040870232643          -0.049125095291           0.169991064644
2024-02-10-13-00-00.00      311730.541879654047     -207078.825971844519      -52187.605216709591         533.422885397342         887.528134382086         251.118681051386           1.040364649195          -0.050087830285           0.168158244223
2024-02-10-14-00-00.00      313635.276756866369     -203868.059728026390      -51286.096866256165         524.750935048859         896.231184410871         249.710578338570           1.039845863480          -0.051028351205           0.166267629689
2024-02-10-15-00-00.00      315508.660527016036     -200625.957313618041      -50389.752707827771         516.005579979351         904.937686386539         248.249427434530           1.039314023358          -0.051945798016           0.164318775239
