2024-01-01-00-00-00.00     -382551.642889796698      115414.790800414979      157445.220264729462        -373.976850419893        -703.858191470381        -369.795559564204           1.046102986781          -0.000851032701           0.179079269308
2024-01-01-00-59-59.99     -383884.122966370953      112879.299433579537      156103.656048174598        -366.286728461307        -704.742145929274        -375.514970362980           1.046099822789          -0.002049983622           0.178995824002
2024-01-01-02-00-00.00     -385188.884589936468      110340.690491471207      154741.533031439612        -358.577652553352        -705.590149150642        -381.217253634193           1.046082387474          -0.003248264084           0.178874286879
2024-01-01-03-00-00.00     -386465.858907877293      107799.093703370978      153358.911374100571        -350.849279260379        -706.402032851559        -386.903243792734           1.046050686485          -0.004445473647           0.178714653866
2024-01-01-03-59-59.99     -387714.975832084718      105254.639393053600      151955.848216304614        -343.101265519184        -707.177634991697        -392.573784160980           1.046004726505          -0.005641211151           0.178516912528
2024-01-01-05-00-00.00     -388936.164039082825      102707.458456791399      150532.397643675038        -335.333267966188        -707.916799518206        -398.229728660789           1.045944515238          -0.006835075065           0.178281042013
2024-01-01-06-00-00.00     -390129.350967738545      100157.682342207554      149088.610646030895        -327.544942275196        -708.619376165274        -403.871943563578           1.045870061403          -0.008026662910           0.178007012971
2024-01-01-06-59-59.99     -391294.462814634084       97605.443027678077      147624.535069667967        -319.735942487621        -709.285220276217        -409.501309295399           1.045781374735          -0.009215570695           0.177694787469
2024-01-01-08-00-00.00     -392431.424526962510       95050.873002440712      146140.215563062055        -311.905920360975        -709.914192713281        -415.118722327581           1.045678465975          -0.010401393237           0.177344318885
2024-01-01-09-00-00.00     -393540.159793137980       92494.105246795574      144635.693515577208        -304.054524696249        -710.506159775496        -420.725097135261           1.045561346872          -0.011583723579           0.176955551784
2024-01-01-09-59-59.99     -394620.591030922777       89935.273212629254      143111.006988996087        -296.181400674164        -711.060993201825        -426.321368257724           1.045430030190          -0.012762152400           0.176528421784
2024-01-01-11-00-00.00     -395672.639373200713       87374.510803709985      141566.190641420806        -288.286189163863        -711.578570184652        -431.908492449217           1.045284529704          -0.013936268315           0.176062855403
2024-01-01-12-00-00.00     -396696.224651186261       84811.952355960253      140001.275643261615        -280.368526034333        -712.058773477464        -437.487450953886           1.045124860212          -0.015105657266           0.175558769887
2024-01-01-12-59-59.99     -397691.265375151066       82247.732617173897      138416.289584796643        -272.428041437152        -712.501491534553        -443.059251900055           1.044951037548          -0.016269901905           0.175016073022
2024-01-01-14-00-00.00     -398657.678712498338       79681.986726203118      136811.256374877819        -264.464359066316        -712.906618710718        -448.624932834169           1.044763078585          -0.017428581861           0.174434662928
2024-01-01-15-00-00.00     -399595.380463182169       77114.850191154430      135186.196130218537        -256.477095390460        -713.274055524435        -454.185563410315           1.044561001253          -0.018581273098           0.173814427829
2024-01-01-15-59-59.99     -400504.285032229905       74546.458866717003      133541.125054727250        -248.465858851994        -713.603708990914        -459.742248249420           1.044344824565          -0.019727547253           0.173155245808
2024-01-01-17-00-00.00     -401384.305399361474       71976.948930034167      131876.055308194773        -240.430249025635        -713.895493023161        -465.296129986349           1.044114568623          -0.020866971868           0.172456984537
2024-01-01-18-00-00.00     -402235.353085477895       69406.456855048760      130190.994863654603        -232.369855730323        -714.149328907422        -470.848392523382           1.043870254650          -0.021999109690           0.171719500982
2024-01-01-18-59-59.99     -403057.338115886494       66835.119384913851      128485.947352624047        -224.284258090119        -714.365145867079        -476.400264514223           1.043611905020          -0.023123517965           0.170942641091
2024-01-01-20-00-00.00     -403850.168979965383       64263.073502456093      126760.911897353595        -216.173023541901        -714.542881719771        -481.953023090008           1.043339543276          -0.024239748604           0.170126239446
2024-01-01-21-00-00.00     -404613.752587265568       61690.456397683694      125015.882929192565        -208.035706764103        -714.682483624209        -487.507997878344           1.043053194171          -0.025347347428           0.169270118896
2024-01-01-21-59-59.99     -405347.994219540211       59117.405432709194      123250.849991914030        -199.871848547721        -714.783908955341        -493.066575311202           1.042752883709          -0.026445853384           0.168374090153
2024-01-01-23-00-00.00     -406052.797478555352       56544.058103303221      121465.797528971612        -191.680974572637        -714.847126280705        -498.630203275138           1.042438639176          -0.027534798636           0.167437951364
2024-01-02-00-00-00.00     -406728.064229378244       53970.551996567323      119660.704653335284        -183.462594096890        -714.872116484997        -504.200396132088           1.042110489186          -0.028613707728           0.166461487643
2024-01-02-00-59-59.99     -407373.694538720883       51397.024744419476      117835.544898537526        -175.216198535799        -714.858874026277        -509.778740149340           1.041768463743          -0.029682096703           0.165444470572
2024-01-02-02-00-00.00     -407989.586608021113       48823.613972075567      115990.285949364625        -166.941259932354        -714.807408386652        -515.366899383221           1.041412594277          -0.030739473098           0.164386657655
2024-01-02-03-00-00.00     -408575.636700692936       46250.457241263684      114124.889350483267        -158.637229283258        -714.717745670623        -520.966622064422           1.041042913710          -0.031785334986           0.163287791739
2024-01-02-03-59-59.99     -409131.739063162124       43677.691987084989      112239.310191091019        -150.303534723515        -714.589930435231        -526.579747540476           1.040659456527          -0.032819169981           0.162147600386
2024-01-02-05-00-00.00     -409657.785839028889       41105.455448007124      110333.496763480434        -141.939579538158        -714.424027736107        -532.208213836459           1.040262258833          -0.033840455089           0.160965795191
2024-01-02-06-00-00.00     -410153.666975779983       38533.884587891698      108407.390193180370        -133.544739992210        -714.220125459557        -537.854065900196           1.039851358432          -0.034848655607           0.159742071053
2024-01-02-06-59-59.99     -410619.270123244496       35963.116009352365      106460.924038045909        -125.118362937707        -713.978336910505        -543.519464614313           1.039426794920          -0.035843223961           0.158476105388
2024-01-02-08-00-00.00     -411054.480523099948       33393.285856905786      104494.023853423845        -116.659763193830        -713.698803774795        -549.206696655680           1.038988609756          -0.036823599373           0.157167557273
2024-01-02-09-00-00.00     -411459.180888408620       30824.529709023598      102506.606720129319        -108.168220651662        -713.381699433954        -554.918185306334           1.038536846367          -0.037789206560           0.155816066530
2024-01-02-09-59-59.99     -411833.251272222085       28256.982457409369      100498.580731631926         -99.642977077475        -713.027232711785        -560.656502326565           1.038071550257          -0.038739454351           0.154421252725
2024-01-02-11-00-00.00     -412176.568924081454       25690.778171897251       98469.844436410436         -91.083232579424        -712.635652131136        -566.424381012465           1.037592769110          -0.039673735102           0.152982714097
2024-01-02-12-00-00.00     -412489.008133109310       23126.049949073626       96420.286230934784         -82.488141681306        -712.207250705135        -572.224730592003           1.037100552914          -0.040591423129           0.151500026385
2024-01-02-12-59-59.99     -412770.440056188381       20562.929742540193       94349.783698178959         -73.856808960136        -711.742371380829        -578.060652118153           1.036594954105          -0.041491873008           0.149972741570
2024-01-02-14-00-00.00     -413020.732529562607       18001.548172260547       92258.202885940947         -65.188284184017        -711.241413217449        -583.935456051457           1.036076027695          -0.042374418663           0.148400386497
2024-01-02-15-00-00.00     -413239.749861928693       15442.034310190897       90145.397518499653         -56.481556879468        -710.704838406827        -589.852681750874           1.035543831434          -0.043238371409           0.146782461386
2024-01-02-15-59-59.99     -413427.352606825705       12884.515438920040       88011.208134302360         -47.735550248785        -710.133180274642        -595.816119121403           1.034998425989          -0.044083017833           0.145118438209
2024-01-02-17-00-00.00     -413583.397311815992       10329.116779517541       85855.461141408625         -38.949114340799        -709.527052406296        -601.829832710942           1.034439875113          -0.044907618404           0.143407758924
2024-01-02-18-00-00.00     -413707.736241576553        7775.961184226077       83677.967781286643         -30.121018368052        -708.887159094108        -607.898188585940           1.033868245852          -0.045711404982           0.141649833549
2024-01-02-18-59-59.99     -413800.217071606196        5225.168788848187       81478.522990283425         -21.249942038505        -708.214307305983        -614.025884379452           1.033283608776          -0.046493578098           0.139844038053
2024-01-02-20-00-00.00     -413860.682548718934        2676.856618980524       79256.904146517583         -12.334465753524        -707.509420446022        -620.217982957595           1.032686038193          -0.047253304886           0.137989712063
2024-01-02-21-00-00.00     -413888.970113973948         131.138142908335       77012.869688345396          -3.373059492407        -706.773554202935        -626.479950237378           1.032075612429          -0.047989715818           0.136086156331
2024-01-02-21-59-59.99     -413884.911482886062       -2411.877236712183       74746.157588228700           5.635929824978        -706.007914864690        -632.817697766191           1.031452414113          -0.048701901125           0.134132629979
2024-01-02-23-00-00.00     -413848.332177052216       -4952.084762281896       72456.483663717634          14.694292748905        -705.213880532132        -639.237630794534           1.030816530476          -0.049388907727           0.132128347449
2024-01-03-00-00-00.00     -413779.051000263134       -7489.384983033923       70143.539704212104          23.803973781906        -704.393025766293        -645.746702696846           1.030168053706          -0.050049734845           0.130072475161
2024-01-03-00-59-59.99     -413676.879451027373      -10023.684512682383       67806.991388893293          32.967090286511        -703.547150333017        -652.352476744772           1.029507081332          -0.050683329129           0.127964127814
2024-01-03-02-00-00.00     -413541.621062020946      -12554.896899042025       65446.475967239050          42.185954252156        -702.678312813391        -659.063196447087           1.028833716626          -0.051288580104           0.125802364307
2024-01-03-03-00-00.00     -413373.070655280026      -15082.943624896323       63061.599668822892          51.463097439383        -701.788870049982        -665.887865892224           1.028148069076          -0.051864314082           0.123586183216
2024-01-03-03-59-59.99     -413171.013499861874      -17607.755263076047       60651.934803317279          60.801300527896        -700.881523634615        -672.836341802282           1.027450254904          -0.052409287313           0.121314517768
2024-01-03-05-00-00.00     -412935.224356243270      -20129.272813753083       58217.016504995714          70.203627035569        -699.959374908651        -679.919439367020           1.026740397624          -0.052922179150           0.118986230263
2024-01-03-06-00-00.00     -412665.466388634930      -22647.449257690361       55756.339067717425          79.673462952573        -699.025990279074        -687.149054375944           1.026018628687          -0.053401583302           0.116600105840
2024-01-03-06-59-59.99     -412361.489922642300      -25162.251366625838       53269.351806489096          89.214563241499        -698.085479173343        -694.538304662029           1.025285088206          -0.053845997882           0.114154845515
2024-01-03-08-00-00.00     -412023.031021054368      -27673.661821207126       50755.454369591491          98.831106639417        -697.142587497149        -702.101694571539           1.024539925738          -0.054253814925           0.111649058373
2024-01-03-09-00-00.00     -411649.809844788455      -30181.681698626770       48213.991410500632         108.527760547851        -696.202810243275        -709.855307004664           1.023783301208          -0.054623307349           0.109081252798
2024-01-03-09-59-59.99     -411241.528758793778      -32686.333406941245       45644.246510636134         118.309758253578        -695.272527888848        -717.817028645696           1.023015385937          -0.054952613913           0.106449826587
2024-01-03-11-00-00.00     -410797.870133617893      -35187.664161915767       43045.435221295309         128.182991303630        -694.359172587661        -726.006815305172           1.022236363806          -0.055239722686           0.103753055771
2024-01-03-12-00-00.00     -410318.493781880243      -37685.750127062704       40416.697065426568         138.154120644029        -693.471431829074        -734.447006107328           1.021446432606          -0.055482450762           0.100989081944
2024-01-03-12-59-59.99     -409803.033954142185      -40180.701369038841       37757.086304494631         148.230711130938        -692.619499671142        -743.162697404775           1.020645805593          -0.055678420502           0.098155897857
2024-01-03-14-00-00.00     -409251.095799741859      -42672.667822303411       35065.561231425323         158.421395384671        -691.815388761054        -752.182190263778           1.019834713266          -0.055825032452           0.095251330967
2024-01-03-15-00-00.00     -408662.251173624827      -45161.846512172597       32340.971694577107         168.736074754982        -691.073320762449        -761.537529086923           1.019013405467          -0.055919432194           0.092273024611
2024-01-03-15-59-59.99     -408036.033637989021      -47648.490358737086       29582.044485549221         179.186167622381        -690.410218776575        -771.265153946766           1.018182153851          -0.055958470812           0.089218416371
2024-01-03-17-00-00.00     -407371.932465073827      -50132.918983466865       26787.366131249590         189.784918631354        -689.846333665790        -781.406695913675           1.017341254784          -0.055938658305           0.086084713134
2024-01-03-18-00-00.00     -406669.385390531970      -52615.532075120827       23955.362509846600         200.547787094033        -689.406048094514        -792.009953486213           1.016491032829          -0.055856106132           0.082868862234
2024-01-03-18-59-59.99     -405927.769790100458      -55096.826058093204       21084.274552567971         211.492939325176        -689.118919099451        -803.130100216977           1.015631844956          -0.055706457139           0.079567517941
2024-01-03-20-00-00.00     -405146.391847404127      -57577.415066673944       18172.129084747168         222.641878994518        -689.021044497433        -814.831190324128           1.014764085645          -0.055484800218           0.076177002437
2024-01-03-21-00-00.00     -404324.473135450738      -60058.057597262894       15216.703580782623         234.020262925349        -689.156875053727        -827.188051455490           1.013888193204          -0.055185563216           0.072693260211
2024-01-03-21-59-59.99     -403461.133830546925      -62539.690740731268       12215.483232523229         245.658969404151        -689.581648865325        -840.288685471183           1.013004657656          -0.054802378544           0.069111804656
2024-01-03-23-00-00.00     -402555.371486989898      -65023.474672318807        9165.608220903672         257.595515301899        -690.364707906491        -854.237342582862           1.012114030711          -0.054327913542           0.065427655436
2024-01-04-00-00-00.00     -401606.033880059957      -67510.851228839048        6063.808378724832         269.875962530037        -691.594087212180        -869.158496434501           1.011216938607          -0.053753651412           0.061635265038
2024-01-04-00-59-59.99     -400611.783804814098      -70003.622153120581        2906.321462249811         282.557522925658        -693.382974716663        -885.202037380918           1.010314098924          -0.053069605992           0.057728432906
2024-01-04-02-00-00.00     -399571.052785802458      -72504.055298289168        -311.210108286226         295.712178816556        -695.878979234744        -902.550128065982           1.009406343004          -0.052263945641           0.053700205808
2024-01-04-03-00-00.00     -398481.979221450281      -75015.031393503916       -3593.871084375850         309.431811561634        -699.277712971086        -921.426346190911           1.008494646551          -0.051322486599           0.049542764098
2024-01-04-03-59-59.99     -397342.324237114284      -77540.251000117147       -6947.643524060479         323.835620560893        -703.843177762076        -942.107990092437           1.007580172411          -0.050227999315           0.045247296052
2024-01-04-05-00-00.00     -396149.354894292133      -80084.533093658669      -10379.628671918032         339.081109864233        -709.939198013284        -964.942752580337           1.006664332058          -0.048959239520           0.040803868512
2024-01-04-06-00-00.00     -394899.678392733447      -82654.257210956726      -13898.339040402314         355.380787372154        -718.079389067236        -990.371338066777           1.005748876867          -0.047489559948           0.036201315603
2024-01-04-06-59-59.99     -393589.000638944271      -85258.038061932166      -17514.085285738693         373.028291377850        -729.009405507593       -1018.957789336847           1.004836038614          -0.045784869102           0.031427198241
2024-01-04-08-00-00.00     -392211.764471292961      -87907.790974065560      -21239.487895999122         392.440583348696        -743.847825705014       -1051.428458954342           1.003928755091          -0.043800538275           0.026467958543
2024-01-04-09-00-00.00     -390760.589972775953      -90620.483351439660      -25090.140450107130         414.228427661964        -764.338734724266       -1088.715712466906           1.003031050809          -0.041476548154           0.021309564624
2024-01-04-09-59-59.99     -389225.378079607559      -93421.150946470239      -29085.409563931371         439.318091572499        -793.328604920117       -1131.982883896093           1.002148717746          -0.038729577750           0.015939372911
2024-01-04-11-00-00.00     -387591.824245825934      -96348.377849972108      -33249.167381190680         469.166606679072        -835.719234601666       -1182.532782773645           1.001290619177          -0.035439573733           0.010351094485
2024-01-04-12-00-00.00     -385838.890682568308      -99464.858318837534      -37609.497135130565         506.137178861865        -900.480497920208       -1241.213427824118           1.000471396534          -0.031426090632           0.004558112115
2024-01-04-12-59-59.99     -383934.589040685561     -102878.911022570072      -42193.378015503324         554.040614923570       -1005.018993117549       -1305.745198866311           0.999717620953          -0.026406251194          -0.001369045557
2024-01-04-14-00-00.00     -381830.493800215074     -106788.674413372893      -46999.695645741747         617.917989776243       -1183.465171024025       -1359.356833677560           0.999082951983          -0.019929367423          -0.007190461549
2024-01-04-15-00-00.00     -379467.623209210695     -111550.235100782447      -51885.119689344487         695.241824720321       -1484.999746742539       -1328.361587378571           0.998684262778          -0.011370870135          -0.012164691626
2024-01-04-15-59-59.99     -376866.520147482108     -117567.680086982364      -56244.769806004435         735.342196832992       -1843.322892699146       -1038.674628575366           0.998736525041          -0.000600209171          -0.014479847207
2024-01-04-17-00-00.00     -374302.393895546324     -124480.055768555350      -59133.827433516642         676.245633756899       -1937.891909276399        -574.082779851758           0.999354374182           0.010323524871          -0.012494679534
2024-01-04-18-00-00.00     -372020.220830546750     -131246.348471307574      -60603.310397535541         594.983565606658       -1806.313608499882        -277.680441819373           1.000309817022           0.019088430488          -0.007566892810
2024-01-04-18-59-59.99     -369984.240025540639     -137469.218818601454      -61326.807064765628         540.678548919775       -1654.741401846988        -142.518259168003           1.001376876880           0.025663547647          -0.001648733524
2024-01-04-20-00-00.00     -368100.811087276088     -143197.872015331290      -61717.444061240465         508.513022751266       -1533.082274050175         -82.411266890099           1.002469545627           0.030698403078           0.004413271314
2024-01-04-21-00-00.00     -366307.154341779184     -148540.768417660351      -61958.892633733587         489.638467980045       -1439.150678955321         -55.324197126998           1.003561482298           0.034679531859           0.010346465320
2024-01-04-21-59-59.99     -364565.962319395854     -153583.789278187440      -62133.997069312922         478.716761289921       -1365.319808582915         -43.714170931747           1.004644546266           0.037911014960           0.016072102448
2024-01-04-23-00-00.00     -362854.464029546245     -158388.036900680047      -62282.799765943528         472.776495769313       -1305.691536016724         -39.864652818725           1.005716247135           0.040584855924           0.021575547498
2024-01-05-00-00-00.00     -361158.066658014082     -162996.960400391428      -62425.865637396346         470.111817713197       -1256.266328399607         -40.106508577199           1.006775948450           0.042827524767           0.026863700878
2024-01-05-00-59-59.99     -359466.976820836251     -167442.141216378979      -62574.199709736145         469.694326353323       -1214.357668068163         -42.569531161316           1.007823626276           0.044726027041           0.031950197744
2024-01-05-02-00-00.00     -357774.359651953855     -171747.127818006120      -62733.804958500841         470.873836293750       -1178.127018325701         -46.245373716110           1.008859436797           0.046342562532           0.036850014654
2024-01-05-03-00-00.00     -356075.288538290246     -175929.906884363183      -62907.931253843439         473.221613806063       -1146.284101844395         -50.566152417247           1.009883562091           0.047723078012           0.041577501825
2024-01-05-03-59-59.99     -354366.117267564463     -180004.514589425584      -63098.253586347229         476.444499944193       -1117.900201791914         -55.201491961026           1.010896157597           0.048902469604           0.046145731287
2024-01-05-05-00-00.00     -352644.088398455468     -183982.111270734866      -63305.520604825280         480.335692523215       -1092.290956370165         -59.954854106519           1.011897337989           0.049907873415           0.050566362785
2024-01-05-06-00-00.00     -350907.079655064794     -187871.716214846063      -63529.926306094749         484.745339334546       -1068.941265057621         -64.707876097533           1.012887177227           0.050760822995           0.054849709132
2024-01-05-06-59-59.99     -349153.434239287162     -191680.722286216071      -63771.330152714261         489.562301797740       -1047.456019481162         -69.389201406326           1.013865713435           0.051478708285           0.059004869974
2024-01-05-08-00-00.00     -347381.844000323559     -195415.264492656454      -64029.390891340176         494.702466617109       -1027.527000411235         -73.956393666466           1.014832954973           0.052075788745           0.063039879711
2024-01-05-09-00-00.00     -345591.266954650870     -199080.489361313783      -64303.649582345264         500.101032372272       -1008.910129841321         -78.385121623083           1.015788886108           0.052563915417           0.066961847917
2024-01-05-09-59-59.99     -343780.867755894084     -202680.755471272627      -64593.581892781418         505.707285763030        -991.409509115863         -82.662525824363           1.016733471938           0.052953056207           0.070777084684
2024-01-05-11-00-00.00     -341949.973879427707     -206219.785235749849      -64898.631344808797         511.480981386868        -974.866002421895         -86.783062396383           1.017666662552           0.053251684435           0.074491209321
2024-01-05-12-00-00.00     -340098.042805753590     -209700.781521154277      -65218.230531236222         517.389780596404        -959.148927040382         -90.745852732737           1.018588396348           0.053467072552           0.078109243345
2024-01-05-12-59-59.99     -338224.637054773222     -213126.518475076795      -65551.814604239800         523.407405708333        -944.149907729641         -94.552969060409           1.019498602674           0.053605517054           0.081635689511
2024-01-05-14-00-00.00     -336329.404923712253     -216499.413144680875      -65898.829739444991         529.512287373056        -929.778264764967         -98.208313257426           1.020397204039           0.053672512183           0.085074598893
2024-01-05-15-00-00.00     -334412.065435590688     -219821.582586323231      -66258.738300869838         535.686558184707        -915.957506494006        -101.716877868228           1.021284117778           0.053672887196           0.088429627811
2024-01-05-15-59-59.99     -332472.396441208781     -223094.889875010209      -66631.021827083561         541.915293559422        -902.622628948132        -105.084257150982           1.022159257372           0.053610915521           0.091704086266
2024-01-05-17-00-00.00     -330510.225114633038     -226320.981521499692      -67015.182574436971         548.185931822669        -889.718013393786        -108.316323389174           1.023022533586           0.053490401536           0.094900979262
2024-01-05-18-00-00.00     -328525.420287108107     -229501.318165304227      -67410.744107691760         554.487826109886        -877.195772271683        -111.419013826966           1.023873855279           0.053314751702           0.098023042166
2024-01-05-18-59-59.99     -326517.886209146120     -232637.199953379517      -67817.251265882733         560.811894383702        -865.014435446795        -114.398191977040           1.024713130047           0.053087032789           0.101072771091
2024-01-05-20-00-00.00     -324487.557433181850     -235729.787679247383      -68234.269725804537         567.150343427428        -853.137897407878        -117.259559400091           1.025540264816           0.052810018985           0.104052449088
2024-01-05-21-00-00.00     -322434.394583992427     -238780.120511184621      -68661.385313336228         573.496449168855        -841.534566646158        -120.008601695171           1.026355166229           0.052486231833           0.106964168818
2024-01-05-21-59-59.99     -320358.380838477227     -241789.130954056425      -69098.203165106272         579.844380392431        -830.176673072156        -122.650557818328           1.027157740937           0.052117973672           0.109809852239
2024-01-05-23-00-00.00     -318259.518977022672     -244757.657551014272      -69544.346809711802         586.189056118695        -819.039700102624        -125.190405111516           1.027947895923           0.051707354895           0.112591267785
2024-01-06-00-00-00.00     -316137.828898805659     -247686.455725717737      -69999.457215567440         592.526029414467        -808.101915826112        -127.632854987878           1.028725538673           0.051256317846           0.115310045376
2024-01-06-00-59-59.99     -313993.345516343019     -250576.207084818278      -70463.191836817394         598.851392069744        -797.343983552636        -129.982355646376           1.029490577292           0.050766657227           0.117967689613
2024-01-06-02-00-00.00     -311826.116962246364     -253427.527437796583      -70935.223677693895         605.161695886712        -786.748636407658        -132.243099335176           1.030242920693           0.050240036650           0.120565591385
2024-01-06-03-00-00.00     -309636.203054399113     -256240.973742099653      -71415.240388735954         611.453887307530        -776.300403928385        -134.419032482584           1.030982478653           0.049678003730           0.123105038141
2024-01-06-03-59-59.99     -307423.673976477585     -259017.050143095374      -71902.943402644829         617.725252800221        -765.985381165909        -136.513867477563           1.031709161841           0.049082003164           0.125587222973
2024-01-06-05-00-00.00     -305188.609138777945     -261756.213247692533      -72398.047114318717         623.973372998316        -755.791032724215        -138.531095305242           1.032422881944           0.048453387183           0.128013252712
2024-01-06-06-00-00.00     -302931.096190807235     -264458.876746106020      -72900.278107083810         630.196083997557        -745.706025681053        -140.473998475699           1.033123551658           0.047793425510           0.130384155127
2024-01-06-06-59-59.99     -300651.230162320426     -267125.415476670547      -73409.374425323025         636.391444529238        -735.720086513318        -142.345663853902           1.033811084686           0.047103314127           0.132700885363
2024-01-06-08-00-00.00     -298349.112713494163     -269756.169012730883      -73925.084892772167         642.557707998729        -725.823878067927        -144.148995157679           1.034485395814           0.046384182050           0.134964331718
2024-01-06-09-00-00.00     -296024.851478194410     -272351.444837768213      -74447.168475066166         648.693298582718        -716.008893352421        -145.886724989242           1.035146400891           0.045637098177           0.137175320819
2024-01-06-09-59-59.99     -293678.559487183695     -274911.521164441132      -74975.393684343886         654.796790672364        -706.267363510914        -147.561426237159           1.035794016796           0.044863077383           0.139334622289
2024-01-06-11-00-00.00     -291310.354659933364     -277436.649444512092      -75509.538024006921         660.866891175710        -696.592177799735        -149.175522887622           1.036428161504           0.044063085001           0.141442952959
2024-01-06-12-00-00.00     -288920.359355850553     -279927.056609563006      -76049.387471052236         666.902424192838        -686.976813769527        -150.731300164114           1.037048754057           0.043238041705           0.143500980675
2024-01-06-12-59-59.99     -286508.699976837088     -282382.947076437704      -76594.735993888578         672.902317709626        -677.415276153044        -152.230914020580           1.037655714516           0.042388827890           0.145509327744
2024-01-06-14-00-00.00     -284075.506614679703     -284804.504546448763      -77145.385103041175         678.865592013224        -667.902043210672        -153.676400010126           1.038248964032           0.041516286675           0.147468574067
2024-01-06-15-00-00.00     -281620.912737378618     -287191.893623253563      -77701.143432778437         684.791349559726        -658.432019484042        -155.069681535227           1.038828424804           0.040621227489           0.149379259991
2024-01-06-15-59-59.99     -279145.054909672413     -289545.261270831106      -78261.826351348573         690.678766099970        -649.000494076183        -156.412577529230           1.039394020041           0.039704429331           0.151241888899
2024-01-06-17-00-00.00     -276648.072543516697     -291864.738130078127      -78827.255597894648         696.527082876052        -639.603103711844        -157.706809589473           1.039945674022           0.038766642783           0.153056929585
2024-01-06-18-00-00.00     -274130.107674952538     -294150.439710063161      -79397.258944115049         702.335599744479        -630.235799945658        -158.954008601387           1.040483312065           0.037808592722           0.154824818416
2024-01-06-18-59-59.99     -271591.304764250061     -296402.467467876442      -79971.669878910747         708.103669102029        -620.894819980019        -160.155720889104           1.041006860488           0.036830980821           0.156545961317
2024-01-06-20-00-00.00     -269031.810516649799     -298620.909789220314      -80550.327314358088         713.830690508180        -611.576660633356        -161.313413925501           1.041516246675           0.035834486881           0.158220735590
2024-01-06-21-00-00.00     -266451.773721328995     -300805.842880358745      -81133.075311512177         719.516105907741        -602.278055064136        -162.428481628251           1.042011399043           0.034819770948           0.159849491587
2024-01-06-21-59-59.99     -263851.345106594439     -302957.331580723054      -81719.762824581572         725.159395385077        -592.995951913849        -163.502249281020           1.042492247015           0.033787475282           0.161432554243
2024-01-06-23-00-00.00     -261230.677209554124     -305075.430104330706      -82310.243462147657         730.760073389538        -583.727496579369        -164.535978112775           1.042958721086           0.032738225211           0.162970224493
2024-01-07-00-00-00.00     -258589.924258562445     -307160.182717248332      -82904.375264339644         736.317685348043        -574.470014357546        -165.530869539317           1.043410752798           0.031672630828           0.164462780578
2024-01-07-00-59-59.99     -255929.242067235202     -309211.624357412511      -83502.020494711847         741.831804653975        -565.220995251559        -166.488069125961           1.043848274717           0.030591288590           0.165910479243
2024-01-07-02-00-00.00     -253248.787938754627     -311229.781202443468      -84103.045445869997         747.302029960903        -555.978080243847        -167.408670269205           1.044271220504           0.029494781822           0.167313556856
2024-01-07-03-00-00.00     -250548.720579339599     -313214.671190448862      -84707.320257944273         752.727982763534        -546.739048874012        -168.293717636202           1.044679524898           0.028383682122           0.168672230436
2024-01-07-03-59-59.99     -247829.200020027172     -315166.304498220386      -85314.718748985353         758.109305212592        -537.501807972172        -169.144210364356           1.045073123695           0.027258550680           0.169986698599
2024-01-07-05-00-00.00     -245090.387545898353     -317084.683980766742      -85925.118256508766         763.445658163536        -528.264381427265        -169.961105061238           1.045451953832           0.026119938542           0.171257142450
2024-01-07-06-00-00.00     -242332.445631923270     -318969.805575713923      -86538.399489513482         768.736719404515        -519.024900870837        -170.745318599139           1.045815953366           0.024968387790           0.172483726396
2024-01-07-06-59-59.99     -239555.537884988327     -320821.658675638202      -87154.446390157784         773.982182094639        -509.781597192586        -171.497730754324           1.046165061470           0.023804432667           0.173666598904
2024-01-07-08-00-00.00     -236759.828991108603     -322640.226471245172      -87773.146004730923         779.181753314295        -500.532792778487        -172.219186652688           1.046499218512           0.022628599654           0.174805893210
2024-01-07-09-00-00.00     -233945.484667672397     -324425.486267794855      -88394.388363108475         784.335152794345        -491.276894418643        -172.910499089215           1.046818366050           0.021441408490           0.175901727974
2024-01-07-09-59-59.99     -231112.671620031615     -326177.409777075693      -89018.066366303014         789.442111761496        -482.012386803937        -173.572450701089           1.047122446828           0.020243373151           0.176954207884
2024-01-07-11-00-00.00     -228261.557501734584     -327895.963387025753      -89644.075681798742         794.502371905054        -472.737826556190        -174.205796019346           1.047411404863           0.019035001788           0.177963424227
2024-01-07-12-00-00.00     -225392.310879567871     -329581.108410400921      -90272.314645228238         799.515684440873        -463.451836738096        -174.811263392938           1.047685185444           0.017816797626           0.178929455415
2024-01-07-12-59-59.99     -222505.101199294266     -331232.801315127523      -90902.684170414519         804.481809299251        -454.153101799516        -175.389556836932           1.047943735138           0.016589259834           0.179852367466
2024-01-07-14-00-00.00     -219600.098756657448     -332850.993936518615      -91535.087664255901         809.400514363713        -444.840362907422        -175.941357750618           1.048187001878           0.015352883362           0.180732214470
2024-01-07-15-00-00.00     -216677.474669660151     -334435.633673674543      -92169.430948489244         814.271574829737        -435.512413638650        -176.467326575988           1.048414934971           0.014108159746           0.181569039007
2024-01-07-15-59-59.99     -213737.400853360799     -335986.663670862443      -92805.622187067405         819.094772608669        -426.168095981813        -176.968104360657           1.048627485110           0.012855577897           0.182362872534
2024-01-07-17-00-00.00     -210780.049996568821     -337504.022985070944      -93443.571819088931         823.869895830830        -416.806296636899        -177.444314263060           1.048824604465           0.011595623858           0.183113735760
2024-01-07-18-00-00.00     -207805.595540387119     -338987.646740657103      -94083.192496945121         828.596738382751        -407.425943563890        -177.896562978318           1.049006246701           0.010328781543           0.183821638975
2024-01-07-18-59-59.99     -204814.211658089771     -340437.466272073332      -94724.399029595283         833.275099535927        -398.026002776090        -178.325442119272           1.049172366989           0.009055533464           0.184486582368
2024-01-07-20-00-00.00     -201806.073236427066     -341853.409255369392      -95367.108330627263         837.904783610282        -388.605475336653        -178.731529534351           1.049322922114           0.007776360428           0.185108556314
2024-01-07-21-00-00.00     -198781.355857833143     -343235.399829304719      -96011.239371060408         842.485599724960        -379.163394557302        -179.115390590423           1.049457870485           0.006491742222           0.185687541644
2024-01-07-21-59-59.99     -195740.235783696291     -344583.358706596133      -96656.713136591134         847.017361557649        -369.698823352364        -179.477579397323           1.049577172168           0.005202158301           0.186223509885
2024-01-07-23-00-00.00     -192682.889938193461     -345897.203276000335      -97303.452589253924         851.499887203889        -360.210851765831        -179.818640012423           1.049680788981           0.003908087431           0.186716423495
2024-01-08-00-00-00.00     -189609.495892550622     -347176.847695744131      -97951.382633362009         855.932999057957        -350.698594627056        -180.139107604339           1.049768684528           0.002610008347           0.187166236063
2024-01-08-00-59-59.99     -186520.231849719596     -348422.202978720714      -98600.430085549800         860.316523761715        -341.161189339591        -180.439509594480           1.049840824224           0.001308400397           0.187572892493
2024-01-08-02-00-00.00     -183415.276629184547     -349633.177069915051      -99250.523648885734         864.650292180853        -331.597793774229        -180.720366771547           1.049897175408           0.000003743161           0.187936329185
2024-01-08-03-00-00.00     -180294.809651568794     -350809.674916508840      -99901.593891017255         868.934139461014        -322.007584275266        -180.982194396884           1.049937707369          -0.001303482922           0.188256474181
2024-01-08-03-59-59.99     -177159.010923211230     -351951.598530869640     -100553.573226198234         873.167905101036        -312.389753743554        -181.225503288998           1.049962391391          -0.002612795932           0.188533247297
2024-01-08-05-00-00.00     -174008.061020199588     -353058.847046858573     -101206.395901258526         877.351433097223        -302.743509806588        -181.450800905062           1.049971200861          -0.003923712872           0.188766560251
2024-01-08-06-00-00.00     -170842.141071866936     -354131.316769646364     -101859.997985436508         881.484572127429        -293.068073052174        -181.658592415562           1.049964111309          -0.005235749058           0.188956316763
2024-01-08-06-59-59.99     -167661.432743536105     -355168.901219276595     -102514.317364078961         885.567175787342        -283.362675319921        -181.849381778630           1.049941100455          -0.006548417507           0.189102412635
2024-01-08-08-00-00.00     -164466.118218307995     -356171.491168171284     -103169.293736215579         889.599102879190        -273.626558040178        -182.023672817739           1.049902148326          -0.007861229360           0.189204735836
2024-01-08-09-00-00.00     -161256.380177707324     -357138.974672729906     -103824.868616024542         893.580217756220        -263.858970611718        -182.181970306771           1.049847237299          -0.009173693279           0.189263166552
2024-01-08-09-59-59.99     -158032.401781012275     -358071.237099133432     -104480.985338222585         897.510390727655        -254.059168810505        -182.324781066396           1.049776352161          -0.010485314840           0.189277577221
2024-01-08-11-00-00.00     -154794.366642981942     -358968.161143476318     -105137.589067431560         901.389498514875        -244.226413215760        -182.452615076033           1.049689480225          -0.011795596960           0.189247832568
2024-01-08-12-00-00.00     -151542.458809832984     -359829.626846257714     -105794.626811577837         905.217424784198        -234.359967655274        -182.565986606550           1.049586611386          -0.013104039296           0.189173789612
2024-01-08-12-59-59.99     -148276.862733240501     -360655.511601258419     -106452.047439421687         908.994060736591        -224.459097651751        -182.665415377404           1.049467738189          -0.014410137633           0.189055297651
2024-01-08-14-00-00.00     -144997.763241987152     -361445.690158871002     -107109.801702296638         912.719305772195        -214.523068868202        -182.751427744630           1.049332855945          -0.015713384314           0.188892198255
2024-01-08-15-00-00.00     -141705.345511157764     -362200.034623782150     -107767.842260191974         916.393068231153        -204.551145543106        -182.824557923542           1.049181962803          -0.017013267622           0.188684325214
2024-01-08-15-59-59.99     -138399.795028505439     -362918.414446998562     -108426.123712307221         920.015266219086        -194.542588908231        -182.885349251574           1.049015059821          -0.018309271163           0.188431504485
2024-01-08-17-00-00.00     -135081.297557688056     -363600.696412130375     -109084.602632234280         923.585828505779        -184.496655571942        -182.934355498209           1.048832151094          -0.019600874279           0.188133554124
2024-01-08-18-00-00.00     -131750.039098089997     -364246.744615797012     -109743.237607943360         927.104695531132        -174.412595871535        -182.972142225490           1.048633243830          -0.020887551421           0.187790284192
2024-01-08-18-59-59.99     -128406.205840872339     -364856.420442004688     -110401.989286771917         930.571820501685        -164.289652173176        -182.999288207032           1.048418348436          -0.022168771498           0.187401496638
2024-01-08-20-00-00.00     -125049.984120905137     -365429.582530290179     -111060.820425644270         933.987170608013        -154.127057119587        -183.016386909040           1.048187478650          -0.023443998279           0.186966985180
2024-01-08-21-00-00.00     -121681.560364009245     -365966.086737484380     -111719.695946723557         937.350728339205        -143.924031797669        -183.024048046442           1.047940651631          -0.024712689730           0.186486535152
2024-01-08-21-59-59.99     -118301.121029338537     -366465.786092686118     -112378.582998829253         940.662492950694        -133.679783837523        -183.022899212477           1.047677888055          -0.025974297335           0.185959923323
2024-01-08-23-00-00.00     -114908.852546184920     -366928.530745250464     -113037.451024863170         943.922482048403        -123.393505405736        -183.013587600087           1.047399212255          -0.027228266464           0.185386917720
2024-01-09-00-00-00.00     -111504.941244817601     -367354.167905359122     -113696.271835605774         947.130733351332        -113.064371104881        -182.996781813310           1.047104652329          -0.028474035662           0.184767277395
2024-01-09-00-59-59.99     -108089.573280787707     -367742.541776746744     -114355.019690255125         950.287306605468        -102.691535744693        -182.973173786334           1.046794240241          -0.029711035930           0.184100752188
2024-01-09-02-00-00.00     -104662.934551449813     -368093.493481532496     -115013.671383892521         953.392285679086         -92.274131971599        -182.943480828230           1.046468011981          -0.030938691039           0.183387082460
2024-01-09-03-00-00.00     -101225.210605710658     -368406.860975511139     -115672.206342911421         956.445780881920         -81.811267765700        -182.908447773081           1.046126007681          -0.032156416765           0.182625998790
2024-01-09-03-59-59.99      -97776.586543894475     -368682.478954875027     -116330.606728059414         959.447931484495         -71.302023746555        -182.868849293468           1.045768271738          -0.033363620101           0.181817221644
2024-01-09-05-00-00.00      -94317.246908726491     -368920.178752501146     -116988.857546280604         962.398908488547         -60.745450294753        -182.825492358467           1.045394852982          -0.034559699502           0.180960461023
2024-01-09-06-00-00.00      -90847.375565686132     -369119.788223602343     -117646.946771657953         965.298917671530         -50.140564459885        -182.779218861611           1.045005804815          -0.035744044043           0.180055416058
2024-01-09-06-59-59.99      -87367.155571894633     -369281.131619811698     -118304.865476147548         968.148202923614         -39.486346624252        -182.730908436896           1.044601185351          -0.036916032541           0.179101774577
2024-01-09-08-00-00.00      -83876.769032383076     -369404.029450790375     -118962.607970805679         970.947049921426         -28.781736900157        -182.681481476373           1.044181057604          -0.038075033702           0.178099212637
2024-01-09-09-00-00.00      -80376.396942581967     -369488.298332279606     -119620.171958311315         973.695790156975         -18.025631218364        -182.631902376629           1.043745489646          -0.039220405176           0.177047394003
2024-01-09-09-59-59.99      -76866.219015465715     -369533.750819539826     -120277.558697570072         976.394805387337          -7.216877085685        -182.583183026983           1.043294554775          -0.040351492554           0.175945969578
2024-01-09-11-00-00.00      -73346.413491918516     -369540.195224825700     -120934.773181369907         979.044532533288           3.645731038539        -182.536386571566           1.042828331722          -0.041467629388           0.174794576799
2024-01-09-12-00-00.00      -69817.156932591621     -369507.435417456960     -121591.824328121555         981.645469090248          14.563456785388        -182.492631468193           1.042346904841          -0.042568136095           0.173592838959
2024-01-09-12-59-59.99      -66278.623989249128     -369435.270604917314     -122248.725188785291         984.198179099401          25.537627396292        -182.453095882203           1.041850364304          -0.043652318797           0.172340364477
2024-01-09-14-00-00.00      -62730.987153506285     -369323.495093140926     -122905.493170264323         986.703299765315          36.569639765094        -182.419022439429           1.041338806340          -0.044719469155           0.171036746109
2024-01-09-15-00-00.00      -59174.416480452899     -369171.898024021648     -123562.150276606713         989.161548784195          47.660967074638        -182.391723384705           1.040812333455          -0.045768863080           0.169681560077
2024-01-09-15-59-59.99      -55609.079284541782     -368980.263087816245     -124218.723369604559         991.573732472591          58.813166100034        -182.372586188234           1.040271054678          -0.046799759341           0.168274365127
2024-01-09-17-00-00.00      -52035.139804572384     -368748.368207964406     -124875.244450425176         993.940754805688          70.027885257262        -182.363079644211           1.039715085822          -0.047811399162           0.166814701503
2024-01-09-18-00-00.00      -48452.758834281143     -368475.985195480229     -125531.750964135703         996.263627480794          81.306873492670        -182.364760515898           1.039144549766          -0.048803004647           0.165302089827
2024-01-09-18-59-59.99      -44862.093314789818     -368162.879369583912     -126188.286129303277         998.543481129543          92.651990129655        -182.379280795304           1.038559576737          -0.049773777086           0.163736029876
2024-01-09-20-00-00.00      -41263.295884269697     -367808.809141055332     -126844.899294862844        1000.781577852158         104.065215786010        -182.408395634861           1.037960304636          -0.050722896206           0.162115999250
2024-01-09-21-00-00.00      -37656.514379886423     -367413.525554115186     -127501.646326892049        1002.979325247044         115.548664509700        -182.453972032020           1.037346879370          -0.051649518211           0.160441451919
2024-01-09-21-59-59.99      -34041.891286233607     -366976.771782179887     -128158.590028136328        1005.138292142075         127.104597301236        -182.517998357941           1.036719455208          -0.052552773655           0.158711816628
2024-01-09-23-00-00.00      -30419.563123705375     -366498.282572162454     -128815.800593499735        1007.260226284165         138.735437204186        -182.602594818714           1.036078195171          -0.053431766207           0.156926495160
2024-01-10-00-00-00.00      -26789.659769234906     -365977.783631302067     -129473.356105036466        1009.347074257271         150.443786196951        -182.710024976472           1.035423271447          -0.054285570148           0.155084860429
2024-01-10-00-59-59.99      -23152.303700801582     -365414.990949577710     -130131.343070496572        1011.401003985159         162.232444125286        -182.842708438220           1.034754865839          -0.055113227622           0.153186254388
2024-01-10-02-00-00.00      -19507.609155755956     -364809.610049803974     -130789.857009928150        1013.424430201663         174.104429982584        -183.003234867963           1.034073170246          -0.055913746714           0.151229985741
2024-01-10-03-00-00.00      -15855.681191344156     -364161.335156441259     -131449.003095270135        1015.420043355144         186.063005886482        -183.194379488084           1.033378387191          -0.056686098145           0.149215327423
2024-01-10-03-59-59.99      -12196.614634238642     -363469.848272584844     -132108.896848770411        1017.390842494201         198.111704164528        -183.419120263799           1.032670730389          -0.057429211642           0.147141513818
2024-01-10-05-00-00.00       -8530.492903504888     -362734.818153179134     -132769.664906566439        1019.340172811820         210.254358011469        -183.680656961628           1.031950425364          -0.058141972984           0.145007737710
2024-01-10-06-00-00.00       -4857.386688917832     -361955.899160553468     -133431.445854671125        1021.271768605686         222.495136309466        -183.982432356962           1.031217710126          -0.058823219543           0.142813146910
2024-01-10-06-59-59.99       -1177.352463455949     -361132.729986151331     -134094.391145547939        1023.189802607581         234.838583273768        -184.328155856903           1.030472835913          -0.059471735310           0.140556840517
2024-01-10-08-00-00.00        2509.569194901871     -360264.932219648035     -134758.666104577220        1025.098942801980         247.289663737257        -184.721829874899           1.029716067995          -0.060086246425           0.138237864790
2024-01-10-09-00-00.00        6203.355501435226     -359352.108743502642     -135424.451036943239        1027.004418112836         259.853815022054        -185.167779312178           1.028947686571          -0.060665414946           0.135855208566
2024-01-10-09-59-59.99        9904.003617778806     -358393.841927176516     -136091.942446935369        1028.912094610554         272.537006558541        -185.670684582686           1.028167987755          -0.061207831843           0.133407798150
2024-01-10-11-00-00.00       13611.533101301689     -357389.691590759205     -136761.354383209313        1030.828564249342         285.345808664089        -186.235618704076           1.027377284656          -0.061712010166           0.130894491643
2024-01-10-12-00-00.00       17325.988700150905     -356339.192702032218     -137432.919925724389        1032.761248663257         298.287472114800        -186.868088949468           1.026575908590          -0.062176376069           0.128314072594
2024-01-10-12-59-59.99       21047.443553530858     -355241.852764589479     -138106.892831859732        1034.718521029368         311.370020636569        -187.574083815191           1.025764210430          -0.062599258592           0.125665242897
2024-01-10-14-00-00.00       24776.002868838943     -354097.148846106254     -138783.549362207385        1036.709849857868         324.602358758716        -188.360125957184           1.024942562102          -0.062978879061           0.122946614829
2024-01-10-15-00-00.00       28511.808162827390     -352904.524186080787     -139463.190309037018        1038.745969422610         337.994398172498        -189.233332022510           1.024111358269          -0.063313337674           0.120156702086
2024-01-10-15-59-59.99       32255.042173039819     -351663.384309805522     -140146.143253949500        1040.839082824253         351.557206392075        -190.201480308221           1.023271018239          -0.063600598029           0.117293909678
2024-01-10-17-00-00.00       36005.934570051206     -350373.092560010438     -140832.765084844810        1043.003105219983         365.303182517361        -191.273087392604           1.022421988098          -0.063838470274           0.114356522507
2024-01-10-18-00-00.00       39764.768631701561     -349032.964938206133     -141523.444806763931        1045.253956876184         379.246266016749        -192.457494883911           1.021564743146          -0.064024590209           0.111342692402
2024-01-10-18-59-59.99       43531.889080073110     -347642.264123997011     -142218.606685151055        1047.609918358621         393.402186166879        -193.764967765009           1.020699790685          -0.064156394832           0.108250423374
2024-01-10-20-00-00.00       47307.711332331011     -346200.192509140528     -142918.713766264962        1050.092063920743         407.788761611818        -195.206805586763           1.019827673187          -0.064231094596           0.105077554800
2024-01-10-21-00-00.00       51092.732483014493     -344705.884045133251     -143624.271823056712        1052.724793945921         422.426262436223        -196.795468116609           1.018948971964          -0.064245639286           0.101821742154
2024-01-10-21-59-59.99       54887.544421539904     -343158.394651640672     -144335.833781460184        1055.536494056140         437.337850439860        -198.544716530983           1.018064311430          -0.064196677311           0.098480434888
2024-01-10-23-00-00.00       58692.849603857772     -341556.690869090671     -145054.004684449697        1058.560357531070         452.550118405555        -200.469771310871           1.017174364036          -0.064080507935           0.095050850932
2024-01-11-00-00-00.00       62509.480150563679     -339899.636352379865     -145779.447254729865        1061.835420482272         468.093755266937        -202.587486673189           1.016279856093          -0.063893022199           0.091529947207
2024-01-11-00-59-59.99       66338.421152124880     -338185.975690969964     -146512.888113345980        1065.407876996938         484.004373215971        -204.916540167060           1.015381574660          -0.063629630920           0.087914385411
2024-01-11-02-00-00.00       70180.839346870926     -336414.314890124078     -147255.124701773369        1069.332766974309         500.323544732218        -207.477632718931           1.014480375715          -0.063285177287           0.084200492192
2024-01-11-03-00-00.00       74038.118733346215     -334583.097646293056     -148007.032929398672        1073.676166147481         517.100114805198        -210.293689391869           1.013577194020          -0.062853827085           0.080384212652
2024-01-11-03-59-59.99       77911.905235746744     -332690.576273891085     -148769.575517777615        1078.518061890571         534.391877450988        -213.390041270878           1.012673055086          -0.062328931181           0.076461055947
2024-01-11-05-00-00.00       81804.163337703518     -330734.775761731726     -149543.810914982547        1083.956179201415         552.267740320183        -216.794552373992           1.011769089830          -0.061702852406           0.072426031537
2024-01-11-06-00-00.00       85717.248757039226     -328713.448907271842     -150330.902474998991        1090.111144256773         570.810551034401        -220.537625423072           1.010866552800          -0.060966742278           0.068273574490
2024-01-11-06-59-59.99       89654.002946893845     -326624.019728347484     -151132.127271566482        1097.133563947422         590.120832270534        -224.651966630417           1.009966845110          -0.060110250977           0.063997458207
2024-01-11-08-00-00.00       93617.877793846463     -324463.511279501778     -151948.883326040203        1105.213903082969         610.321781797628        -229.171891828887           1.009071543697          -0.059121146203           0.059590693157
2024-01-11-09-00-00.00       97613.102872072937     -322228.452442677983     -152782.692951429955        1114.596534133465         631.566057578651        -234.131773847237           1.008182439369          -0.057984801165           0.055045411134
2024-01-11-09-59-59.99      101644.913915167519     -319914.755973079940     -153635.197916933132        1125.600157968366         654.045116882491        -239.562883566150           1.007301587192          -0.056683496195           0.050352736932
2024-01-11-11-00-00.00      105719.871394732821     -317517.556680028094     -154508.138356976357        1138.648209599257         678.002255979454        -245.487194076880           1.006431374695          -0.055195447600           0.045502654874
2024-01-11-12-00-00.00      109846.315184827035     -315030.993540693773     -155403.300000061136        1154.315374519527         703.751064184685        -251.905328931306           1.005574616680          -0.053493422721           0.040483890234
2024-01-11-12-59-59.99      114035.030785512456     -312447.911990428576     -156322.399522553722        1173.400952120934         731.701817801933        -258.772892928998           1.004734690963          -0.051542714990           0.035283853913
2024-01-11-14-00-00.00      118300.255304102961     -309759.451757537550     -157266.846918503637        1197.048583297260         762.399341861938        -265.952887541554           1.003915739700          -0.049298095272           0.029888763735
2024-01-11-15-00-00.00      122661.249271262495     -306954.471549003909     -158237.255872861366        1226.949198755282         796.576417731624        -273.116554366537           1.003122980829          -0.046699061585           0.024284209790
2024-01-11-15-59-59.99      127144.849072400539     -304018.750581067987     -159232.415113638242        1265.699391876279         835.223760732444        -279.526517743118           1.002363214592          -0.043662155332           0.018456814382
2024-01-11-17-00-00.00      131789.790291971061     -300933.930440733908     -160247.040364763146        1317.460233774486         879.657035114765        -283.532378864808           1.001645698511          -0.040068014050           0.012398650278
2024-01-11-18-00-00.00      136654.342659577320     -297676.366112265910     -161266.568797001702        1389.201544098026         931.461689622178        -281.306316457052           1.000983771603          -0.035738670478           0.006118968761
2024-01-11-18-59-59.99      141830.139282609685     -294217.115911272354     -162254.176543106150        1492.969973665399         991.728937739630        -263.400343762191           1.000398127988          -0.030396917294          -0.000323266441
2024-01-11-20-00-00.00      147465.765204186173     -290529.431975118525     -163115.756762201898        1648.630948032036        1056.755768891582        -204.793683217727           0.999923947752          -0.023598766483          -0.006722969257
2024-01-11-21-00-00.00      153786.663592378172     -286633.902013059589     -163603.787577254407        1873.874578879331        1097.846167273334         -39.648612576418           0.999626256764          -0.014685672619          -0.012436024181
2024-01-11-21-59-59.99      160953.844440482411     -282777.515170872211     -163143.091249419318        2084.571486768036        1010.521707940096         332.097257450265           0.999616086396          -0.003242613383          -0.015736469616
2024-01-11-23-00-00.00      168440.152456479322     -279591.628287053783     -161146.465606991842        2019.015460368958         745.836032203596         748.260273759796           0.999969899026           0.009029165821          -0.014425349692
2024-01-12-00-00-00.00      175276.851771481917     -277338.578603799455     -158075.015491800354        1775.764637270301         526.757595078494         919.064058342955           1.000580258785           0.019214407579          -0.009354519370
2024-01-12-00-59-59.99      181283.485871993937     -275664.260518807976     -154705.933138315770        1572.944181768093         417.415802175605         939.626132369217           1.001309497921           0.026862368483          -0.002877567784
2024-01-12-02-00-00.00      186677.938728740759     -274262.948084548058     -151358.879614874953        1432.661901810196         367.623868969418         916.802605226756           1.002096829054           0.032684611278           0.003853215822
2024-01-12-03-00-00.00      191648.361137640575     -272984.651574936637     -148114.405212215759        1334.077997893716         345.658068668699         885.397147062959           1.002919010184           0.037269707520           0.010463455319
2024-01-12-03-59-59.99      196314.129378854239     -271758.060457255342     -144982.819024442200        1261.402164253853         337.383788340069         854.796296283802           1.003765196478           0.040985912331           0.016845156218
2024-01-12-05-00-00.00      200750.188211661851     -270546.903224090405     -141956.139751723444        1205.292358614342         336.363811306198         827.249717518219           1.004629092825           0.044062781305           0.022976423360
2024-01-12-06-00-00.00      205005.427378208406     -269331.382603335136     -139022.651930358668        1160.244951145715         339.438668857045         802.995749370472           1.005506428656           0.046649484913           0.028863663939
2024-01-12-06-59-59.99      209113.140509467688     -268100.060774942453     -136170.985863380512        1122.893739784193         344.939798207456         781.726242953934           1.006394006510           0.048847431126           0.034522041140
2024-01-12-08-00-00.00      213096.890846204158     -266846.044595140498     -133391.142520950874        1091.089538470238         351.929274222413         763.024836855428           1.007289280879           0.050728388427           0.039968521575
2024-01-12-09-00-00.00      216973.910721936933     -265565.058229917311     -130674.600910091307        1063.404361375997         359.852008972591         746.497132425129           1.008190143704           0.052344922802           0.045219390013
2024-01-12-09-59-59.99      220757.154729613219     -264254.406242928992     -128014.164522784587        1038.855532889972         368.365290298133         731.803552997137           1.009094801910           0.053736671022           0.050289441103
2024-01-12-11-00-00.00      224456.590237891505     -262912.385299162182     -125403.755723018796        1016.745947589001         377.250026422225         718.661309260657           1.010001700982           0.054934267335           0.055191817195
2024-01-12-12-00-00.00      228080.038331942487     -261537.935119225527     -122838.222701757142         996.567911684324         386.362065627345         706.837432401787           1.010909473739           0.055961894597           0.059938089792
2024-01-12-12-59-59.99      231633.739562443807     -260130.423404400179     -120313.175548982515         977.943152185833         395.604278826389         696.140215027872           1.011816904164           0.056838995723           0.064538422158
2024-01-12-14-00-00.00      235122.745390910626     -258689.508982552798     -117824.852165526303         960.584169007831         404.909923343670         686.411378995188           1.012722900872           0.057581453824           0.069001747201
2024-01-12-15-00-00.00      238551.195807808719     -257215.052298996132     -115370.010084096488         944.268613404538         414.232395004240         677.519539959258           1.013626476901           0.058202428096           0.073335934971
2024-01-12-15-59-59.99      241922.520565934567     -255707.055471855652     -112945.839473196596         928.821863088559         423.538730673235         669.354950282241           1.014526733976           0.058712958513           0.077547941163
2024-01-12-17-00-00.00      245239.587896423152     -254165.621317835903     -110549.893040777140         914.104898657117         432.805383371337         661.825331622841           1.015422850085           0.059122410822           0.081643935161
2024-01-12-18-00-00.00      248504.816325584135     -252590.924844135414     -108180.029299150076         900.005694499725         442.015413431737         654.852585514120           1.016314069365           0.059438811412           0.085629409004
2024-01-12-18-59-59.99      251720.260056828120     -250983.193106086721     -105834.366377884653         886.432992110733         451.156584143476         648.370194419848           1.017199693827           0.059669102652           0.089509269596
2024-01-12-20-00-00.00      254887.675079731649     -249342.690784170234     -103511.244183945673         873.311721283367         460.220047897544         642.321160748364           1.018079076559           0.059819339254           0.093287916627
2024-01-12-21-00-00.00      258008.571003528778     -247669.709736151533     -101209.193197557906         860.579582101654         469.199425674906         636.656363812299           1.018951615974           0.059894842927           0.096969308473
2024-01-12-21-59-59.99      261084.252163414640     -245964.561352983001      -98926.908572885804         848.184458359162         478.090153051404         631.333242283682           1.019816750944           0.059900324922           0.100557018066
2024-01-12-23-00-00.00      264115.850559797138     -244227.570918477519      -96663.228505552368         836.082435569367         486.889009875669         626.314730882846           1.020673956732           0.059839983066           0.104054280400
2024-01-13-00-00-00.00      267104.352504615439     -242459.073417807696      -94417.116054151586         824.236264790522         495.593778190995         621.568396879004           1.021522741427           0.059717581105           0.107464033079
2024-01-13-00-59-59.99      270050.620365229843     -240659.410404370836      -92187.643775719858         812.614159399368         504.202991089965         617.065734287446           1.022362642876           0.059536513450           0.110788951050
2024-01-13-02-00-00.00      272955.410450301482     -238828.927647726523      -89973.980667320793         801.188843478654         512.715746568788         612.781583569953           1.023193226085           0.059299857321           0.114031476470
2024-01-13-03-00-00.00      275819.387831045489     -236967.973362011107      -87775.381009905454         789.936792421410         521.131568574497         608.693651565629           1.024014080886           0.059010416896           0.117193844494
2024-01-13-03-59-59.99      278643.138706984289     -235076.896869269141      -85591.174790040910         778.837621873639         529.450302543560         604.782112102135           1.024824819889           0.058670760167           0.120278105621
2024-01-13-05-00-00.00      281427.180788350524     -233156.047591135692      -83420.759437457702         767.873592223042         537.672036335719         601.029271963134           1.025625076750           0.058283248808           0.123286145132
2024-01-13-06-00-00.00      284171.972064553120     -231205.774288998451      -81263.592666564335         757.029203890371         545.797040175230         597.419289959952           1.026414504570           0.057850064367           0.126219700057
2024-01-13-06-59-59.99      286877.918250092829     -229226.424493821367      -79119.186248186568         746.290864550132         553.825720745281         593.937939569702           1.027192774474           0.057373230556           0.129080374038
2024-01-13-08-00-00.00      289545.379139663826     -227218.344080917508      -76987.100569354792         735.646613779039         561.758586036698         590.572407372918           1.027959574416           0.056854631201           0.131869650394
2024-01-13-09-00-00.00      292174.674058042699     -225181.876956101711      -74866.939863579522         725.085893867207         569.596218295388         587.311121167825           1.028714608037           0.056296026630           0.134588903633
2024-01-13-09-59-59.99      294766.086554502544     -223117.364827470417      -72758.348014258358         714.599358002141         577.339253212451         584.143602716872           1.029457593650           0.055699067843           0.137239409644
2024-01-13-11-00-00.00      297319.868463337480     -221025.147043049830      -70661.004850077094         704.178708892121         584.988363891228         581.060341088867           1.030188263387           0.055065307692           0.139822354724
2024-01-13-12-00-00.00      299836.243429772381     -218905.560479378619      -68574.622864273886         693.816562326952         592.544248475361         578.052683304407           1.030906362366           0.054396211610           0.142338843613
2024-01-13-12-59-59.99      302315.409982857294     -216758.939469271747      -66498.944300618401         683.506331288738         600.007620625411         575.112739557229           1.031611647943           0.053693167008           0.144789906662
2024-01-13-14-00-00.00      304757.544222767581     -214585.615759641863      -64433.738557817938         673.242127090560         607.379202229466         572.233300764600           1.032303889087           0.052957490420           0.147176506228
2024-01-13-15-00-00.00      307162.802178468846     -212385.918492393743      -62378.799871317518         663.018674681612         614.659717808438         569.407766624540           1.032982865757           0.052190434805           0.149499542420
2024-01-13-15-59-59.99      309531.321882451070     -210160.174202925991      -60333.945237563130         652.831239815284         621.849890297136         566.630082608474           1.033648368340           0.051393196015           0.151759858245
2024-01-13-17-00-00.00      311863.225201706286     -207908.706831875228      -58299.012550935659         642.675566172595         628.950437845525         563.894684635528           1.034300197180           0.050566917435           0.153958244248
2024-01-13-18-00-00.00      314158.619457915775     -205631.837746811827      -56273.858927707559         632.547820903071         635.962071480508         561.196450317196           1.034938162104           0.049712695127           0.156095442693
2024-01-13-18-59-59.99      316417.598864812870     -203329.885770913679      -54258.359195162913         622.444547288082         642.885493401112         558.530655887345           1.035562081988           0.048831582435           0.158172151340
2024-01-13-20-00-00.00      318640.245806213352     -201003.167217339738      -52252.404526453385         612.362623464935         649.721395771788         555.892938052758           1.036171784397           0.047924593012           0.160189026864
2024-01-13-21-00-00.00      320826.631975116848     -198651.995926774864      -50255.901205162896         602.299226325791         656.470459911329         553.279260103773           1.036767105216           0.046992704562           0.162146687957
2024-01-13-21-59-59.99      322976.819391012483     -196276.683307390020      -48268.769504985197         592.251799859779         663.133355821692         550.685881726064           1.037347888306           0.046036862221           0.164045718138
2024-01-13-23-00-00.00      325090.861310218810     -193877.538376162789      -46290.942672077661         582.218027298447         669.710741924691         548.109332064445           1.037913985228           0.045057980518           0.165886668318
2024-01-14-00-00-00.00      327168.803042034735     -191454.867800695793      -44322.365999206311         572.195806553840         676.203265006046         545.546385614125           1.038465254949           0.044056946174           0.167670059127
2024-01-14-00-59-59.99      329210.682681697770     -189008.975941002514      -42362.995982095075         562.183228500388         682.611560305794         542.994040600243           1.039001563562           0.043034620668           0.169396383041
2024-01-14-02-00-00.00      331216.531769705703     -186540.164890741376      -40412.799549591444         552.178557722430         688.936251717661         540.449499546870           1.039522784073           0.041991841458           0.171066106321
2024-01-14-03-00-00.00      333186.375885802554     -184048.734517490782      -38471.753360249262         542.180215406370         695.177952070743         537.910151775984           1.040028796159           0.040929424152           0.172679670789
2024-01-14-03-59-59.99      335120.235184760706     -181534.982502100902      -36539.843158747826         532.186764115639         701.337263514463         535.373557605588           1.040519485942           0.039848164496           0.174237495444
2024-01-14-05-00-00.00      337018.124880446703     -178999.204376280075      -34617.063186471627         522.196894185157         707.414777891398         532.837434069479           1.040994745817           0.038748839097           0.175739977955
2024-01-14-06-00-00.00      338880.055683493265     -176441.693558962899      -32703.415641005748         512.209411573290         713.411077220726         530.299641964682           1.041454474250           0.037632207139           0.177187496013
2024-01-14-06-59-59.99      340706.034197580593     -173862.741390810610      -30798.910180085710         502.223226960885         719.326734155164         527.758174100545           1.041898575596           0.036499011979           0.178580408584
2024-01-14-08-00-00.00      342496.063278520713     -171262.637167025008      -28903.563465900079         492.237345974885         725.162312497952         525.211144603843           1.042326959952           0.035349981508           0.179919057050
2024-01-14-09-00-00.00      344250.142359947087     -168641.668168290314      -27017.398746157643         482.250860384040         730.918367698087         522.656779176561           1.042739542991           0.034185829553           0.181203766261
2024-01-14-09-59-59.99      345968.267748906219     -166000.119689908897      -25140.445468669568         472.262940175807         736.595447396282         520.093406197318           1.043136245805           0.033007257182           0.182434845497
2024-01-14-11-00-00.00      347650.432894346130     -163338.275068937772      -23272.738926576407         462.272826394250         742.194091947868         517.519448585382           1.043516994788           0.031814952820           0.183612589352
2024-01-14-12-00-00.00      349296.628631058964     -160656.415709486086      -21414.319931615133         452.279824662853         747.714834958036         514.933416345448           1.043881721487           0.030609593410           0.184737278547
2024-01-14-12-59-59.99      350906.843401447521     -157954.821105979761      -19565.234513102398         442.283299316536         753.158203830764         512.333899724152           1.044230362480           0.029391845523           0.185809180678
2024-01-14-14-00-00.00      352481.063457119395     -155233.768864567974      -17725.533640545982         432.282668069696         758.524720310597         509.719562918832           1.044562859259           0.028162365280           0.186828550890
2024-01-14-15-00-00.00      354019.273042195884     -152493.534722480341      -15895.272967996190         422.277397167199         763.814901036614         507.089138282154           1.044879158119           0.026921799352           0.187795632514
2024-01-14-15-59-59.99      355521.454559952603     -149734.392565369460      -14074.512598434470         412.266996959225         769.029258083509         504.441420973497           1.045179210039           0.025670785920           0.188710657638
2024-01-14-17-00-00.00      356987.588724220288     -146956.614442760998      -12263.316866653073         402.251017869737         774.168299543341         501.775264016045           1.045462970591           0.024409954461           0.189573847626
2024-01-14-18-00-00.00      358417.654696833866     -144160.470581554255      -10461.754139440503         392.229046702448         779.232530086503         499.089573721201           1.045730399833           0.023139926627           0.190385413604
2024-01-14-18-59-59.99      359811.630212533229     -141346.229397004034       -8669.896631255968         382.200703247774         784.222451515480         496.383305432914           1.045981462214           0.021861317095           0.191145556900
2024-01-14-20-00-00.00      361169.491692002397     -138514.157502073504       -6887.820235053085         372.165637186310         789.138563384338         493.655459583944           1.046216126488           0.020574733254           0.191854469430
2024-01-14-21-00-00.00      362491.214344212320     -135664.519714629976       -5115.604366636912         362.123525219979         793.981363562163         490.905078012775           1.046434365619           0.019280776002           0.192512334072
2024-01-14-21-59-59.99      363776.772258934390     -132797.579062263248       -3353.331821843325         352.074068440695         798.751348858133         488.131240530510           1.046636156705           0.017980040504           0.193119324983
2024-01-14-23-00-00.00      365026.138490070181     -129913.596785096292       -1601.088645698217         342.016989887746         803.449015622717         485.333061704998           1.046821480890           0.016673115824           0.193675607898
2024-01-15-00-00-00.00      366239.285130572098     -127012.832336203501         141.035987241845         331.952032292839         808.074860397543         482.509687850655           1.046990323289           0.015360585641           0.194181340388
2024-01-15-00-59-59.99      367416.183379485796     -124095.543379841998        1872.949882014551         321.878955975080         812.629380551439         479.660294194525           1.047142672916           0.014043028968           0.194636672099
2024-01-15-02-00-00.00      368556.803601711406     -121161.985787221827        3594.557922499465         311.797536884651         817.113074963000         476.784082211453           1.047278522606           0.012721019717           0.195041744953
2024-01-15-03-00-00.00      369661.115380943811     -118212.413629810879        5305.762161337372         301.707564767744         821.526444711310         473.880277104254           1.047397868947           0.011395127385           0.195396693331
2024-01-15-03-59-59.99      370729.087566174509     -115247.079170237339        7006.461900993908         291.608841441280         825.869993787943         470.948125415979           1.047500712220           0.010065917720           0.195701644227
2024-01-15-05-00-00.00      371760.688312233076     -112266.232850322645        8696.553766502822         281.501179171516         830.144229858637         467.986892766511           1.047587056324           0.008733952265           0.195956717378
2024-01-15-06-00-00.00      372755.885114592442     -109270.123276527738       10375.931770211089         271.384399134771         834.349665041210         464.995861692723           1.047656908717           0.007399789003           0.196162025370
2024-01-15-06-59-59.99      373714.644838789303     -106258.997202475774       12044.487368933847         261.258329955826         838.486816724857         461.974329585299           1.047710280366           0.006063983009           0.196317673728
2024-01-15-08-00-00.00      374636.933744733513     -103233.099508349042       13702.109513870162         251.122806313649         842.556208431899         458.921606710736           1.047747185672           0.004727085962           0.196423760976
2024-01-15-09-00-00.00      375522.717506033834     -100192.673177370743       15348.684693457792         240.977667602756         846.558370716921         455.837014307322           1.047767642425           0.003389646783           0.196480378676
2024-01-15-09-59-59.99      376371.961224692408      -97137.959268596271       16984.096969604325         230.822756646118         850.493842124252         452.719882748822           1.047771671756           0.002052212265           0.196487611460
2024-01-15-11-00-00.00      377184.629441152676      -94069.196886496837       18608.228007308520         220.657918443470         854.363170181379         449.569549759828           1.047759298071           0.000715326585           0.196445537019
2024-01-15-12-00-00.00      377960.686139951169      -90986.623146665996       20220.957098014896         210.482998954754         858.166912465414         446.385358685338           1.047730549012          -0.000620468071           0.196354226092
2024-01-15-12-59-59.99      378700.094751006516      -87890.473137679423       21822.161176771977         200.297843901861         861.905637716649         443.166656793879           1.047685455415          -0.001954630878           0.196213742430
2024-01-15-14-00-00.00      379402.818146632577      -84780.979878779181       23411.714833361591         190.102297585977         865.579927028590         439.912793616296           1.047624051252          -0.003286622860           0.196024142728
2024-01-15-15-00-00.00      380068.818634302414      -81658.374273154681       24989.490317488082         179.896201708457         869.190375105758         436.623119305097           1.047546373593          -0.004615906254           0.195785476555
2024-01-15-15-59-59.99      380698.057945165841      -78522.885056550513       26555.357538093878         169.679394190456         872.737591609967         433.296983013998           1.047452462584          -0.005941943884           0.195497786256
2024-01-15-17-00-00.00      381290.497218291508      -75374.738740904315       28109.184056832954         159.451707980936         876.222202591497         429.933731284295           1.047342361381          -0.007264199628           0.195161106828
2024-01-15-18-00-00.00      381846.096980611619      -72214.159552557190       29650.835075814837         149.212969845299         879.644852011403         426.532706427454           1.047216116128          -0.008582137775           0.194775465786
2024-01-15-18-59-59.99      382364.817122431588      -69041.369364927945       31180.173419420538         138.962999131772         883.006203385834         423.093244912863           1.047073775938          -0.009895222374           0.194340883003
2024-01-15-20-00-00.00      382846.616868459678      -65856.587624978754       32697.059510353774         128.701606501212         886.306941532326         419.614675732577           1.046915392836          -0.011202917682           0.193857370528
2024-01-15-21-00-00.00      383291.454744190443      -62660.031273173277       34201.351339767709         118.428592616744         889.547774450111         416.096318750405           1.046741021744          -0.012504687499           0.193324932383
2024-01-15-21-59-59.99      383699.288537469227      -59451.914656477631       35692.904431355229         108.143746781556         892.729435334427         412.537483020378           1.046550720473          -0.013799994483           0.192743564337
2024-01-15-23-00-00.00      384070.075255068310      -56232.449433742368       37171.571799404344          97.846845514926         895.852684736203         408.937465063558           1.046344549667          -0.015088300569           0.192113253657
2024-01-16-00-00-00.00      384403.771073985961      -53001.844473138393       38637.203900472712          87.537651060881         898.918312907573         405.295547118500           1.046122572801          -0.016369066261           0.191433978831
2024-01-16-00-59-59.99      384700.331287249166      -49760.305740734890       40089.648578749642          77.215909807511         901.927142298363         401.610995313882           1.045884856182          -0.017641749910           0.190705709271
2024-01-16-02-00-00.00      384959.710243845591      -46508.036179796822       41528.751004680256          66.881350615229         904.880030275838         397.883057800404           1.045631468902          -0.018905808082           0.189928404982
2024-01-16-03-00-00.00      385181.861282454280      -43245.235579854263       42954.353606785204          56.533683030007         907.777872036308         394.110962787266           1.045362482844          -0.020160694797           0.189102016205
2024-01-16-03-59-59.99      385366.736658511392      -39972.100434922235       44366.295996213790          46.172595377639         910.621603786896         390.293916525151           1.045077972693          -0.021405860754           0.188226483037
2024-01-16-05-00-00.00      385514.287464176305      -36688.823789755341       45764.414883914724          35.797752710923         913.412206159889         386.431101165984           1.044778015901          -0.022640753630           0.187301735000
2024-01-16-06-00-00.00      385624.463540616853      -33395.595073349417       47148.543989855971          25.408794602769         916.150707942352         382.521672541931           1.044462692702          -0.023864817249           0.186327690598
2024-01-16-06-59-59.99      385697.213382027461      -30092.599918421387       48518.513944068363          15.005332757167         918.838190106243         378.564757806431           1.044132086141          -0.025077490729           0.185304256822
2024-01-16-08-00-00.00      385732.484030797321      -26780.019965547119       49874.152179221164           4.586948427304         921.475790213374         374.559452958466           1.043786282040          -0.026278208692           0.184231328620
2024-01-16-09-00-00.00      385730.220962761028      -23458.032651299120       51215.282813357335          -5.846810398927         924.064707187821         370.504820209862           1.043425369034          -0.027466400344           0.183108788328
2024-01-16-09-59-59.99      385690.367962115386      -20126.810977826401       52541.726523596997         -16.296432054022         926.606206543032         366.399885197551           1.043049438612          -0.028641488513           0.181936505053
2024-01-16-11-00-00.00      385612.866984716442      -16786.523263113519       53853.300409077121         -26.762444531020         929.101626077519         362.243634011670           1.042658585097          -0.029802889740           0.180714334004
2024-01-16-12-00-00.00      385497.658008827828      -13437.332869684977       55149.817842964199         -37.245419137538         931.552382106491         358.035010025549           1.042252905694          -0.030950013236           0.179442115779
2024-01-16-12-59-59.99      385344.678872079996      -10079.397909880865       56431.088312602747         -47.745974504680         933.959976284382         353.772910503246           1.041832500557          -0.032082259779           0.178119675589
2024-01-16-14-00-00.00      385153.865093306522       -6712.870925328018       57696.917247105761         -58.264780994896         936.326003089714         349.456182963989           1.041397472774          -0.033199021648           0.176746822417
2024-01-16-15-00-00.00      384925.149677701178       -3337.898538257105       58947.105831270819         -68.802565560562         938.652158045418         345.083621274131           1.040947928445          -0.034299681408           0.175323348118
2024-01-16-15-59-59.99      384658.462903604552          45.378928330731       60181.450805018983         -79.360117109226         940.940246771422         340.653961448883           1.040483976759          -0.035383610617           0.173849026446
2024-01-16-17-00-00.00      384353.732088945806        3436.827864594134       61399.744246956776         -89.938292444888         943.192194945503         336.165877097185           1.040005730009          -0.036450169552           0.172323611988
2024-01-16-18-00-00.00      384010.881335181650        6836.321825659667       62601.773341163629        -100.538022852864         945.410059330448         331.617974540121           1.039513303685          -0.037498705752           0.170746839027
2024-01-16-18-59-59.99      383629.831246205140       10243.742024982039       63787.320125373117        -111.160321421966         947.596039944453         327.008787482898           1.039006816586          -0.038528552477           0.169118420304
2024-01-16-20-00-00.00      383210.498619457183       13658.977874019973       64956.161219449008        -121.806291194236         949.752493574342         322.336771275517           1.038486390847          -0.039539028135           0.167438045670
2024-01-16-21-00-00.00      382752.796106015390       17081.927573057768       66108.067532103028        -132.477134262549         951.881948757495         317.600296637597           1.037952152073          -0.040529434508           0.165705380627
2024-01-16-21-59-59.99      382256.631836054148       20512.498759048696       67242.803944247789        -143.174161940381         953.987122476978         312.797642877380           1.037404229474          -0.041499054846           0.163920064748
2024-01-16-23-00-00.00      381721.909005519410       23950.609216852979       68360.128966693490        -153.898806163499         956.070938751107         307.926990455977           1.036842755930          -0.042447152895           0.162081709945
2024-01-17-00-00-00.00      381148.525419291516       27396.187661304044       69459.794370009608        -164.652632295216         958.136549425455         302.986412915260           1.036267868157          -0.043372970668           0.160189898589
2024-01-17-00-59-59.99      380536.372985402355       30849.174598449154       70541.544783867415        -175.437353548903         960.187357438339         297.973868016907           1.035679706884          -0.044275726034           0.158244181463
2024-01-17-02-00-00.00      379885.337154072011       34309.523275609601       71605.117263111635        -186.254847267304         962.227042948621         292.887188072277           1.035078416958          -0.045154611168           0.156244075515
2024-01-17-03-00-00.00      379195.296294367407       37777.200731230252       72650.240817327183        -197.107173348352         964.259592727405         287.724069326227           1.034464147560          -0.046008789680           0.154189061402
2024-01-17-03-59-59.99      378466.121000168787       41252.188957153681       73676.635900357360        -207.996595154073         966.289333317651         282.482060314106           1.033837052427          -0.046837393474           0.152078580802
2024-01-17-05-00-00.00      377697.673315803579       44734.486187909613       74684.013855878409        -218.925603303476         968.320968538951         277.158549061756           1.033197290019          -0.047639520361           0.149912033458
2024-01-17-06-00-00.00      376889.805870138225       48224.108333861957       75672.076314653692        -229.896942824469         970.359622026983         271.750748999830           1.032545023790          -0.048414230248           0.147688773921
2024-01-17-06-59-59.99      376042.360906030110       51721.090577745250       76640.514538425166        -240.913644230453         972.410885626810         266.255683461234           1.031880422484          -0.049160540922           0.145408107972
2024-01-17-08-00-00.00      375155.169189861917       55225.489157414057       77589.008705400702        -251.979059201643         974.480874608391         260.670168575006           1.031203660367          -0.049877424426           0.143069288657
2024-01-17-09-00-00.00      374228.048783116159       58737.383361340340       78517.227130853178        -263.096901686776         976.576290867119         254.990794379480           1.030514917586          -0.050563801831           0.140671511906
2024-01-17-09-59-59.99      373260.803654785326       62256.877768074963       79424.825416305786        -274.271295408699         978.704495518832         249.213904009311           1.029814380555          -0.051218537394           0.138213911671
2024-01-17-11-00-00.00      372253.222109469527       65784.104766427219       80311.445519934932        -285.506828976404         980.873592557819         243.335570652795           1.029102242287          -0.051840433042           0.135695554520
2024-01-17-12-00-00.00      371205.075001237681       69319.227399748677       81176.714739729839        -296.808620059919         983.092525640352         237.351572136941           1.028378702862          -0.052428220967           0.133115433610
2024-01-17-12-59-59.99      370116.113697511028       72862.442585918732       82020.244600492937        -308.182390426425         985.371190473499         231.257362805279           1.027643969947          -0.052980555229           0.130472461960
2024-01-17-14-00-00.00      368986.067750020884       76413.984774504439       82841.629634319252        -319.634554043455         987.720565875637         225.048042522926           1.026898259262          -0.053496003271           0.127765464905
2024-01-17-15-00-00.00      367814.642221052258       79974.130114874104       83640.446043954827        -331.172320998087         990.152867263981         218.718322466943           1.026141795213          -0.053973035015           0.124993171624
2024-01-17-15-59-59.99      366601.514602098381       83543.201224072764       84416.250236905544        -342.803820651532         992.681727240190         212.262487525447           1.025374811590          -0.054410010350           0.122154205598
2024-01-17-17-00-00.00      365346.331248226867       87121.572662105798       85168.577217619895        -354.538248331449         995.322409087291         205.674355069479           1.024597552240          -0.054805165756           0.119247073820
2024-01-17-18-00-00.00      364048.703234040411       90709.677245747051       85896.938824663986        -366.386041000284         998.092060482796         198.947229986214           1.023810271935          -0.055156597590           0.116270154561
2024-01-17-18-59-59.99      362708.201514949091       94308.013361601668       86600.821799318757        -378.359088828287        1001.010016657449         192.073855992342           1.023013237335          -0.055462242611           0.113221683467
2024-01-17-20-00-00.00      361324.351249150583       97917.153476724983       87279.685672437321        -390.470991557111        1004.098164744191         185.046363584189           1.022206727979          -0.055719856220           0.110099737668
2024-01-17-21-00-00.00      359896.625099285040      101537.754093063122       87932.960458868838        -402.737371181246        1007.381384405514         177.856215148851           1.021391037504          -0.055926985582           0.106902217582
2024-01-17-21-59-59.99      358424.435285159096      105170.567453916839       88560.044151131195        -415.176255965085        1010.888084239664         170.494148723656           1.020566475035          -0.056080937773           0.103626825991
2024-01-17-23-00-00.00      356907.124096737069      108816.455391006064       89160.300011367392        -427.808555621742        1014.650859442817         162.950122654490           1.019733366661          -0.056178742800           0.100271043863
2024-01-18-00-00-00.00      355343.952494029712      112476.405806256735       89733.053671428046        -440.658654033643        1018.707304292824         155.213265177472           1.018892057240          -0.056217107913           0.096832102324
2024-01-18-00-59-59.99      353734.086310013430      116151.552422232358       90277.590069501530        -453.755155033952        1023.101024158740         147.271835416911           1.018042912484          -0.056192362288           0.093306950008
2024-01-18-02-00-00.00      352076.579423102608      119843.198622305630       90793.150282216913        -467.131829603111        1027.882907199716         139.113206458362           1.017186321265          -0.056100390528           0.089692214860
2024-01-18-03-00-00.00      350370.353060551221      123552.846455302060       91278.928359727826        -480.828831149696        1033.112737679948         130.723887687860           1.016322698436          -0.055936549501           0.085984159233
2024-01-18-03-59-59.99      348614.170109508152      127282.232226697219       91734.068351377384        -494.894272099648        1038.861263966821         122.089613945933           1.015452488156          -0.055695564965           0.082178626884
2024-01-18-05-00-00.00      346806.602911147114      131033.370581571115       92157.661836560947        -509.386293984869        1045.212879238637         113.195546495936           1.014576167747          -0.055371402735           0.078270980083
2024-01-18-06-00-00.00      344945.992439557391      134808.609664822812       92548.746484490228        -524.375821604634        1052.269139194602         104.026659227336           1.013694252461          -0.054957103716           0.074256024717
2024-01-18-06-59-59.99      343030.395932306594      138610.700917818962       92906.306510074646        -539.950280846420        1060.153440239665          94.568431559109           1.012807301309          -0.054444571728           0.070127920721
2024-01-18-08-00-00.00      341057.518802475824      142442.888487815333       93229.276465340139        -556.218698301190        1069.017332827012          84.808052131869           1.011915924184          -0.053824297859           0.065880074713
2024-01-18-09-00-00.00      339024.624791011622      146309.025326981588       93516.550776935110        -573.318821276100        1079.049179644830          74.736482938310           1.011020790994          -0.053084994183           0.061505011149
2024-01-18-09-59-59.99      336928.415425556712      150213.726232132554       93767.003124046911        -591.427256913143        1090.486242287978          64.351994995764           1.010122643463          -0.052213100559           0.056994218116
2024-01-18-11-00-00.00      334764.865265445667      154162.572981045203       93979.522734502461        -610.774232506353        1103.631887134315          53.666274239253           1.009222310686          -0.051192108812           0.052337964342
2024-01-18-12-00-00.00      332528.991942576133      158162.394470887986       94153.080129964161        -631.665622611723        1118.880613480300          42.715130866051           1.008320730560          -0.050001613732           0.047525086482
2024-01-18-12-59-59.99      330214.527460567362      162221.657323758118       94286.845137474244        -654.516751865460        1136.755334266102          31.577714423105           1.007418980265          -0.048615949679           0.042542753122
2024-01-18-14-00-00.00      327813.435421889881      166351.023298514890       94380.400177400923        -679.905934399609        1157.964361533709          20.412038804865           1.006518321539          -0.047002177540           0.037376231286
2024-01-18-15-00-00.00      325315.179562602309      170564.165432589565       94434.133309118726        -708.662357909494        1183.490935335405           9.523204987176           1.005620272026          -0.045117012803           0.032008730527
2024-01-18-15-59-59.99      322705.575226482935      174878.996770174999       94449.985377912570        -742.016248146400        1214.737789005377          -0.499246325825           1.004726725075          -0.042901964163           0.026421526249
2024-01-18-17-00-00.00      319964.911087418091      179319.573996580992       94432.932970153619        -781.866977756180        1253.765900813439          -8.488236988985           1.003840167166          -0.040275308051           0.020594900829
2024-01-18-18-00-00.00      317064.735276947904      183919.120610730752       94394.104086245483        -831.283598231506        1303.689931670304         -12.027607518651           1.002964111422          -0.037118186160           0.014511392011
2024-01-18-18-59-59.99      313962.096891105291      188724.854482035211       94357.817241089448        -895.470699062662        1369.287735527986          -5.776455138695           1.002104062819          -0.033249271869           0.008165740399
2024-01-18-20-00-00.00      310588.906645408308      193805.137330028781       94378.963819038065        -983.578576748671        1457.552859950421          23.130388603149           1.001269967966          -0.028376696070           0.001595672693
2024-01-18-21-00-00.00      306833.445549667522      199255.043432007573       94590.181449611846       -1110.884465136745        1575.110560409393         108.664371658568           1.000483413438          -0.022009591333          -0.005016519282
2024-01-18-21-59-59.99      302527.361138136243      205160.704697500565       95332.926412433197       -1288.261288468489        1700.317058867091         340.218032546064           0.999801217945          -0.013367702425          -0.010995067940
2024-01-18-23-00-00.00      297598.989308754914      211311.930074991222       97363.108846128773       -1421.200353098230        1664.580082435880         823.403253141820           0.999375204929          -0.001943640616          -0.014321683686
2024-01-19-00-00-00.00      292622.334646158561      216747.045530064264      101167.863213586956       -1305.649310822466        1328.540259252271        1230.541236009999           0.999400668201           0.010073667745          -0.012619937545
2024-01-19-00-59-59.99      288278.510364154179      220940.946340776718      105801.672537985665       -1114.784247930343        1026.267117311547        1306.032790836773           0.999805053161           0.019645236790          -0.007390956311
2024-01-19-02-00-00.00      284517.040470061940      224297.073888667743      110433.254873771555        -985.323775155794         855.160065994697        1259.537483798327           1.000404552745           0.026732550336          -0.001081882310
2024-01-19-03-00-00.00      281124.846718756133      227185.014441686944      114851.043196686136        -905.470981558822         757.619289074403        1194.687969250826           1.001103535858           0.032138060804           0.005336283852
2024-01-19-03-59-59.99      277963.363096808083      229795.328204928257      119040.844682856114        -854.510821338491         696.867121869667        1134.211004000630           1.001860399410           0.036420371506           0.011582222267
2024-01-19-05-00-00.00      274952.165132265480      232225.668082240591      123026.735296641258        -820.560746515984         655.728273237766        1081.445843234949           1.002654668133           0.039913844805           0.017584303382
2024-01-19-06-00-00.00      272042.738553611853      234529.991870123718      126835.756414498726        -797.187965657458         625.895206225008        1035.752606722964           1.003474728167           0.042824484979           0.023334781674
2024-01-19-06-59-59.99      269204.139616223634      236740.403583208768      130491.134672736225        -780.754939436028         603.029934310736         995.881979249971           1.004313207116           0.045286024732           0.028845616218
2024-01-19-08-00-00.00      266415.616188670043      238877.209778972407      134011.717668297031        -769.086614515224         584.697685739513         960.695073648521           1.005165014947           0.047389642426           0.034134038241
2024-01-19-09-00-00.00      263662.659559469088      240953.902642155619      137412.654788572341        -760.813686839644         569.445794461942         929.278000771266           1.006026411321           0.049200151068           0.039217619340
2024-01-19-09-59-59.99      260934.775664580695      242979.809684750449      140706.184649619623        -755.034959481045         556.362511176053         900.920732296275           1.006894516126           0.050765254968           0.044112632629
2024-01-19-11-00-00.00      258224.160972122801      244961.591398287361      143902.291635905131        -751.134516213470         544.851001042333         875.073791519246           1.007767031247           0.052121103196           0.048833615543
2024-01-19-12-00-00.00      255524.879456490598      246904.132637053175      147009.211236775329        -748.677707165325         534.506572437087         851.309269934935           1.008642071656           0.053295770337           0.053393374743
2024-01-19-12-59-59.99      252832.330593415885      248811.096850687929      150033.810634844267        -747.349290393315         525.046530953107         829.290565685267           1.009518057171           0.054311522095           0.057803142846
2024-01-19-14-00-00.00      250142.893626756588      250685.283735781151      152981.874904225435        -746.915180237657         516.268324466232         808.749918345835           1.010393639863           0.055186338381           0.062072773599
2024-01-19-15-00-00.00      247453.682613218407      252528.867505600909      155858.323636792949        -747.197970139032         508.023616120444         789.471925097561           1.011267653499           0.055934968418           0.066210932047
2024-01-19-15-59-59.99      244762.373372545815      254343.560062065400      158667.376519736688        -748.060791776483         500.201692672896         771.281428021170           1.012139077156           0.056569679721           0.070225264702
2024-01-19-17-00-00.00      242067.078457077383      256130.725455651729      161412.681284821214        -749.396385386149         492.718540242886         754.034549125577           1.013007008328           0.057100800639           0.074122546269
2024-01-19-18-00-00.00      239366.255005019048      257891.461886784818      164097.413682654296        -751.119522753240         485.509468893324         737.611990562419           1.013870642543           0.057537122570           0.077908804044
2024-01-19-18-59-59.99      236658.635620654037      259626.661558872176      166724.356445488229        -753.161643235046         478.524021190211         721.913974256648           1.014729257616           0.057886202813           0.081589422618
2024-01-19-20-00-00.00      233943.175703784043      261337.055095783959      169295.962297778693        -755.466984514549         471.722387062328         706.856378264223           1.015582201256           0.058154595186           0.085169231812
2024-01-19-21-00-00.00      231219.012741703424      263023.244997008995      171814.404725301254        -757.989743991422         465.072833971294         692.367755627597           1.016428881152           0.058348029652           0.088652580601
2024-01-19-21-59-59.99      228485.434442295169      264685.731174201181      174281.619252263685        -760.691964224439         458.549835119255         678.387010589450           1.017268756938           0.058471553393           0.092043399401
2024-01-19-23-00-00.00      225741.853497530596      266324.930679411162      176699.337285123416        -763.541935712678         452.132686123025         664.861569736928           1.018101333603           0.058529641915           0.095345252738
2024-01-20-00-00-00.00      222987.787385948264      267941.193113513524      179069.114079779683        -766.512975090534         445.804469136958         651.745929406284           1.018926156020           0.058526289047           0.098561383940
2024-01-20-00-59-59.99      220222.842051667627      269534.812780484965      181392.352022722334        -769.582479566306         439.551267675432         639.000492184953           1.019742804356           0.058465079902           0.101694753234
2024-01-20-02-00-00.00      217446.698598815274      271106.038362367777      183670.320142826473        -772.731187356442         433.361564945846         626.590627236950           1.020550890203           0.058349249566           0.104748070352
2024-01-20-03-00-00.00      214659.102355898824      272655.080684636778      185904.170568538975        -775.942593500294         427.225778034933         614.485905790491           1.021350053278           0.058181732313           0.107723822544
2024-01-20-03-59-59.99      211859.853820465476      274182.118996523088      188094.952490944823        -779.202484215835         421.135893908823         602.659474652415           1.022139958575           0.057965202506           0.110624298764
2024-01-20-05-00-00.00      209048.801108620217      275687.306086056458      190243.624076246750        -782.498562604270         415.085182500209         591.087539405538           1.022920293935           0.057702107831           0.113451610619
2024-01-20-06-00-00.00      206225.833618832054      277170.772472977696      192351.062681556767        -785.820145429006         409.067968747886         579.748935393784           1.023690767906           0.057394698139           0.116207710591
2024-01-20-06-59-59.99      203390.876682985574      278632.629866291769      194418.073658219015        -789.157915666269         403.079450108336         568.624769505732           1.024451107881           0.057045049891           0.118894407948
2024-01-20-08-00-00.00      200543.887025740027      280072.974031212158      196445.397972430743        -792.503719195402         397.115549461191         557.698119394403           1.025201058475           0.056655086016           0.121513382684
2024-01-20-09-00-00.00      197684.848890122230      281491.887178488774      198433.718830348080        -795.850396685569         391.172795772137         546.953779606673           1.025940380075           0.056226593788           0.124066197771
2024-01-20-09-59-59.99      194813.770715527789      282889.439965232392      200383.667460688885        -799.191643771170         385.248226710837         536.378046213006           1.026668847562           0.055761240233           0.126554309974
2024-01-20-11-00-00.00      191930.682276622334      284265.693177610985      202295.828181324905        -802.521894070574         379.339308697951         525.958533305283           1.027386249178           0.055260584494           0.128979079410
2024-01-20-12-00-00.00      189035.632208667463      285620.699151898210      204170.742854133074        -805.836220826320         373.443870947879         515.684015900611           1.028092385510           0.054726089444           0.131341778038
2024-01-20-12-59-59.99      186128.685858628392      286954.502979056211      206008.914815212484        -809.130253779023         367.560050773740         505.544294911120           1.028787068574           0.054159131851           0.133643597214
2024-01-20-14-00-00.00      183209.923412222095      288267.143529426889      207810.812353253888        -812.400108590050         361.686248025406         495.530080611401           1.029470121005           0.053561010307           0.135885654429
2024-01-20-15-00-00.00      180279.438255826826      289558.654327183322      209576.871797315805        -815.642326639160         355.821086956492         485.632891707963           1.030141375315           0.052932953100           0.138068999341
2024-01-20-15-59-59.99      177337.335539049032      290829.064298882207      211307.500265571376        -818.853823474499         349.963384196083         475.844967580911           1.030800673223           0.052276125181           0.140194619183
2024-01-20-17-00-00.00      174383.730909445236      292078.398416062933      213003.078118791222        -822.031844487564         344.112121735177         466.159191730211           1.031447865057           0.051591633364           0.142263443626
2024-01-20-18-00-00.00      171418.749395680556      293306.678248197190      214663.961156020290        -825.173926647998         338.266424050974         456.569024789077           1.032082809199           0.050880531856           0.144276349157
2024-01-20-18-59-59.99      168442.524418876914      294513.922439761227      216290.482584068086        -828.277865369072         332.425538684881         447.068445703114           1.032705371584           0.050143827205           0.146234163040
2024-01-20-20-00-00.00      165455.196915256121      295700.147122681432      217882.954788271687        -831.341685703733         326.588819685636         437.651899944879           1.033315425247           0.049382481759           0.148137666889
2024-01-20-21-00-00.00      162456.914555657306      296865.366273631284      219441.670927986910        -834.363617238887         320.755713463745         428.314253777042           1.033912849903           0.048597417672           0.149987599916
2024-01-20-21-59-59.99      159447.831049633707      298009.592024132726      220966.906377098814        -837.342072124431         314.925746654355         419.050753768595           1.034497531563           0.047789520540           0.151784661873
2024-01-20-23-00-00.00      156428.105523638253      299132.834930137440      222458.920027138985        -840.275625820535         309.098515699338         409.856990837831           1.035069362180           0.046959641706           0.153529515736
2024-01-21-00-00-00.00      153397.901964221150      300235.104206783290      223917.955468227301        -843.163000153317         303.273677862188         400.728868261081           1.035628239334           0.046108601259           0.155222790144
2024-01-21-00-59-59.99      150357.388718589325      301316.407933027891      225344.242061235942        -846.003048377584         297.450943471006         391.662573128211           1.036174065923           0.045237190779           0.156865081632
2024-01-21-02-00-00.00      147306.738045709761      302376.753230309405      226737.995912727813        -848.794741968521         291.630069202182         382.654550819729           1.036706749896           0.044346174862           0.158456956664
2024-01-21-03-00-00.00      144246.125712214969      303416.146418661810      228099.420762888913        -851.537158920884         285.810852257218         373.701482129418           1.037226203997           0.043436293432           0.159998953497
2024-01-21-03-59-59.99      141175.730627965298      304434.593153312278      229428.708795342594        -854.229473359760         279.993125303995         364.800262713815           1.037732345527           0.042508263876           0.161491583899
2024-01-21-05-00-00.00      138095.734516982135      305432.098544223001      230726.041376812063        -856.870946285647         274.176752066828         355.947984600658           1.038225096133           0.041562782022           0.162935334708
2024-01-21-06-00-00.00      135006.321619816968      306408.667260827264      231991.589733510307        -859.460917331338         268.361623487269         347.141919502249           1.038704381600           0.040600523972           0.164330669274
2024-01-21-06-59-59.99      131907.678423976846      307364.303623839514      233225.515570404474        -861.998797384290         262.547654363141         338.379503741557           1.039170131668           0.039622147804           0.165678028794
2024-01-21-08-00-00.00      128799.993419522318      308299.011685724021      234427.971638844581        -864.484061999454         256.734780417842         329.658324591227           1.039622279855           0.038628294173           0.166977833522
2024-01-21-09-00-00.00      125683.456877086661      309212.795301304199      235599.102257312712        -866.916245477465         250.922955724264         320.976107887165           1.040060763298           0.037619587795           0.168230483896
2024-01-21-09-59-59.99      122558.260646107999      310105.658189679380      236739.043789649935        -869.294935559357         245.112150452432         312.330706760870           1.040485522603           0.036596638841           0.169436361583
2024-01-21-11-00-00.00      119424.597971218915      310977.603988518822      237847.925084581570        -871.619768651173         239.302348889489         303.720091379898           1.040896501701           0.035560043260           0.170595830427
2024-01-21-12-00-00.00      116282.663324892346      311828.636301703169      238925.867879924306        -873.890425528551         233.493547702557         295.142339583716           1.041293647720           0.034510384020           0.171709237338
2024-01-21-12-59-59.99      113132.652254823362      312658.758741071855      239972.987174580718        -876.106627464052         227.685754410985         286.595628324463           1.041676910865           0.033448232271           0.172776913112
2024-01-21-14-00-00.00      109974.761244507346      313467.974963036657      240989.391571016575        -878.268132731409         221.878986042431         278.078225828615           1.042046244299           0.032374147470           0.173799173181
2024-01-21-15-00-00.00      106809.187585847103      314256.288700622215      241975.183590734261        -880.374733453489         216.073267952579         269.588484403709           1.042401604041           0.031288678436           0.174776318316
2024-01-21-15-59-59.99      103636.129262482384      315023.703791550535      242930.459964886308        -882.426252753568         210.268632786811         261.124833826227           1.042742948865           0.030192364350           0.175708635277
2024-01-21-17-00-00.00      100455.784842918569      315770.224202796642      243855.311902061134        -884.422542170650         204.465119562632         252.685775255568           1.043070240209           0.029085734728           0.176596397404
2024-01-21-18-00-00.00       97268.353382503832      316495.854052047129      244749.825335015164        -886.363479336268         198.662772868437         244.269875612297           1.043383442081           0.027969310340           0.177439865175
2024-01-21-18-59-59.99       94074.034333345640      317200.597626456525      245614.081147938414        -888.248965858669         192.861642152708         235.875762384955           1.043682520990           0.026843604088           0.178239286722
2024-01-21-20-00-00.00       90873.027461488600      317884.459398998239      246448.155385724996        -890.078925417378         187.061781102037         227.502118814924           1.043967445859           0.025709120870           0.178994898297
2024-01-21-21-00-00.00       87665.532770631820      318547.444042708434      247252.119446543249        -891.853302034177         181.263247091782         219.147679427031           1.044238187958           0.024566358390           0.179706924716
2024-01-21-21-59-59.99       84451.750431707143      319189.556443094101      248026.040258867870        -893.572058513408         175.466100704618         210.811225868818           1.044494720842           0.023415807949           0.180375579762
2024-01-21-23-00-00.00       81231.880717915745      319810.801708883082      248769.980444084009        -895.235175041774         169.670405309993         202.491583028349           1.044737020277           0.022257954220           0.181001066556
2024-01-22-00-00-00.00       78006.123944401552      320411.185181376117      249483.998465498677        -896.842647911780         163.876226690959         194.187615407699           1.044965064192           0.021093275990           0.181583577903
2024-01-22-00-59-59.99       74774.680412388741      320990.712442564196      250168.148764823040        -898.394488385882         158.083632722211         185.898223721944           1.045178832625           0.019922246872           0.182123296610
2024-01-22-02-00-00.00       71537.750357161072      321549.389322116156      250822.481886697409        -899.890721678280         152.292693088597         177.622341703341           1.045378307663           0.018745335021           0.182620395771
2024-01-22-03-00-00.00       68295.533899513975      322087.221903448342      251447.044592090504        -901.331386034507         146.503479037686         169.358933093108           1.045563473397           0.017563003819           0.183075039035
2024-01-22-03-59-59.99       65048.231000339329      322604.216528957011      252041.879961167520        -902.716531922638         140.716063168047         161.106988797003           1.045734315891           0.016375712533           0.183487380854
2024-01-22-05-00-00.00       61796.041417904307      323100.379804553639      252607.027486181149        -904.046221315609         134.930519245719         152.865524190164           1.045890823117           0.015183915990           0.183857566695
2024-01-22-06-00-00.00       58539.164667659534      323575.718603557558      253142.523154925002        -905.320527055464         129.146922044411         144.633576555844           1.046032984931           0.013988065210           0.184185733243
2024-01-22-06-59-59.99       55277.799984095313      324030.240070081432      253648.399525162502        -906.539532301928         123.365347209183         136.410202640746           1.046160793041           0.012788608033           0.184472008582
2024-01-22-08-00-00.00       52012.146284453607      324463.951621955668      254124.685790450370        -907.703330065236         117.585871141071         128.194476313199           1.046274240959           0.011585988756           0.184716512353
2024-01-22-09-00-00.00       48742.402134015472      324876.860953264288      254571.407837701758        -908.812022801055         111.808570896319         119.985486313375           1.046373323975           0.010380648738           0.184919355897
2024-01-22-09-59-59.99       45468.765712777975      325268.976036531734      254988.588296802860        -909.865722078575         106.033524101259         111.782334081529           1.046458039140           0.009173026998           0.185080642380
2024-01-22-11-00-00.00       42191.434783033226      325640.305124667240      255376.246582509688        -910.864548322782         100.260808881964         103.584131651994           1.046528385220           0.007963559829           0.185200466895
2024-01-22-12-00-00.00       38910.606657925127      325990.856752637192      255734.398928893759        -911.808630615662          94.490503803451          95.389999604928           1.046584362679           0.006752681382           0.185278916559
2024-01-22-12-59-59.99       35626.478170570772      326320.639738948958      256063.058416490298        -912.698106553260          88.722687817930          87.199065064394           1.046625973670           0.005540824246           0.185316070579
2024-01-22-14-00-00.00       32339.245643445513      326629.663186984370      256362.234992301790        -913.533122193918          82.957440225823          79.010459731640           1.046653221987           0.004328419046           0.185312000316
2024-01-22-15-00-00.00       29049.104858083228      326917.936486168182      256631.935482788627        -914.313832027047          77.194840637570          70.823317948307           1.046666113065           0.003115895018           0.185266769318
2024-01-22-15-59-59.99       25756.251024589426      327185.469313040259      256872.163599910622        -915.040399031491          71.434968945706          62.636774776188           1.046664653964           0.001903680577           0.185180433358
2024-01-22-17-00-00.00       22460.878750907428      327432.271632223157      257082.919940280408        -915.712994785425          65.677905299847          54.449964086850           1.046648853340           0.000692202908           0.185053040432
2024-01-22-18-00-00.00       19163.182011582918      327658.353697307059      257264.201977440767        -916.331799632422          59.923730084407          46.262016651048           1.046618721437          -0.000518111461           0.184884630758
2024-01-22-18-59-59.99       15863.354115806917      327863.726051658392      257416.004047250113        -916.897002912144          54.172523898437          38.072058218576           1.046574270087          -0.001726836098           0.184675236758
2024-01-22-20-00-00.00       12561.587674526918      328048.399529156741      257538.317326323246        -917.408803253373          48.424367535732          29.879207579232           1.046515512677          -0.002933545067           0.184424883020
2024-01-22-21-00-00.00        9258.074566386735      328212.385254858469      257631.129803443706        -917.867408926508          42.679341963751          21.682574594880           1.046442464151          -0.004137812358           0.184133586239
2024-01-22-21-59-59.99        5953.005902274207      328355.694645581243      257694.426243825466        -918.273038265799          36.937528300474          13.481258193313           1.046355141015          -0.005339211319           0.183801355158
2024-01-22-23-00-00.00        2646.571988249759      328478.339410398621      257728.188146066241        -918.625920160941          31.199007787513           5.274344314178           1.046253561305          -0.006537315046           0.183428190478
2024-01-23-00-00-00.00        -661.037713475133      328580.331551029929      257732.393691610137        -918.926294609481          25.463861758571          -2.939096204928           1.046137744595          -0.007731695804           0.183014084754
2024-01-23-00-59-59.99       -3969.634625619119      328661.683362105920      257707.017686472129        -919.174413370028          19.732171601395         -11.160009807887           1.046007712008          -0.008921924442           0.182559022281
2024-01-23-02-00-00.00       -7279.031099458330      328722.407431283034      257652.031494983734        -919.370540662815          14.004018712615         -19.389362483406           1.045863486189          -0.010107570768           0.182062978952
2024-01-23-03-00-00.00      -10589.040461070723      328762.516639183043      257567.402965219168        -919.514953988187           8.279484442545         -27.628142114967           1.045705091313          -0.011288202950           0.181525922105
2024-01-23-03-59-59.99      -13899.477060779978      328782.024159107707      257453.096345797443        -919.607944999842           2.558650030791         -35.877360940511           1.045532553105          -0.012463386905           0.180947810347
2024-01-23-05-00-00.00      -17210.156325816879      328780.943456505891      257309.072193603090        -919.649820510510          -3.158403472928         -44.138058123166           1.045345898813          -0.013632686653           0.180328593361
2024-01-23-06-00-00.00      -20520.894816838263      328759.288288126758      257135.287272029585        -919.640903572717          -8.871595301178         -52.411302459260           1.045145157226          -0.014795663681           0.179668211685
2024-01-23-06-59-59.99      -23831.510288480527      328717.072700814810      256931.694439199346        -919.581534698466         -14.580845081001         -60.698195228526           1.044930358696          -0.015951876308           0.178966596483
2024-01-23-08-00-00.00      -27141.821754646375      328654.311029850796      256698.242525662325        -919.472073155081         -20.286072961557         -68.999873220247           1.044701535114          -0.017100879986           0.178223669273
2024-01-23-09-00-00.00      -30451.649558523459      328571.017896811536      256434.876200833969        -919.312898445823         -25.987199770951         -77.317511930826           1.044458719932          -0.018242226635           0.177439341649
2024-01-23-09-59-59.99      -33760.815448326714      328467.208206800162      256141.535827595973        -919.104411891880         -31.684147194904         -85.652328976621           1.044201948197          -0.019375463954           0.176613514968
2024-01-23-11-00-00.00      -37069.142658827528      328342.897145009774      255818.157304151857        -918.847038401371         -37.376837990667         -94.005587725220           1.043931256523          -0.020500135675           0.175746080008
2024-01-23-12-00-00.00      -40376.455999734128      328198.100172438717      255464.671892360959        -918.541228368181         -43.065196229197        -102.378601190128           1.043646683126          -0.021615780832           0.174836916599
2024-01-23-12-59-59.99      -43682.581951530781      328032.833020536928      255081.006031957862        -918.187459800953         -48.749147581441        -110.772736199376           1.043348267857          -0.022721933014           0.173885893231
2024-01-23-14-00-00.00      -46987.348768282478      327847.111685083364      254667.081138262030        -917.786240632974         -54.428619651459        -119.189417863433           1.043036052184          -0.023818120547           0.172892866609
2024-01-23-15-00-00.00      -50290.586590445891      327640.952418394038      254222.813384226058        -917.338111276825         -60.103542357652        -127.630134396661           1.042710079231          -0.024903865686           0.171857681191
2024-01-23-15-59-59.99      -53592.127566527546      327414.371720268915      253748.113463898335        -916.843647406428         -65.773848371450        -136.096442315435           1.042370393815          -0.025978683779           0.170780168681
2024-01-23-17-00-00.00      -56891.805985514715      327167.386327182758      253242.886336575932        -916.303463037941         -71.439473625671        -144.589972050218           1.042017042440          -0.027042083356           0.169660147475
2024-01-23-18-00-00.00      -60189.458420855903      326900.013199526875      252707.030949903274        -915.718213903073         -77.100357895820        -153.112434027790           1.041650073337          -0.028093565216           0.168497422070
2024-01-23-18-59-59.99      -63484.923887321558      326612.269506578567      252140.439940209792        -915.088601182873         -82.756445472409        -161.665625262755           1.041269536514          -0.029132621479           0.167291782422
2024-01-23-20-00-00.00      -66778.044011777631      326304.172608916357      251542.999308031052        -914.415375600663         -88.407685928313        -170.251436531003           1.040875483749          -0.030158735539           0.166043003252
2024-01-23-21-00-00.00      -70068.663219618291      325975.740037835611      250914.588066737517        -913.699341956450         -94.054035004008        -178.871860176061           1.040467968646          -0.031171381017           0.164750843293
2024-01-23-21-59-59.99      -73356.628938242575      325626.989471375302      250255.077861754573        -912.941364119563         -99.695455619538        -187.528998635192           1.040047046691          -0.032170020657           0.163415044478
2024-01-23-23-00-00.00      -76641.791819604041      325257.938706391025      249564.332557757385        -912.142370588521        -105.331919047189        -196.225073744089           1.039612775255          -0.033154106105           0.162035331065
2024-01-24-00-00-00.00      -79924.005983627096      324868.605626162840      248842.207790701563        -911.303360603639        -110.963406244172        -204.962436951603           1.039165213655          -0.034123076670           0.160611408675
2024-01-24-00-59-59.99      -83203.129284984578      324459.008162801096      248088.550481410755        -910.425410980454        -116.589909399474        -213.743580504801           1.038704423227          -0.035076358012           0.159142963273
2024-01-24-02-00-00.00      -86479.023605731592      324029.164253709081      247303.198306883336        -909.509683672931        -122.211433701415        -222.571149763552           1.038230467334          -0.036013361681           0.157629660035
2024-01-24-03-00-00.00      -89751.555176729322      323579.091791197250      246485.979125088139        -908.557434223437        -127.827999380900        -231.447956750629           1.037743411442          -0.036933483620           0.156071142144
2024-01-24-03-59-59.99      -93020.594931277898      323108.808564173523      245636.710348538880        -907.570021185093        -133.439644062618        -240.376995109598           1.037243323208          -0.037836102558           0.154467029463
2024-01-24-05-00-00.00      -96286.018894459019      322618.332190796966      244755.198261133424        -906.548916651391        -139.046425475263        -249.361456647611           1.036730272495          -0.038720579228           0.152816917103
2024-01-24-06-00-00.00      -99547.708612763119      322107.680040588661      243841.237272366358        -905.495718059893        -144.648424583139        -258.404749663092           1.036204331472          -0.039586254502           0.151120373857
2024-01-24-06-59-59.99     -102805.551628738147      321576.869144413678      242894.609101989598        -904.412161451444        -150.245749210949        -267.510519292186           1.035665574707          -0.040432447377           0.149376940500
2024-01-24-08-00-00.00     -106059.442006262034      321025.916090420389      241915.081887359469        -903.300136385991        -155.838538241068        -276.682670153609           1.035114079211          -0.041258453735           0.147586127925
2024-01-24-09-00-00.00     -109309.280912900358      320454.836903676332      240902.409204686497        -902.161702771392        -161.426966486413        -285.925391602126           1.034549924546          -0.042063543963           0.145747415111
2024-01-24-09-59-59.99     -112554.977266688991      319863.646906883514      239856.328994111595        -900.999109899079        -167.011250360077        -295.243185953990           1.033973192948          -0.042846960360           0.143860246903
2024-01-24-11-00-00.00     -115796.448455954742      319252.360559024499      238776.562377216498        -899.814818019427        -172.591654479032        -304.640900120558           1.033383969385          -0.043607915236           0.141924031566
2024-01-24-12-00-00.00     -119033.621141998010      318620.991268284153      237662.812353808433        -898.611522882925        -178.168499384184        -314.123761132003           1.032782341695          -0.044345587792           0.139938138108
2024-01-24-12-59-59.99     -122266.432156081835      317969.551174923836      236514.762362851994        -897.392183718118        -183.742170579380        -323.697416143625           1.032168400735          -0.045059120681           0.137901893339
2024-01-24-14-00-00.00     -125494.829504311492      317298.050898785761      235332.074690448237        -896.160055226453        -189.313129142121        -333.367977611668           1.031542240466          -0.045747617140           0.135814578620
2024-01-24-15-00-00.00     -128718.773495841684      316606.499245378596      234114.388704568264        -894.918724297754        -194.881924223065        -343.142074432106           1.030903958125          -0.046410136777           0.133675426278
2024-01-24-15-59-59.99     -131938.238013036258      315894.902862978342      232861.318893602613        -893.672152261948        -200.449207800949        -353.026910018952           1.030253654407          -0.047045690865           0.131483615646
2024-01-24-17-00-00.00     -135153.211945159157      315163.265841880930      231572.452681640076        -892.424723705268        -206.015752171952        -363.030328435501           1.029591433591          -0.047653238030           0.129238268662
2024-01-24-18-00-00.00     -138363.700811412622      314411.589244930481      230247.347989177157        -891.181303043353        -211.582470728715        -373.160889969961           1.028917403755          -0.048231678359           0.126938444988
2024-01-24-18-59-59.99     -141569.728603813157      313639.870556261332      228885.530502381822        -889.947300369556        -217.150442760418        -383.427957752907           1.028231677006          -0.048779846769           0.124583136570
2024-01-24-20-00-00.00     -144771.339886476751      312848.103032231389      227486.490607752290        -888.728748395344        -222.720943157982        -393.841797388494           1.027534369658          -0.049296506434           0.122171261564
2024-01-24-21-00-00.00     -147968.602195148647      312036.274934962217      226049.679941164446        -887.532392727081        -228.295478135296        -404.413691984472           1.026825602508          -0.049780340279           0.119701657538
2024-01-24-21-59-59.99     -151161.608789873106      311204.368624357448      224574.507490917022        -886.365798279637        -233.875828381038        -415.156075459996           1.026105501135          -0.050229941271           0.117173073845
2024-01-24-23-00-00.00     -154350.481824867689      310352.359478807135      223060.335182735202        -885.237475316336        -239.464101437325        -426.082687648529           1.025374196149          -0.050643802235           0.114584163030
2024-01-25-00-00-00.00     -157535.376013875677      309480.214607376140      221506.472860810376        -884.157029477594        -245.062795584711        -437.208755548995           1.024631823561          -0.051020303069           0.111933471137
2024-01-25-00-59-59.99     -160716.482886914484      308587.891306970327      219912.172561449406        -883.135341336471        -250.674878188206        -448.551206068354           1.023878525169          -0.051357695964           0.109219426725
2024-01-25-02-00-00.00     -163894.035756861296      307675.335205848445      218276.621954414964        -882.184782529300        -256.303882336415        -460.128916894449           1.023114448934          -0.051654089155           0.106440328384
2024-01-25-03-00-00.00     -167068.315543099423      306742.478019056958      216598.936800214433        -881.319477471778        -261.954026752997        -471.963013863148           1.022339749463          -0.051907426857           0.103594330508
2024-01-25-03-59-59.99     -170239.657636506745      305789.234820634767      214878.152237958071        -880.555622372118        -267.630365598601        -484.077225248025           1.021554588562          -0.052115465693           0.100679426998
2024-01-25-05-00-00.00     -173408.460038222576      304815.500709992950      213113.212675841729        -879.911876761582        -273.338976910100        -496.498306304719           1.020759135779          -0.052275747757           0.097693432544
2024-01-25-06-00-00.00     -176575.193067676184      303821.146713270631      211302.960001959378        -879.409847649103        -279.087201493179        -509.256550959992           1.019953569102          -0.052385567466           0.094633961030
2024-01-25-06-59-59.99     -179740.411019183375      302806.014710595307      209446.119764439936        -879.074692967910        -284.883948214494        -522.386412575774           1.019138075760          -0.052441931866           0.091498400505
2024-01-25-08-00-00.00     -182904.766257804964      301769.911113012407      207541.284879049490        -878.935880268452        -290.740087706523        -535.927261957263           1.018312853076          -0.052441513648           0.088283884066
2024-01-25-09-00-00.00     -186069.026396837144      300712.598918731906      205586.896307123534        -879.028149452564        -296.668964923447        -549.924319769542           1.017478109538          -0.052380592898           0.084987255803
2024-01-25-09-59-59.99     -189234.095405823289      299633.787648272351      203581.219991566788        -879.392746841538        -302.687073526049        -564.429812078091           1.016634066070          -0.052254985657           0.081605030798
2024-01-25-11-00-00.00     -192401.039785398898      298533.120472126815      201522.319136699545        -880.079024401413        -308.814953269970        -579.504414308231           1.015780957474          -0.052059956386           0.078133347897
2024-01-25-12-00-00.00     -195571.121348651766      297410.157578520942      199408.020643619850        -881.146537142025        -315.078399291751        -595.219070845944           1.014919034280          -0.051790107397           0.074567913680
2024-01-25-12-59-59.99     -198745.838725531183      296264.354438306531      197235.874146349233        -882.667829977575        -321.510114068817        -611.657309298319           1.014048565022          -0.051439239064           0.070903935656
2024-01-25-14-00-00.00     -201926.980543998798      295095.033044218668      195003.101590252219        -884.732194270217        -328.151998576150        -628.918212052856           1.013169839062          -0.051000171897           0.067136042246
2024-01-25-15-00-00.00     -205116.694480281702      293901.343320863321      192706.534603598731        -887.450812289304        -335.058383601565        -647.120270366316           1.012283170333          -0.050464514690           0.063258186549
2024-01-25-15-59-59.99     -208317.578239948460      292682.210536988918      190342.535951606027        -890.963927192322        -342.300672807539        -666.406434760164           1.011388902322          -0.049822359491           0.059263530270
2024-01-25-17-00-00.00     -211532.801416693983      291436.262384422298      187906.900019416295        -895.451033452951        -349.974155010212        -686.950801421217           1.010487414854          -0.049061874572           0.055144303586
2024-01-25-18-00-00.00     -214766.271739806660      290161.725855449215      185394.725387002080        -901.145680982565        -358.208236630771        -708.967551034942           1.009579133823          -0.048168748782           0.050891636474
2024-01-25-18-59-59.99     -218022.866643179121      288856.278118282440      182800.249929666083        -908.357519071844        -367.182226068227        -732.722994495563           1.008664545543          -0.047125418873           0.046495357709
2024-01-25-20-00-00.00     -221308.763534953847      287516.825288164488      180116.635288329155        -917.506051140122        -377.150433085201        -758.551870966863           1.007744218756          -0.045909970363           0.041943761199
2024-01-25-21-00-00.00     -224631.923753136594      286139.164408267301      177335.682939092716        -929.173993695848        -388.483498851150        -786.879291310317           1.006818840127          -0.044494528760           0.037223349554
2024-01-25-21-59-59.99     -228002.824186697020      284717.448942602379      174447.459171261813        -944.194755384408        -401.739263951161        -818.249524924059           1.005889274297          -0.042842832835           0.032318592596
2024-01-25-23-00-00.00     -231435.604051971342      283243.308742645953      171439.804728234012        -963.801976932382        -417.790171322018        -853.360738140500           1.004956671278          -0.040906441240           0.027211811623
2024-01-26-00-00-00.00     -234949.939760607784      281704.329989297898      168297.720906629926        -989.897674608731        -438.065412905026        -893.095605693758           1.004022671551          -0.038618547534           0.021883496531
2024-01-26-00-59-59.99     -238574.263874357304      280081.274608503387      165002.710349997011       -1025.559515894319        -465.042367163329        -938.502095655622           1.003089827996          -0.035883399621           0.016313914902
2024-01-26-02-00-00.00     -242351.607414065104      278342.631610870128      161532.510151180177       -1076.055711429416        -503.323108256616        -990.539174870145           1.002162555351          -0.032557187766           0.010488539318
2024-01-26-03-00-00.00     -246350.830700866092      276433.041188054078      157863.127301426488       -1150.963418790982        -562.197347061275       -1048.815086559168           1.001249512926          -0.028411552124           0.004415354175
2024-01-26-03-59-59.99     -250688.972584145813      274246.520559607539      153981.537752490112       -1268.378434055728        -662.145708370904       -1105.817157311405           1.000370417910          -0.023061811178          -0.001817375645
2024-01-26-05-00-00.00     -255570.221408028243      271562.462306015077      149947.893047495425       -1457.988124451663        -849.407910952496       -1119.975268720021           0.999578281648          -0.015845768495          -0.007832303278
2024-01-26-06-00-00.00     -261266.256476236944      267948.307699437137      146164.049761402886       -1702.423210865384       -1180.586354547630        -922.032629792907           0.999029425434          -0.005914725601          -0.012259348315
2024-01-26-06-59-59.99     -267537.080016397405      263136.006015028339      143778.949218810856       -1713.733745270607       -1440.214802828033        -375.902005456536           0.999023624787           0.005831063027          -0.012251939579
2024-01-26-08-00-00.00     -273288.543656165886      257979.449014795508      143228.263158590649       -1473.566941815833       -1392.754837298812          13.974036648565           0.999564428175           0.015763200611          -0.007787797686
2024-01-26-09-00-00.00     -278210.274292935850      253179.984231453942      143573.537209607428       -1274.261968068686       -1275.104852516482         151.481341487879           1.000351115895           0.022952430204          -0.001726948726
2024-01-26-09-59-59.99     -282546.825940195296      248768.406421833031      144204.890095244627       -1144.009446764027       -1180.527984233289         190.289805625332           1.001224437761           0.028256679054           0.004541941639
2024-01-26-11-00-00.00     -286497.052278209536      244649.794203826605      144904.067872037325       -1055.780037470413       -1111.152088162482         194.899837528707           1.002130337022           0.032347882313           0.010639090041
2024-01-26-12-00-00.00     -290177.522045834339      240746.845537932997      145593.418569845671        -992.045619986021       -1059.578416661459         186.827576991818           1.003048765095           0.035615555460           0.016477557465
2024-01-26-12-59-59.99     -293657.662027854822      237006.319242729514      146243.530212027166        -943.344499845476       -1020.163510024586         173.871585384242           1.003970951817           0.038290410443           0.022050962433
2024-01-26-14-00-00.00     -296981.248418252217      233391.525900418055      146843.236559954006        -904.416702487562        -989.242610351365         159.147691220421           1.004892449355           0.040517484763           0.027375151921
2024-01-26-15-00-00.00     -300177.431982188777      229876.457028541598      147388.900069825177        -872.167604162586        -964.443612911163         143.989853227400           1.005810703783           0.042393224354           0.032470883765
2024-01-26-15-59-59.99     -303266.536620430998      226442.097111439245      147880.163851787336        -844.674537465162        -944.189629464305         128.988703665960           1.006724088722           0.043984859293           0.037358466939
2024-01-26-17-00-00.00     -306263.277435144933      223074.148321537010      148318.122592550615        -820.685133593876        -927.398755623469         114.402578761793           1.007631476388           0.045341108013           0.042056214020
2024-01-26-18-00-00.00     -309178.645193618722      219761.596531354822      148704.486332159198        -799.350295057668        -913.305984712299         100.334033116396           1.008532029248           0.046498425119           0.046580169315
2024-01-26-18-59-59.99     -312021.063936152379      216495.780036003067      149041.183192036755        -780.074496678653        -901.355526344640          86.810655226309           1.009425090910           0.047484829178           0.050944256375
2024-01-26-20-00-00.00     -314797.132163018861      213269.766147181246      149330.167644148343        -762.427845070986        -891.133817619158          73.823914784480           1.010310125197           0.048322347322           0.055160541731
2024-01-26-21-00-00.00     -317512.114635574864      210077.921961754444      149573.329225935595        -746.092249246123        -882.326596980050          61.348500083045           1.011186680128           0.049028634941           0.059239507061
2024-01-26-21-59-59.99     -320170.278913439601      206915.611213414959      149772.451790519874        -730.827264696927        -874.690612459222          49.352152325436           1.012054365525           0.049618082310           0.063190294180
2024-01-26-23-00-00.00     -322775.131890840421      203778.975248870527      149929.198564077495        -716.447727556188        -868.034486453659          37.800698130331           1.012912838472           0.050102590470           0.067020914320
2024-01-27-00-00-00.00     -325329.589981804136      200664.771541976603      150045.110353592667        -702.808698149532        -862.205466279741          26.660588483718           1.013761793444           0.050492129474           0.070738422961
2024-01-27-00-59-59.99     -327836.104113053996      197570.252454359666      150121.610272925755        -689.795074216916        -857.080053496283          15.900118737950           1.014600955352           0.050795148012           0.074349064617
2024-01-27-02-00-00.00     -330296.753214142402      194493.072723421792      150160.011462919705        -677.314268146550        -852.557248406304           5.489945192533           1.015430074507           0.051018878673           0.077858392481
2024-01-27-03-00-00.00     -332713.315289629565      191431.217833836796      150161.525927540293        -665.290943187225        -848.553594850927          -4.596771870682           1.016248922819           0.051169570543           0.081271367434
2024-01-27-03-59-59.99     -335087.322240749665      188382.947823777504      150127.273496853886        -653.663163191321        -844.999488037683         -14.384419043478           1.017057290861           0.051252668558           0.084592440246
2024-01-27-05-00-00.00     -337420.102709832252      185346.752671422728      150058.290414075891        -642.379531673233        -841.836383931728         -23.895075788167           1.017854985576           0.051272952737           0.087825620120
2024-01-27-06-00-00.00     -339712.815963460249      182321.316489372752      149955.537311873311        -631.397035475410        -839.014662444399         -33.148701226095           1.018641828397           0.051234649003           0.090974532120
2024-01-27-06-59-59.99     -341966.478978792205      179305.488502583088      149819.906489496760        -620.679398293291        -836.491971633290         -42.163332209589           1.019417653708           0.051141517786           0.094042465543
2024-01-27-08-00-00.00     -344181.988310208661      176298.259310748050      149652.228481625876        -610.195808522085        -834.231930548685         -50.955276977246           1.020182307575           0.050996924690           0.097032414844
2024-01-27-09-00-00.00     -346360.137901623966      173298.741310922138      149453.277950146556        -599.919925588657        -832.203102751251         -59.539296710112           1.020935646655           0.050803898817           0.099947114461
2024-01-27-09-59-59.99     -348501.633716534183      170306.152427110850      149223.778950054577        -589.829096008614        -830.378176462141         -67.928771509599           1.021677537251           0.050565180718           0.102789068578
2024-01-27-11-00-00.00     -350607.105846166029      167319.802492360614      148964.409627022513        -579.903729173371        -828.733304078582         -76.135849985691           1.022407854526           0.050283261233           0.105560576681
2024-01-27-12-00-00.00     -352677.118601165072      164339.081775981147      148675.806405911717        -570.126796057666        -827.247565827997         -84.171582752790           1.023126481785           0.049960414651           0.108263755609
2024-01-27-12-59-59.99     -354712.178977666423      161363.451259136171      148358.567725715344        -560.483423444867        -825.902530971796         -92.046040996160           1.023833309845           0.049598726581           0.110900558659
2024-01-27-14-00-00.00     -356712.743802701298      158392.434345600632      148013.257373022847        -550.960563030724        -824.681896335308         -99.768421304691           1.024528236503           0.049200116640           0.113472792196
2024-01-27-15-00-00.00     -358679.225799060252      155425.609758569743      147640.407460312505        -541.546719734496        -823.571186595610        -107.347138313197           1.025211166033           0.048766358508           0.115982130170
2024-01-27-15-59-59.99     -360611.998760143586      152462.605423783185      147240.521090720344        -532.231727181500        -822.557504271164        -114.789906462049           1.025882008733           0.048299097101           0.118430126837
2024-01-27-17-00-00.00     -362511.401987148216      149503.093177695468      146814.074746176891        -523.006561047892        -821.629319982498        -122.103812170294           1.026540680550           0.047799862449           0.120818227944
2024-01-27-18-00-00.00     -364377.744111299689      146546.784169621707      146361.520431151526        -513.863183003430        -820.776295553907        -129.295377586515           1.027187102705           0.047270082473           0.123147780606
2024-01-27-18-59-59.99     -366211.306400583941      143593.424850641284      145883.287600561569        -504.794409540538        -819.989134060967        -136.370616948360           1.027821201359           0.046711094090           0.125420042054
2024-01-27-20-00-00.00     -368012.345632174460      140642.793461020978      145379.784896352125        -495.793801178566        -819.259452119814        -143.335086540865           1.028442907330           0.046124152006           0.127636187391
2024-01-27-21-00-00.00     -369781.096597053285      137694.696943201503      144851.401715168031        -486.855568416984        -818.579670621647        -150.193928912832           1.029052155813           0.045510437225           0.129797316518
2024-01-27-21-59-59.99     -371517.774291872105      134748.968219586357      144298.509625495470        -477.974491568421        -817.942920859815        -156.951912215090           1.029648886122           0.044871064532           0.131904460300
2024-01-27-23-00-00.00     -373222.575843576691      131805.463784399413      143721.463651333732        -469.145852121931        -817.342963550324        -163.613465172764           1.030233041470           0.044207088221           0.133958586106
2024-01-28-00-00-00.00     -374895.682204819983      128864.061566954639      143120.603436873818        -460.365373750930        -816.774118714802        -170.182708284567           1.030804568756           0.043519507969           0.135960602764
2024-01-28-00-59-59.99     -376537.259651954810      125924.659030399474      142496.254305178038        -451.629171406008        -816.231204737701        -176.663481642075           1.031363418355           0.042809274083           0.137911365034
2024-01-28-02-00-00.00     -378147.461112424731      122987.171475404044      141848.728221901780        -442.933707239084        -815.709485227993        -183.059369857921           1.031909543957           0.042077291284           0.139811677628
2024-01-28-03-00-00.00     -379726.427344150958      120051.530522883768      141178.324674105155        -434.275752302198        -815.204622525814        -189.373724394089           1.032442902386           0.041324422917           0.141662298855
2024-01-28-03-59-59.99     -381274.287986116891      117117.682753588117      140485.331472845486        -425.652353158000        -814.712636898464        -195.609683613994           1.032963453438           0.040551494743           0.143463943912
2024-01-28-05-00-00.00     -382791.162496475561      114185.588485587228      139770.025487353705        -417.060802681332        -814.229870623291        -201.770190822586           1.033471159751           0.039759297469           0.145217287871
2024-01-28-06-00-00.00     -384277.160992200137      111255.220673257601      139032.673317378503        -408.498614449947        -813.752956281210        -207.858010527157           1.033965986662           0.038948589855           0.146922968399
2024-01-28-06-59-59.99     -385732.385002197465      108326.563913734703      138273.531910053513        -399.963500220760        -813.278788694368        -213.875743124375           1.034447902071           0.038120101548           0.148581588231
2024-01-28-08-00-00.00     -387156.928144255187      105399.613548560665      137492.849126388726        -391.453350062333        -812.804500017214        -219.825838173906           1.034916876340           0.037274534764           0.150193717418
2024-01-28-09-00-00.00     -388550.876734711404      102474.374849928165      136690.864262228977        -382.966214790450        -812.327437580855        -225.710606441687           1.035372882170           0.036412566654           0.151759895393
2024-01-28-09-59-59.99     -389914.310338551761       99550.862282297923      135867.808527963964        -374.500290395217        -811.845144129858        -231.532230819881           1.035815894496           0.035534851481           0.153280632852
2024-01-28-11-00-00.00     -391247.302266646759       96629.098831289302      135023.905490700330        -366.053904203786        -811.355340157577        -237.292776261320           1.036245890400           0.034642021724           0.154756413476
2024-01-28-12-00-00.00     -392549.920025956875       93709.115392788764      134159.371482305287        -357.625502556985        -810.855908083844        -242.994198834464           1.036662849012           0.033734689930           0.156187695515
2024-01-28-12-59-59.99     -393822.225727807847       90790.950216039273      133274.415976297721        -349.213639804874        -810.344878043393        -248.638353972310           1.037066751419           0.032813450431           0.157574913240
2024-01-28-14-00-00.00     -395064.276458678825       87874.648395277065      132369.241936352337        -340.816968466354        -809.820415111675        -254.227004033292           1.037457580597           0.031878880041           0.158918478275
2024-01-28-15-00-00.00     -396276.124617441557       84960.261405030164      131444.046138734382        -332.434230401734        -809.280807780302        -259.761825204410           1.037835321330           0.030931539549           0.160218780829
2024-01-28-15-59-59.99     -397457.818222462898       82047.846674865446      130499.019470951360        -324.064248885962        -808.724457558673        -265.244413849155           1.038199960126           0.029971975106           0.161476190820
2024-01-28-17-00-00.00     -398609.401191631041       79137.467199736682      129534.347208470965        -315.705921471235        -808.149869562588        -270.676292332398           1.038551485169           0.029000718635           0.162691058923
2024-01-28-18-00-00.00     -399730.913597965788       76229.191182612907      128550.209271346699        -307.358213551035        -807.555643988427        -276.058914386390           1.038889886245           0.028018289057           0.163863717529
2024-01-28-18-59-59.99     -400822.391903220210       73323.091706298103      127546.780462211842        -299.020152542506        -806.940468366429        -281.393670048351           1.039215154676           0.027025193451           0.164994481631
2024-01-28-20-00-00.00     -401883.869171508413       70419.246431971653      126524.230687352101        -290.690822627408        -806.303110536322        -286.681890247262           1.039527283275           0.026021927246           0.166083649645
2024-01-28-21-00-00.00     -402915.375264948292       67517.737321733512      125482.725161713359        -282.369359974972        -805.642412225217        -291.924851013517           1.039826266288           0.025008975260           0.167131504165
2024-01-28-21-59-59.99     -403916.937022882455       64618.650383314140      124422.424599421996        -274.054948409679        -804.957283209419        -297.123777408454           1.040112099337           0.023986812685           0.168138312667
2024-01-28-23-00-00.00     -404888.578426237276       61722.075434815808      123343.485390600399        -265.746815465047        -804.246695967930        -302.279847157116           1.040384779380           0.022955905128           0.169104328150
2024-01-29-00-00-00.00     -405830.320748286205       58828.105887972444      122246.059765680402        -257.444228791492        -803.509680808069        -307.394194049235           1.040644304664           0.021916709504           0.170029789737
2024-01-29-00-59-59.99     -406742.182693086215       55936.838548088410      121130.295947758495        -249.146492869540        -802.745321378929        -312.467911086789           1.040890674677           0.020869674899           0.170914923231
2024-01-29-02-00-00.00     -407624.180522573995       53048.373429525054      119996.338294078829        -240.852946007298        -801.952750571975        -317.502053445334           1.041123890115           0.019815242489           0.171759941619
2024-01-29-03-00-00.00     -408476.328173324000       50162.813585279830      118844.327427142285        -232.562957584243        -801.131146742531        -322.497641233903           1.041343952842           0.018753846336           0.172565045551
2024-01-29-03-59-59.99     -409298.637363747228       47280.264949806769      117674.400356490791        -224.275925525961        -800.279730258292        -327.455662106651           1.041550865846           0.017685914148           0.173330423774
2024-01-29-05-00-00.00     -410091.117692725849       44400.836193142553      116486.690590203725        -215.991273970939        -799.397760287207        -332.377073703778           1.041744633218           0.016611867120           0.174056253534
2024-01-29-06-00-00.00     -410853.776729909470       41524.638587206711      115281.328240028030        -207.708451129277        -798.484531869123        -337.262805952506           1.041925260114           0.015532120643           0.174742700946
2024-01-29-06-59-59.99     -411586.620098860236       38651.785881219199      114058.440116341066        -199.426927299497        -797.539373196374        -342.113763260527           1.042092752721           0.014447085001           0.175389921340
2024-01-29-08-00-00.00     -412289.651553202770       35782.394187026548      112818.149816475139        -191.146193035434        -796.561643106539        -346.930826584485           1.042247118237           0.013357165137           0.175998059569
2024-01-29-09-00-00.00     -412962.873046445893       32916.581873007744      111560.577805562905        -182.865757446575        -795.550728763410        -351.714855400762           1.042388364842           0.012262761317           0.176567250304
2024-01-29-09-59-59.99     -413606.284795912507       30054.469465985978      110285.841490432664        -174.585146620193        -794.506043515881        -356.466689590957           1.042516501669           0.011164269761           0.177097618292
2024-01-29-11-00-00.00     -414219.885341172281       27196.179560629163      108994.055286921473        -166.303902148832        -793.427024899901        -361.187151234883           1.042631538787           0.010062082373           0.177589278600
2024-01-29-12-00-00.00     -414803.671597367153       24341.836735716195      107685.330680808023        -158.021579758508        -792.313132799179        -365.877046345533           1.042733487179           0.008956587348           0.178042336830
2024-01-29-12-59-59.99     -415357.638903752260       21491.567476804299      106359.776282631894        -149.737748022664        -791.163847730915        -370.537166536059           1.042822358719           0.007848169779           0.178456889322
2024-01-29-14-00-00.00     -415881.781067752803       18645.500104839452      105017.497876606169        -141.451987154762        -789.978669256453        -375.168290635749           1.042898166159           0.006737211337           0.178833023329
2024-01-29-15-00-00.00     -416376.090404789080       15803.764710344634      103658.598463841350        -133.163887867993        -788.757114490871        -379.771186250936           1.042960923111           0.005624090861           0.179170817173
2024-01-29-15-59-59.99     -416840.557774130197       12966.493092684876      102283.178299946128        -124.873050300147        -787.498716734181        -384.346611301099           1.043010644029           0.004509184922           0.179470340393
2024-01-29-17-00-00.00     -417275.172610962647       10133.818704162622      100891.334927212825        -116.579082990374        -786.203024182263        -388.895315512236           1.043047344203           0.003392867492           0.179731653861
2024-01-29-18-00-00.00     -417679.922954871086        7305.876598552224       99483.163201447547        -108.281601906551        -784.869598739687        -393.418041894240           1.043071039744           0.002275510503           0.179954809894
2024-01-29-18-59-59.99     -418054.795474894810        4482.803383773219       98058.755313522037         -99.980229512694        -783.498014896454        -397.915528188810           1.043081747569           0.001157484398           0.180139852341
2024-01-29-20-00-00.00     -418399.775491283741        1664.737178535021       96618.200805786561         -91.674593876103        -782.087858697332        -402.388508314570           1.043079485404           0.000039157779           0.180286816655
2024-01-29-21-00-00.00     -418714.846994125925       -1148.182427586347       95161.586583187105         -83.364327805861        -780.638726771230        -406.837713801028           1.043064271767          -0.001079102047           0.180395729959
2024-01-29-21-59-59.99     -418999.992658902600       -3955.814410567632       93688.996919314231         -75.049068019571        -779.150225432444        -411.263875225173           1.043036125969          -0.002196928522           0.180466611079
2024-01-29-23-00-00.00     -419255.193859093473       -6758.016345269561       92200.513457240784         -66.728454332290        -777.621969836368        -415.667723651382           1.042995068108          -0.003313956206           0.180499470581
2024-01-30-00-00-00.00     -419480.430675896758       -9554.644435843227       90696.215205150496         -58.402128863958        -776.053583195497        -420.049992086047           1.042941119068          -0.004429820228           0.180494310777
2024-01-30-00-59-59.99     -419675.681905120786      -12345.553543403435       89176.178526701318         -50.069735259726        -774.444696046603        -424.411416950564           1.042874300517          -0.005544155755           0.180451125729
2024-01-30-02-00-00.00     -419840.925061283517      -15130.597211148613       87640.477126043552         -41.730917918801        -772.794945570843        -428.752739581507           1.042794634912          -0.006656598351           0.180369901229
2024-01-30-03-00-00.00     -419976.136378945783      -17909.627687133063       86089.182027375442         -33.385321225871        -771.103974949730        -433.074707759077           1.042702145501          -0.007766783438           0.180250614772
2024-01-30-03-59-59.99     -420081.290811273095      -20682.495944754472       84522.361548943110         -25.032588783272        -769.371432789707        -437.378077284273           1.042596856326          -0.008874345755           0.180093235503
2024-01-30-05-00-00.00     -420156.362025831768      -23449.051701346754       82940.081271246905         -16.672362634964        -767.596972551305        -441.663613588900           1.042478792235          -0.009978919713           0.179897724162
2024-01-30-06-00-00.00     -420201.322397567099      -26209.143434672504       81342.403999397124          -8.304282483789        -765.780252062820        -445.932093415198           1.042347978885          -0.011080138852           0.179664033007
2024-01-30-06-59-59.99     -420216.142998945725      -28962.618397826926       79729.389719283499           0.072015107083        -763.920933044469        -450.184306547231           1.042204442759          -0.012177635286           0.179392105717
2024-01-30-08-00-00.00     -420200.793587188993      -31709.322632456791       78101.095547401856           8.456897530332        -762.018680678185        -454.421057615274           1.042048211173          -0.013271040050           0.179081877291
2024-01-30-09-00-00.00     -420155.242588530062      -34449.100980488569       76457.575674044812          16.850736973045        -760.073163220451        -458.643167981078           1.041879312298          -0.014359982537           0.178733273918
2024-01-30-09-59-59.99     -420079.457079404267      -37181.797094599082       74798.881299534260          25.253911283090        -758.084051643639        -462.851477710079           1.041697775173          -0.015444089931           0.178346212839
2024-01-30-11-00-00.00     -419973.402764461702      -39907.253447351999       73125.060563201696          33.666804868035        -756.051019325671        -467.046847645494           1.041503629723          -0.016522987533           0.177920602186
2024-01-30-12-00-00.00     -419837.043951277039      -42625.311339363179       71436.158464688124          42.089809633289        -753.973741757641        -471.230161588984           1.041296906788          -0.017596298173           0.177456340808
2024-01-30-12-59-59.99     -419670.343521602801      -45335.810906473736       69732.216777178677          50.523325964811        -751.851896303501        -475.402328607970           1.041077638142          -0.018663641619           0.176953318070
2024-01-30-14-00-00.00     -419473.262898992922      -48038.591126055209       68013.273952102463          58.967763764315        -749.685161985156        -479.564285476137           1.040845856526          -0.019724634871           0.176411413645
2024-01-30-15-00-00.00     -419245.762012594379      -50733.489822689524       66279.365014765397          67.423543543759        -747.473219313441        -483.716999266359           1.040601595670          -0.020778891548           0.175830497268
2024-01-30-15-59-59.99     -418987.799256880593      -53420.343673257681       64530.521450363580          75.891097587699        -745.215750143280        -487.861470107090           1.040344890338          -0.021826021252           0.175210428485
2024-01-30-17-00-00.00     -418699.331447063945      -56098.988211615193       62766.771079745668          84.370871191735        -742.912437590294        -491.998734125265           1.040075776356          -0.022865629829           0.174551056367
2024-01-30-18-00-00.00     -418380.313769905712      -58769.257833004478       60988.137924214003          92.863323986535        -740.562965969851        -496.129866587902           1.039794290654          -0.023897318709           0.173852219206
2024-01-30-18-59-59.99     -418030.699729564425      -61430.985798282025       59194.642058685189         101.368931357851        -738.167020786278        -500.255985266734           1.039500471316          -0.024920684222           0.173113744180
2024-01-30-20-00-00.00     -417650.441088194435      -64084.004238425077       57386.299452166968         109.888185971802        -735.724288789198        -504.378254050927           1.039194357619          -0.025935317806           0.172335446995
2024-01-30-21-00-00.00     -417239.487800794013      -66728.144159015064       55563.121794896113         118.421599419779        -733.234458052192        -508.497886825363           1.038875990088          -0.026940805286           0.171517131497
2024-01-30-21-59-59.99     -416797.787943923846      -69363.235445311991       53725.116310909601         126.969703994724        -730.697218128588        -512.616151650048           1.038545410556          -0.027936726129           0.170658589246
2024-01-30-23-00-00.00     -416325.287637765578      -71989.106867933238       51872.285555004557         135.533054614813        -728.112260264405        -516.734375267739           1.038202662219          -0.028922653577           0.169759599066
2024-01-31-00-00-00.00     -415821.930960963189      -74605.586089471501       50004.627192824286         144.112230911701        -725.479277679029        -520.853947975428           1.037847789704          -0.029898153851           0.168819926551
2024-01-31-00-59-59.99     -415287.659857625200      -77212.499672112070       48122.133762703161         152.707839502995        -722.797965913644        -524.976328897450           1.037480839142          -0.030862785318           0.167839323533
2024-01-31-02-00-00.00     -414722.414035774826      -79809.673086872237       46224.792417727935         161.320516471407        -720.068023274134        -529.103051705016           1.037101858244          -0.031816098528           0.166817527516
2024-01-31-03-00-00.00     -414126.130856472882      -82396.930724393431       44312.584646346018         169.950930075374        -717.289151356364        -533.235730828376           1.036710896378          -0.032757635317           0.165754261053
2024-01-31-03-59-59.99     -413498.745212718844      -84974.095907942115       42385.485969637863         178.599783719366        -714.461055680443        -537.376068217132           1.036308004671          -0.033686927856           0.164649231078
2024-01-31-05-00-00.00     -412840.189397149254      -87540.990908791428       40443.465613173372         187.267819215112        -711.583446435510        -541.525860708830           1.035893236094          -0.034603498568           0.163502128190
2024-01-31-06-00-00.00     -412150.392957415199      -90097.436964628971       38486.486151151839         195.955820369838        -708.656039368287        -545.687008073795           1.035466645572          -0.035506859084           0.162312625874
2024-01-31-06-59-59.99     -411429.282537997875      -92643.254301341425       36514.503120241767         204.664616940678        -705.678556811887        -549.861521814096           1.035028290099          -0.036396509143           0.161080379658
2024-01-31-08-00-00.00     -410676.781707057904      -95178.262158870333       34527.464600264822         213.395089001641        -702.650728893962        -554.051534802921           1.034578228856          -0.037271936337           0.159805026203
2024-01-31-09-00-00.00     -409892.810766749142      -97702.278821696542       32525.310758511452         222.148171774451        -699.572294934297        -558.259311864310           1.034116523341          -0.038132614879           0.158486182325
2024-01-31-09-59-59.99     -409077.286545213195     -100215.121654804214       30507.973354116162         230.924860983762        -696.443005072462        -562.487261404575           1.033643237523          -0.038978004299           0.157123443919
2024-01-31-11-00-00.00     -408230.122168250789     -102716.607145955015       28475.375198478258         239.726218805374        -693.262622155511        -566.737948223314           1.033158437984          -0.039807548950           0.155716384811
2024-01-31-12-00-00.00     -407351.226808397914     -105206.550955236773       26427.429567214280         248.553380486073        -690.030923912297        -571.014107652619           1.032662194090          -0.040620676523           0.154264555501
2024-01-31-12-59-59.99     -406440.505408820929     -107684.767973087466       24364.039558582244         257.407561728325        -686.747705481691        -575.318661188066           1.032154578179          -0.041416796457           0.152767481798
2024-01-31-14-00-00.00     -405497.858379097655     -110151.072388093438       22285.097392657874         266.290066944912        -683.412782329951        -579.654733806973           1.031635665750          -0.042195299124           0.151224663344
2024-01-31-15-00-00.00     -404523.181259529141     -112605.277766114421       20190.483644806765         275.202298507737        -680.025993632622        -584.025673192619           1.031105535680          -0.042955553987           0.149635571995
2024-01-31-15-59-59.99     -403516.364350158197     -115047.197142496851       18080.066406132697         284.145767135020        -676.587206203694        -588.435071116441           1.030564270460          -0.043696907608           0.147999650064
2024-01-31-17-00-00.00     -402477.292300095141     -117476.643129593620       15953.700362645090         293.122103581057        -673.096319024929        -592.886787285085           1.030011956443          -0.044418682386           0.146316308401
2024-01-31-18-00-00.00     -401405.843652126845     -119893.428041795356       13811.225783621412         302.133071831079        -669.553268561509        -597.384975968666           1.029448684125          -0.045120174211           0.144584924295
2024-01-31-18-59-59.99     -400301.890336776327     -122297.364041339868       11652.467408530269         311.180584021408        -665.958034882663        -601.934115845817           1.028874548450          -0.045800649897           0.142804839167
2024-01-31-20-00-00.00     -399165.297109145205     -124688.263307806235        9477.233220025233         320.266717367724        -662.310648879775        -606.539043480653           1.028289649131          -0.046459345284           0.140975356059
2024-01-31-21-00-00.00     -397995.920920730452     -127065.938235825786        7285.313089073912         329.393733409648        -658.611200634237        -611.204991025688           1.027694091023          -0.047095462154           0.139095736855
2024-01-31-21-59-59.99     -396793.610217221954     -129430.201665410175        5076.477275843409         338.564099961413        -654.859849266447        -615.937628750049           1.027087984519          -0.047708164841           0.137165199234
2024-01-31-23-00-00.00     -395558.204151749669     -131780.867150702223        2850.474767645271         347.780516218150        -651.056834494564        -620.743113163530           1.026471445987          -0.048296577386           0.135182913307
2024-02-01-00-00-00.00     -394289.531701260887     -134117.749273970025         607.031432270688         357.045941561014        -647.202490237624        -625.628141631196           1.025844598251          -0.048859779374           0.133147997901
2024-02-01-00-59-59.99     -392987.410671573190     -136440.664012915018       -1654.152038503384         366.363628717749        -643.297260707121        -630.600014523226           1.025207571137          -0.049396801310           0.131059516444
2024-02-01-02-00-00.00     -391651.646574071026     -138749.429170954856       -3933.402424653859         375.737162066100        -639.341719471316        -635.666706173712           1.024560502054          -0.049906620348           0.128916472396
2024-02-01-03-00-00.00     -390282.031353816681     -141043.864882636553       -6231.076547084076         385.170502038599        -635.336592127591        -640.836946163107           1.023903536661          -0.050388154489           0.126717804176
2024-02-01-03-59-59.99     -388878.341945124557     -143323.794208148873       -8547.564150756998         394.668036797475        -631.282783375060        -646.120312739004           1.023236829605          -0.050840256058           0.124462379491
2024-02-01-05-00-00.00     -387440.338625908480     -145589.043834754615      -10883.291149176273         404.234642610365        -627.181409461774        -651.527340583340           1.022560545336          -0.051261705222           0.122148989012
2024-02-01-06-00-00.00     -385967.763136434485     -147839.444906440098      -13238.723286625682         413.875754689540        -623.033837234541        -657.069645604402           1.021874859037          -0.051651201614           0.119776339272
2024-02-01-06-59-59.99     -384460.336521010671     -150074.834008344274      -15614.370285090277         423.597450681416        -618.841731371601        -662.760070008930           1.021179957667          -0.052007354789           0.117343044690
2024-02-01-08-00-00.00     -382917.756642353837     -152295.054338844115      -18010.790555833672         433.406549525594        -614.607111720667        -668.612851711213           1.020476041130          -0.052328674188           0.114847618580
2024-02-01-09-00-00.00     -381339.695307389949     -154499.957109973708      -20428.596571924572         443.310729110555        -610.332423387242        -674.643822962516           1.019763323614          -0.052613556558           0.112288462975
2024-02-01-09-59-59.99     -379725.794929346128     -156689.403227837203      -22868.461017492318         453.318667034951        -606.020622709501        -680.870644465846           1.019042035122          -0.052860271411           0.109663857081
2024-02-01-11-00-00.00     -378075.664633465698     -158863.265317405749      -25331.123854914516         463.440209981687        -601.675283493142        -687.313082596437           1.018312423208          -0.053066945022           0.106971944133
2024-02-01-12-00-00.00     -376388.875691180292     -161021.430174291134      -27817.400481836165         473.686578751863        -597.300729015555        -693.993339483542           1.017574754993          -0.053231540675           0.104210716367
2024-02-01-12-59-59.99     -374664.956138659909     -163163.801748849830      -30328.191189639045         484.070618079248        -592.902197182754        -700.936448250162           1.016829319502          -0.053351835451           0.101377997775
2024-02-01-14-00-00.00     -372903.384398084250     -165290.304798812780      -32864.492185044655         494.607103121181        -588.486048631799        -708.170749171932           1.016076430371          -0.053425393680           0.098471424229
2024-02-01-15-00-00.00     -371103.581670710235     -167400.889387635776      -35427.408501102065         505.313118295181        -584.060031073271        -715.728466957945           1.015316429043          -0.053449534263           0.095488420492
2024-02-01-15-59-59.99     -369264.902805599151     -169495.536461752432      -38018.169206890903         516.208529295883        -579.633617758390        -723.646415607928           1.014549688532          -0.053421291520           0.092426173468
2024-02-01-17-00-00.00     -367386.625260644592     -171574.264815635455      -40638.145434695572         527.316576316378        -575.218444969310        -731.966865260371           1.013776617908          -0.053337368800           0.089281600961
2024-02-01-18-00-00.00     -365467.935654535366     -173637.139860072493      -43288.871885904766         538.664626592438        -570.828882900765        -740.738616953148           1.012997667684          -0.053194080932           0.086051314986
2024-02-01-18-59-59.99     -363507.913246698910     -175684.284756082488      -45972.072669349662         550.285138785556        -566.482788830439        -750.018346333405           1.012213336350          -0.052987283553           0.082731578431
2024-02-01-20-00-00.00     -361505.509458062705     -177715.894688934495      -48689.692581540185         562.216912553909        -562.202512230548        -759.872299368436           1.011424178365          -0.052712286429           0.079318253610
2024-02-01-21-00-00.00     -359459.522229910304     -179732.255360407435      -51443.935289402558         574.506727291048        -558.016253472952        -770.378453457833           1.010630814064          -0.052363743782           0.075806740792
2024-02-01-21-59-59.99     -357368.563566885947     -181733.767224799900      -54237.310358679948         587.211519845698        -553.959926492127        -781.629301350618           1.009833942071          -0.051935515435           0.072191904331
2024-02-01-23-00-00.00     -355231.017954088980     -183720.977662734193      -57072.691745335454         600.401320957882        -550.079752238416        -793.735479175106           1.009034355078          -0.051420489692           0.068467983327
2024-02-02-00-00-00.00     -353044.988365848316     -185694.624306324578      -59953.391322629286         614.163279075131        -546.435932336454        -806.830554202961           1.008232960217          -0.050810352020           0.064628482927
2024-02-02-00-59-59.99     -350808.225112799788     -187655.694319123781      -62883.252389661822         628.607273874931        -543.107953861871        -821.077429133819           1.007430805807          -0.050095279877           0.060666041300
2024-02-02-02-00-00.00     -348518.030496964580     -189605.506975230819      -65866.770111166988         643.873905963781        -540.202416246765        -836.677034843170           1.006629117145          -0.049263534146           0.056572266071
2024-02-02-03-00-00.00     -346171.128628789971     -191545.831055552640      -68909.248810374673         660.146127468229        -537.864864129031        -853.880314819541           1.005829345495          -0.048300899199           0.052337532581
2024-02-02-03-59-59.99     -343763.483852061501     -193479.055651312869      -72017.010510159918         677.666609430154        -536.298178752990        -873.005021917902           1.005033236797          -0.047189900502           0.047950735264
2024-02-02-05-00-00.00     -341290.041253257834     -195408.445375793264      -75197.675942515576         696.764439106705        -535.792085550849        -894.459659056609           1.004242930857          -0.045908685061           0.043398983732
2024-02-02-06-00-00.00     -338744.345285869844     -197338.533657810360      -78460.549744208358         717.897547717546        -536.772269416073        -918.778152331433           1.003461109391          -0.044429370717           0.038667240072
2024-02-02-06-59-59.99     -336117.960723472701     -199275.751171899406      -81817.157621081409         741.722779340802        -539.885714992038        -946.670698871369           1.002691225799          -0.042715532848           0.033737912116
2024-02-02-08-00-00.00     -333399.559331093740     -201229.474047166819      -85282.006924557820         769.216891705094        -546.156709513987        -979.098488298308           1.001937878683          -0.040718228023           0.028590473616
2024-02-02-09-00-00.00     -330573.412994179293     -203213.864841781178      -88873.672033517942         801.896658008617        -557.289837190635       -1017.380487818832           1.001207453908          -0.038369406176           0.023201349022
2024-02-02-09-59-59.99     -327616.771562525653     -205251.315499845514      -92616.319827504733         842.243987390778        -576.303082869941       -1063.327164370975           1.000509305998          -0.035570390732           0.017544808967
2024-02-02-11-00-00.00     -324495.006067530892     -207379.403967384424      -96541.656715329969         894.583367567843        -608.972777204465       -1119.307157043169           0.999858123195          -0.032170405329           0.011597278650
2024-02-02-12-00-00.00     -321151.971602813108     -209666.351615001331     -100690.287025948113         967.005992893572        -667.491843034303       -1187.652154460053           0.999279187010          -0.027923570874           0.005353440895
2024-02-02-12-59-59.99     -317489.823701560730     -212249.369746878045     -105105.514032156250        1075.532587233836        -780.728054244061       -1265.821634791977           0.998821655196          -0.022397421122          -0.001112771232
2024-02-02-14-00-00.00     -313331.014784433355     -215437.577538504120     -109775.173633442071        1247.937482067904       -1021.850530074186       -1314.409290003055           0.998596275851          -0.014793350676          -0.007393168803
2024-02-02-15-00-00.00     -308448.955407032568     -219897.688543269294     -114271.849836923662        1451.414998846570       -1488.238641475257       -1101.789231690832           0.998862168304          -0.004027887170          -0.011724901484
2024-02-02-15-59-59.99     -303257.564578052843     -225912.786301487533     -117103.991949472358        1368.922341823520       -1754.769984129419        -457.286450490748           0.999851031537           0.008273549587          -0.010478094803
2024-02-02-17-00-00.00     -298750.612344612600     -232005.161297413433     -117956.458697434442        1145.458688833641       -1605.180884654209         -80.728626170503           1.001147566202           0.017693829382          -0.004780090756
2024-02-02-18-00-00.00     -294899.177076947468     -237460.952074466244     -117984.470689933398        1007.597111065098       -1433.274304247474          42.107531486096           1.002416503178           0.024176012033           0.001951489287
2024-02-02-18-59-59.99     -291425.306318380579     -242380.914816073957     -117749.696616280227         929.254834862881       -1306.874855623488          80.872850258294           1.003616074106           0.028878489503           0.008607171417
2024-02-02-20-00-00.00     -288172.186996804376     -246910.513866113150     -117435.030824419810         881.699968705426       -1214.006794292518          91.226317810711           1.004757867798           0.032477123041           0.014964519332
2024-02-02-21-00-00.00     -285057.046929001343     -251147.538619186700     -117105.387365130504         851.044619287777       -1142.775848919190          90.829472517684           1.005854749419           0.035334438212           0.021001399849
2024-02-02-21-59-59.99     -282032.702004583436     -255155.534692025394     -116786.120406137561         830.457465970032       -1085.834053231878          86.103330871649           1.006916007715           0.037659566285           0.026740331174
2024-02-02-23-00-00.00     -279070.100430041086     -258977.287714309961     -116487.442988983938         816.296014258327       -1038.731957654829          79.666897937981           1.007948048230           0.039582662330           0.032211490875
2024-02-03-00-00-00.00     -276150.205134439399     -262642.825999501511     -116213.161016342652         806.464898936528        -998.678549245500          72.676179625980           1.008955331239           0.041189939821           0.037443405891
2024-02-03-00-59-59.99     -273259.915166592342     -266174.018250413006     -115964.188527635139         799.680002816618        -963.848151110136          65.664921011014           1.009941026941           0.042541416426           0.042460902254
2024-02-03-02-00-00.00     -270389.858680652804     -269587.296178485674     -115740.094657846348         795.112516986524        -932.999267605876          58.881789327905           1.010907436690           0.043680574294           0.047285064284
2024-02-03-03-00-00.00     -267533.120597608853     -272895.333314417221     -115539.830125408786         792.204200632619        -905.258503338798          52.437755661203           1.011856263097           0.044639957206           0.051933708186
2024-02-03-03-59-59.99     -264684.469196107413     -276108.121547205432     -115362.083982641270         790.565479479641        -879.993174028047          46.374980930800           1.012788786434           0.045444587107           0.056421924946
2024-02-03-05-00-00.00     -261839.864638504601     -279233.686222907971     -115205.463376970773         789.916248104253        -856.733264087217          40.700722875480           1.013705982644           0.046114142227           0.060762566310
2024-02-03-06-00-00.00     -258996.134715942782     -282278.576128180954     -115068.584591877443         790.049926867012        -835.121903772337          35.404688152570           1.014608603997           0.046664399439           0.064966648131
2024-02-03-06-59-59.99     -256150.753958811605     -285248.208480844856     -114950.118083533875         790.810795194957        -814.882938980451          30.468159255777           1.015497235499           0.047108219796           0.069043676078
2024-02-03-08-00-00.00     -253301.688954691839     -288147.117698154354     -114848.809123535524         792.079220994365        -795.799091452307          25.868871978689           1.016372335216           0.047456239664           0.073001906376
2024-02-03-09-00-00.00     -250447.287401670503     -290979.138591340627     -114763.485372622294         793.761756468805        -777.696880941022          21.583629395467           1.017234263498           0.047717368424           0.076848554485
2024-02-03-09-59-59.99     -247586.196841667203     -293747.543805090303     -114693.057485640937         795.784328304394        -760.435982432365          17.589681630207           1.018083304538           0.047899153955           0.080589962750
2024-02-03-11-00-00.00     -244717.304019583273     -296455.148652361298     -114636.516097782689         798.087450261136        -743.901563886392          13.865422595746           1.018919682628           0.048008055100           0.084231735860
2024-02-03-12-00-00.00     -241839.688880835980     -299104.392272400146     -114592.927055718916         800.622790460382        -727.998670651645          10.390705458366           1.019743574413           0.048049649564           0.087778851025
2024-02-03-12-59-59.99     -238952.589155375405     -301697.401302497019     -114561.425931122300         803.350665979380        -712.648043591965           7.146946381362           1.020555118288           0.048028794362           0.091235748220
2024-02-03-14-00-00.00     -236055.372727838112     -304236.040435412084     -114541.212390971865         806.238184929567        -697.782959250443           4.117112351064           1.021354421809           0.047949750367           0.094606404613
2024-02-03-15-00-00.00     -233147.515822153422     -306721.953004210955     -114531.544733297313         809.257848637663        -683.346810628933           1.285648280955           1.022141567401           0.047816281630           0.097894396368
2024-02-03-15-59-59.99     -230228.585588488437     -309156.593887100986     -114531.734744941190         812.386486126687        -669.291232546854          -1.361625017680           1.022916616875           0.047631734872           0.101102950300
2024-02-03-17-00-00.00     -227298.226065814844     -311541.256429377827     -114541.142949987683         815.604432079806        -655.574632940909          -3.837623817628           1.023679615130           0.047399102799           0.104234987325
2024-02-03-18-00-00.00     -224356.146762222284     -313877.094654379063     -114559.174269270705         818.894885697814        -642.161030437266          -6.154115385265           1.024430593029           0.047121076526           0.107293159215
2024-02-03-18-59-59.99     -221402.113287251559     -316165.141729208641     -114585.274082566277         822.243405551732        -629.019125735668          -8.321827247998           1.025169569731           0.046800088719           0.110279879872
2024-02-03-20-00-00.00     -218435.939608457440     -318406.325425949763     -114618.924671110275         825.637507837577        -616.121553362994         -10.350549040734           1.025896554681           0.046438348434           0.113197352080
2024-02-03-21-00-00.00     -215457.481604751636     -320601.481152155844     -114659.642012083772         829.066344153700        -603.444273879917         -12.249225891548           1.026611549147           0.046037871008           0.116047590500
2024-02-03-21-59-59.99     -212466.631664328015     -322751.363000031793     -114706.972893143451         832.520440931740        -590.966076536131         -14.026043001710           1.027314547486           0.045600503219           0.118832441527
2024-02-03-23-00-00.00     -209463.314130050887     -324856.653168622055     -114760.492316306714         835.991487203102        -578.668169440547         -15.688501800946           1.028005538283           0.045127943635           0.121553600523
2024-02-04-00-00-00.00     -206447.481437748385     -326917.970041221939     -114819.801161278447         839.472160471504        -566.533839691910         -17.243488116235           1.028684505213           0.044621760760           0.124212626832
2024-02-04-00-59-59.99     -203419.110824500793     -328935.875144095742     -114884.524081139956         842.955982975445        -554.548169785007         -18.697333116002           1.029351427746           0.044083408586           0.126810956904
2024-02-04-02-00-00.00     -200378.201509120991     -330910.879169277847     -114954.307605206821         846.437202274093        -542.697799650061         -20.055867654481           1.030006281847           0.043514239040           0.129349915829
2024-02-04-03-00-00.00     -197324.772265830892     -332843.447209901875     -115028.818426827653         849.910691494056        -530.970725903647         -21.324470735531           1.030649040466           0.042915513581           0.131830727495
2024-02-04-03-59-59.99     -194258.859327378130     -334734.003329614003     -115107.741855952510         853.371865532905        -519.356131647967         -22.508112709655           1.031279673946           0.042288413305           0.134254523567
2024-02-04-05-00-00.00     -191180.514565475954     -336582.934566052980     -115190.780418720155         856.816610338808        -507.844241475179         -23.611393829729           1.031898150474           0.041634046816           0.136622351458
2024-02-04-06-00-00.00     -188089.803906015411     -338390.594451200042     -115277.652588122146         860.241222890809        -496.426197406835         -24.638578635849           1.032504436369           0.040953457984           0.138935181411
2024-02-04-06-59-59.99     -184986.805943675630     -340157.306117405766     -115368.091631945514         863.642360103481        -485.093952273428         -25.593626734830           1.033098496316           0.040247632797           0.141193912827
2024-02-04-08-00-00.00     -181871.610727093095     -341883.365046769148     -115461.844565269581         867.016995052172        -473.840177741633         -26.480220286787           1.033680293681           0.039517504456           0.143399379920
2024-02-04-09-00-00.00     -178744.318689828855     -343569.041512114753     -115558.671197047675         870.362379416178        -462.658184647153         -27.301788690828           1.034249790671           0.038763958778           0.145552356795
2024-02-04-09-59-59.99     -175605.039707271557     -345214.582750529167     -115658.343260597670         873.676011050406        -451.541853760681         -28.061530699115           1.034806948482           0.037987839018           0.147653562008
2024-02-04-11-00-00.00     -172453.892262078472     -346820.214903978398     -115760.643619734910         876.955605935039        -440.485575400092         -28.762434313072           1.035351727520           0.037189949222           0.149703662683
2024-02-04-12-00-00.00     -169291.002703844279     -348386.144756484253     -115865.365542829153         880.199073796524        -429.484196593486         -29.407294682158           1.035884087496           0.036371058121           0.151703278228
2024-02-04-12-59-59.99     -166116.504590606055     -349912.561292985571     -115972.312038189033         883.404496887662        -418.532974697690         -29.998730265519           1.036403987516           0.035531902651           0.153652983695
2024-02-04-13-59-59.99     -162930.538102042745     -351399.637101513101     -116081.295244553708         886.570111397168        -407.627536572781         -30.539197396332           1.036911386246           0.034673190165           0.155553312842
2024-02-04-15-00-00.00     -159733.249515126401     -352847.529637164844     -116192.135871678402         889.694291194524        -396.763842531255         -31.031003495444           1.037406241976           0.033795601336           0.157404760901
2024-02-04-15-59-59.99     -156524.790734855778     -354256.382363950077     -116304.662686066687         892.775533498649        -385.938154427979         -31.476319015852           1.037888512660           0.032899792809           0.159207787100
2024-02-04-16-59-59.99     -153305.318873365410     -355626.325788349088     -116418.712037753343         895.812446266183        -375.147007332742         -31.877188303165           1.038358156067           0.031986398650           0.160962816981
2024-02-04-18-00-00.00     -150074.995871745079     -356957.478396640916     -116534.127424368417         898.803737022513        -364.387184324127         -32.235539455872           1.038815129805           0.031056032577           0.162670244499
2024-02-04-18-59-59.99     -146833.988159775763     -358249.947506499535     -116650.759089052357         901.748202994970        -353.655694001857         -32.553193323337           1.039259391356           0.030109290025           0.164330433946
2024-02-04-19-59-59.99     -143582.466349090129     -359503.830042009766     -116768.463649353551         904.644722306938        -342.949750382057         -32.831871687244           1.039690898194           0.029146749060           0.165943721727
2024-02-04-21-00-00.00     -140320.604956316587     -360719.213240146055     -116887.103754246695         907.492246189346        -332.266754876385         -33.073204765133           1.040109607802           0.028168972153           0.167510417980
2024-02-04-21-59-59.99     -137048.582152630581     -361896.175295746885     -117006.547767041309         910.289791983610        -321.604280109084         -33.278738048299           1.040515477697           0.027176507829           0.169030808061
2024-02-04-22-59-59.99     -133766.579537214944     -363034.785951205995     -117126.669471815272         913.036436934416        -310.960055349245         -33.449938594063           1.040908465528           0.026169891214           0.170505153928
2024-02-05-00-00-00.00     -130474.781931819962     -364135.107036342088     -117247.347801584299         915.731312597858        -300.331953373527         -33.588200784532           1.041288529100           0.025149645475           0.171933695398
2024-02-05-00-59-59.99     -127173.377194394750     -365197.192963298759     -117368.466586353694         918.373599853884        -289.717978593060         -33.694851636581           1.041655626374           0.024116283182           0.173316651314
2024-02-05-01-59-59.99     -123862.556049764476     -366221.091180760006     -117489.914319511357         920.962524395278        -279.116256303391         -33.771155679121           1.042009715578           0.023070306582           0.174654220630
2024-02-05-03-00-00.00     -120542.511935705857     -367206.842591297114     -117611.583941094417         923.497352706686        -268.525022931067         -33.818319470824           1.042350755210           0.022012208813           0.175946583406
2024-02-05-03-59-59.99     -117213.440862764648     -368154.481935230549     -117733.372636695480         925.977388405203        -257.942617168264         -33.837495760016           1.042678704050           0.020942475045           0.177193901721
2024-02-05-04-59-59.99     -113875.541286578329     -369064.038144029852     -117855.181650782135         928.401968967850        -247.367471898304         -33.829787348349           1.042993521256           0.019861582567           0.178396320542
2024-02-05-06-00-00.00     -110529.013991452041     -369935.534665936313     -117976.916113399173         930.770462754258        -236.798106827275         -33.796250665034           1.043295166376           0.018770001822           0.179553968505
2024-02-05-06-59-59.99     -107174.061984040018     -370768.989766220388     -118098.484879298456         933.082266325973        -226.233121746566         -33.737899092051           1.043583599352           0.017668197399           0.180666958653
2024-02-05-07-59-59.99     -103810.890396284041     -371564.416804217792     -118219.800378594387         935.336802028496        -215.671190360634         -33.655706059862           1.043858780621           0.016556627974           0.181735389118
2024-02-05-09-00-00.00     -100439.706396620997     -372321.824489073129     -118340.778478186636         937.533515785265        -205.111054620789         -33.550607927842           1.044120671125           0.015435747219           0.182759343754
2024-02-05-09-59-59.99      -97060.719108880032     -373041.217115905310     -118461.338353160594         939.671875123163        -194.551519512552         -33.423506682113           1.044369232318           0.014306004680           0.183738892719
2024-02-05-10-59-59.99      -93674.139537125971     -373722.594784029177     -118581.402367845891         941.751367369461        -183.991448259780         -33.275272453521           1.044604426265           0.013167845609           0.184674093027
2024-02-05-12-00-00.00      -90280.180498388130     -374365.953598436899     -118700.895965111165         943.771498019749        -173.429757879804         -33.106745883878           1.044826215658           0.012021711778           0.185564989053
2024-02-05-12-59-59.99      -86879.056559255521     -374971.285856034548     -118819.747564463076         945.731789281298        -162.865415087316         -32.918740350949           1.045034563820           0.010868042275           0.186411612997
2024-02-05-13-59-59.99      -83470.983978305638     -375538.580217602896     -118937.888467656434         947.631778734260        -152.297432487018         -32.712044061743           1.045229434815           0.009707273254           0.187213985330
2024-02-05-15-00-00.00      -80056.180652936877     -376067.821866560902     -119055.252771674335         949.471018146742        -141.724865037458         -32.487422033916           1.045410793454           0.008539838678           0.187972115192
2024-02-05-15-59-59.99      -76634.866070353019     -376558.992655434122     -119171.777288633370         951.249072376055        -131.146806754352         -32.245617965670           1.045578605317           0.007366171054           0.188686000769
2024-02-05-16-59-59.99      -73207.261262105225     -377012.071240862540     -119287.401472284560         952.965518419654        -120.562387632433         -31.987356017941           1.045732836853           0.006186701120           0.189355629642
2024-02-05-18-00-00.00      -69773.588762079205     -377427.033207871020     -119402.067350730518         954.619944530691        -109.970770759295         -31.713342503753           1.045873455395           0.005001858535           0.189980979109
2024-02-05-18-59-59.99      -66334.072567296302     -377803.851184078958     -119515.719465116825         956.211949460654         -99.371149604461         -31.424267504966           1.046000429191           0.003812072574           0.190562016474
2024-02-05-19-59-59.99      -62888.938101499858     -378142.494944420469     -119628.304813983501         957.741141753136         -88.762745460675         -31.120806414100           1.046113727497           0.002617771760           0.191098699331
2024-02-05-21-00-00.00      -59438.412180888132     -378442.931506921654     -119739.772803082960         959.207139161032         -78.144805025238         -30.803621418385           1.046213320605           0.001419384525           0.191590975811
2024-02-05-21-59-59.99      -55982.722982027532     -378705.125219978800     -119850.075200413572         960.609568106125         -67.516598100643         -30.473362924254           1.046299179874           0.000217339865           0.192038784801
2024-02-05-22-59-59.99      -52522.100011418537     -378929.037841567595     -119959.166096305766         961.948063241330         -56.877415404662         -30.130670935233           1.046371277828          -0.000987933058           0.192442056169
2024-02-06-00-00-00.00      -49056.774076553309     -379114.628610739019     -120067.001868386054         963.222267069832         -46.226566473645         -29.776176386059           1.046429588191          -0.002196004280           0.192800710946
2024-02-06-00-59-59.99      -45586.977258320236     -379261.854311710340     -120173.541151269950         964.431829628399         -35.563377647463         -29.410502440136           1.046474085917          -0.003406442406           0.193114661488
2024-02-06-01-59-59.99      -42112.942884232914     -379370.669330847915     -120278.744810880948         965.576408253766         -24.887190126252         -29.034265757150           1.046504747300          -0.004618815029           0.193383811643
2024-02-06-03-00-00.00      -38634.905502551104     -379441.025706750166     -120382.575923275639         966.655667398857         -14.197358085307         -28.648077734668           1.046521550005          -0.005832688114           0.193608056874
2024-02-06-03-59-59.99      -35153.100856872399     -379472.873173641856     -120484.999757905302         967.669278517187          -3.493246838825         -28.252545730046           1.046524473115          -0.007047625376           0.193787284377
2024-02-06-04-59-59.99      -31667.765861059703     -379466.159198225476     -120585.983765247438         968.616920005886           7.225768958989         -27.848274267102           1.046513497235          -0.008263188719           0.193921373182
2024-02-06-06-00-00.00      -28179.138574250395     -379420.829010109999     -120685.497568760111         969.498277210846          17.960307085676         -27.435866232282           1.046488604536          -0.009478937627           0.194010194233
2024-02-06-06-59-59.99      -24687.458175735104     -379336.825625893835     -120783.512961130822         970.313042492012          28.710979505916         -27.015924064702           1.046449778802          -0.010694428543           0.194053610452
2024-02-06-07-59-59.99      -21192.964939505782     -379214.089866941737     -120880.003904805213         971.060915351082          39.478394120599         -26.589050944407           1.046397005545          -0.011909215320           0.194051476786
2024-02-06-09-00-00.00      -17695.900208215622     -379052.560370862368     -120974.946536796197         971.741602617367          50.263156520417         -26.155851984294           1.046330272052          -0.013122848608           0.194003640244
2024-02-06-09-59-59.99      -14196.506366376943     -378852.173596647684     -121068.319177800600         972.354818706576          61.065871752291         -25.716935428203           1.046249567442          -0.014334875230           0.193909939897
2024-02-06-10-59-59.99      -10695.026812490178     -378612.863823416759     -121160.102345645573         972.900285933714          71.887146111100         -25.272913863832           1.046154882779          -0.015544838634           0.193770206887
2024-02-06-12-00-00.00       -7191.705929911558     -378334.563142652274     -121250.278773130020         973.377734904942          82.727588963952         -24.824405451651           1.046046211136          -0.016752278266           0.193584264401
2024-02-06-12-59-59.99       -3686.789056211302     -378017.201443790109     -121338.833430334344         973.786904976765          93.587814618996         -24.372035177364           1.045923547652          -0.017956728942           0.193351927622
2024-02-06-13-59-59.99        -180.522450776745     -377660.706392980588     -121425.753551503265         974.127544793166         104.468444248615         -23.916436131703           1.045786889658          -0.019157721280           0.193073003686
2024-02-06-15-00-00.00        3326.846739798908     -377265.003404831630     -121511.028666546394         974.399412888941         115.370107880843         -23.458250828203           1.045636236737          -0.020354781062           0.192747291593
2024-02-06-15-59-59.99        6835.070518463014     -376830.015606817557     -121594.650637414394         974.602278395860         126.293446466373         -22.998132553944           1.045471590804          -0.021547428584           0.192374582107
2024-02-06-16-59-59.99       10343.900077261293     -376355.663796101813     -121676.613699378708         974.735921818953         137.239114040126         -22.536746770935           1.045292956228          -0.022735179063           0.191954657647
2024-02-06-18-00-00.00       13853.085839846593     -375841.866388390306     -121756.914507450783         974.800135916189         148.207779987651         -22.074772565706           1.045100339907          -0.023917541977           0.191487292142
2024-02-06-18-59-59.99       17362.377507274490     -375288.539358401671     -121835.552188141388         974.794726670076         159.200131434511         -21.612904158690           1.044893751354          -0.025094020374           0.190972250861
2024-02-06-19-59-59.99       20871.524107574845     -374695.596171505982     -121912.528396735259         974.719514368047         170.216875774345         -21.151852478264           1.044673202829          -0.026264111256           0.190409290234
2024-02-06-21-00-00.00       24380.274049342726     -374062.947705972532     -121987.847380387480         974.574334810255         181.258743351759         -20.692346801435           1.044438709423          -0.027427304869           0.189798157639
2024-02-06-21-59-59.99       27888.375179932216     -373390.502165253856     -122061.516047254918         974.359040625520         192.326490324781         -20.235136480973           1.044190289157          -0.028583083973           0.189138591155
2024-02-06-22-59-59.99       31395.574848624150     -372678.164979612222     -122133.544042004985         974.073502742569         203.420901722055         -19.780992753148           1.043927963119          -0.029730924172           0.188430319304
2024-02-07-00-00-00.00       34901.619975546288     -371925.838696347550     -122203.943828002957         973.717611992129         214.542794724812         -19.330710649288           1.043651755567          -0.030870293150           0.187673060746
2024-02-07-00-59-59.99       38406.257125747550     -371133.422857803234     -122272.730776551718         973.291280879253         225.693022193307         -18.885111021638           1.043361694033          -0.032000649878           0.186866523947
2024-02-07-01-59-59.99       41909.232591787790     -370300.813866131357     -122339.923263672201         972.794445557506         236.872476466057         -18.445042659097           1.043057809476          -0.033121444876           0.186010406824
2024-02-07-03-00-00.00       45410.292481905482     -369427.904833889101     -122405.542774722097         972.227067958417         248.082093470986         -18.011384571731           1.042740136395          -0.034232119368           0.185104396334
2024-02-07-03-59-59.99       48909.182817227702     -368514.585419215669     -122469.614017476531         971.589138167525         259.322857173460         -17.585048396236           1.042408712953          -0.035332104403           0.184148168032
2024-02-07-04-59-59.99       52405.649637757037     -367560.741644327121     -122532.165044149297         970.880677029596         270.595804406780         -17.166980965674           1.042063581136          -0.036420821027           0.183141385591
2024-02-07-06-00-00.00       55899.439118119233     -366566.255695852742     -122593.227383017263         970.101739011279         281.902030129305         -16.758167055591           1.041704786891          -0.037497679329           0.182083700273
2024-02-07-06-59-59.99       59390.297694270354     -365531.005705433025     -122652.836180196871         969.252415362348         293.242693155894         -16.359632317207           1.041332380263          -0.038562077445           0.180974750336
2024-02-07-07-59-59.99       62877.972202017947     -364454.865508717252     -122711.030352421585         968.332837592345         304.619022423011         -15.972446423359           1.040946415570          -0.039613401598           0.179814160416
2024-02-07-09-00-00.00       66362.210028790636     -363337.704380773939     -122767.852751500235         967.343181312044         316.032323848583         -15.597726441481           1.040546951562          -0.040651025006           0.178601540821
2024-02-07-09-59-59.99       69842.759279868173     -362179.386745610856     -122823.350341409678         966.283670471953         327.483987860062         -15.236640461305           1.040134051581          -0.041674306721           0.177336486777
2024-02-07-10-59-59.99       73319.368960760432     -360979.771857293556     -122877.574388882931         965.154582053449         338.975497669952         -14.890411498561           1.039707783756          -0.042682591495           0.176018577603
2024-02-07-12-00-00.00       76791.789177240280     -359738.713449764764     -122930.580668662937         963.956251258391         350.508438392031         -14.560321707476           1.039268221185          -0.043675208489           0.174647375810
2024-02-07-12-59-59.99       80259.771355190183     -358456.059352209384     -122982.429684437404         962.689077275582         362.084507098342         -14.247716922879           1.038815442121          -0.044651469892           0.173222426108
2024-02-07-13-59-59.99       83723.068482160670     -357131.651066295919     -123033.186906902934         961.353529658833         373.705523945373         -13.954011592902           1.038349530197          -0.045610670545           0.171743254339
2024-02-07-15-00-00.00       87181.435373408647     -355765.323301319731     -123082.923030128761         959.950155459485         385.373444488445         -13.680694095396           1.037870574632          -0.046552086376           0.170209366302
2024-02-07-15-59-59.99       90634.628964756557     -354356.903462548624     -123131.714248073869         958.479587137321         397.090373359619         -13.429332532958           1.037378670458          -0.047474972713           0.168620246459
2024-02-07-16-59-59.99       94082.408635749802     -352906.211087677570     -123179.642552710415         956.942551409646         408.858579474785         -13.201581016359           1.036873918767          -0.048378563569           0.166975356543
