2027-12-08-05-00-00.00      251380.058731968311     -110055.239418200450     -109537.760816200476         456.701152850525         992.946239520274         640.586406295807           0.568621067583          -0.453010442597          -0.172708977512
2027-12-08-06-00-00.00      252998.868779611425     -106469.472285794138     -107220.447996498653         442.604214093428         999.121819520451         646.796568420112           0.570466765673          -0.448317584759          -0.171861237750
2027-12-08-07-00-00.00      254566.568466009339     -102861.743450386828     -104880.921348554097         428.306774948855        1005.146455001891         652.926875251685           0.572332377389          -0.443599857211          -0.170977805148
2027-12-08-08-00-00.00      256082.438981239888      -99232.604212535050     -102519.474276258086         413.810526761707        1011.015754439477         658.974029721482           0.574217436682          -0.438857450866          -0.170058517216
2027-12-08-09-00-00.00      257545.767924674292      -95582.621706114413     -100136.412110582358         399.117339669388        1016.725313886356         664.934703218255           0.576121471025          -0.434090567407          -0.169103220980
2027-12-08-10-00-00.00      258955.849956806109      -91912.378934066597      -97732.052217881152         384.229267123588        1022.270722000800         670.805538537255           0.578044001876          -0.429299419427          -0.168111773354
2027-12-08-11-00-00.00      260311.987467127125      -88222.474785586426      -95306.724097228667         369.148550279448        1027.647565330482         676.583153023175           0.579984544794          -0.424484231116          -0.167084041518
2027-12-08-12-00-00.00      261613.491257534624      -84513.524033823560      -92860.769466090802         353.877622233523        1032.851433852994         682.264141908784           0.581942609952          -0.419645238398          -0.166019903295
2027-12-08-13-00-00.00      262859.681240696926      -80786.157313180229      -90394.542333622565         338.419112091557        1037.877926770723         687.845081851214           0.583917702666          -0.414782689059          -0.164919247517
2027-12-08-14-00-00.00      264049.887152724434      -77041.021075293655      -87908.409060877151         322.775848843990        1042.722658556705         693.322534666452           0.585909323598          -0.409896843432          -0.163781974413
2027-12-08-15-00-00.00      265183.449279412802      -73278.777522807475      -85402.748407212639         306.950865028992        1047.381265248674         698.693051264496           0.587916969343          -0.404987974515          -0.162607995971
2027-12-08-16-00-00.00      266259.719195259386      -69500.104520042005      -82877.951562168295         290.947400158428        1051.849410986688         703.953175784314           0.589940133031          -0.400056368090          -0.161397236310
2027-12-08-17-00-00.00      267278.060514348384      -65705.695479698858      -80334.422162098068         274.768903885655        1056.122794790530         709.099449929498           0.591978304618          -0.395102323391          -0.160149632054
2027-12-08-18-00-00.00      268237.849652144942      -61896.259224741938      -77772.576290834768         258.419038891171        1060.197157571065         714.128417501847           0.594030971548          -0.390126153205          -0.158865132688
2027-12-08-19-00-00.00      269138.476597131172      -58072.519824628049      -75192.842463685651         241.901683465000        1064.068289369295         719.036629130364           0.596097619434          -0.385128183968          -0.157543700914
2027-12-08-20-00-00.00      269979.345691169205      -54235.216405075895      -72595.661594051970         225.220933763195        1067.732036814462         723.820647189983           0.598177732436          -0.380108756411          -0.156185313011
2027-12-08-21-00-00.00      270759.876417361083      -50385.102930609348      -69981.486942015399         208.381105719316        1071.184310791690         728.477050905173           0.600270794004          -0.375068225639          -0.154789959175
2027-12-08-22-00-00.00      271479.504194143577      -46522.947959136443      -67350.784044225409         191.386736589163        1074.421094306613         733.002441630141           0.602376287633          -0.370006961192          -0.153357643852
2027-12-08-23-00-00.00      272137.681174252706      -42649.534367881810      -64704.030624473024         174.242586109575        1077.438450533418         737.393448298191           0.604493697333          -0.364925347668          -0.151888386074
2027-12-09-00-00-00.00      272733.877047133807      -38765.659050040442      -62041.716484357334         156.953637251363        1080.232531030664         741.646733031251           0.606622508447          -0.359823784765          -0.150382219774
2027-12-09-01-00-00.00      273267.579843305459      -34872.132581575053      -59364.343373479540         139.525096545755        1082.799584107477         745.758996899271           0.608762208482          -0.354702687307          -0.148839194090
2027-12-09-02-00-00.00      273738.296739098325      -30969.778857654928      -56672.424838653467         121.962393966540        1085.135963322297         749.726985820229           0.610912287671          -0.349562485830          -0.147259373667
2027-12-09-03-00-00.00      274145.554860140255      -27059.434698289049      -53966.486051639185         104.271182346386        1087.238136093664         753.547496587486           0.613072239860          -0.344403626586          -0.145642838935
2027-12-09-04-00-00.00      274488.902081881068      -23141.949422788410      -51247.063614964012          86.457336310456        1089.102692402854         757.217383013104           0.615241563414          -0.339226571522          -0.143989686378
2027-12-09-05-00-00.00      274767.907825369097      -19218.184392769337      -48514.705345447372          68.526950708977        1090.726353566258         760.733562172571           0.617419761864          -0.334031798827          -0.142300028794
2027-12-09-06-00-00.00      274982.163846452488      -15289.012523472162      -45769.970035065038          50.486338532316        1092.105981054519         764.093020735551           0.619606344862          -0.328819802892          -0.140573995527
2027-12-09-07-00-00.00      275131.285016610753      -11355.317763330142      -43013.427188957488          32.342028294336        1093.238585335273         767.292821365400           0.621800829153          -0.323591094232          -0.138811732690
2027-12-09-08-00-00.00      275214.910093200160       -7417.994541608210      -40245.656740182443          14.100760871257        1094.121334712940         770.330109169424           0.624002739299          -0.318346199996          -0.137013403374
2027-12-09-09-00-00.00      275232.702477512998       -3477.947184352209      -37467.248741307631          -4.230514212674        1094.751564141849         773.202118179009           0.626211608695          -0.313085663866          -0.135179187827
2027-12-09-10-00-00.00      275184.350958369556         463.910701345079      -34678.803032588781         -22.644643059322        1095.126783983869         775.906177838973           0.628426980601          -0.307810045933          -0.133309283622
2027-12-09-11-00-00.00      275069.570439323084        4406.656874453045      -31880.928886819846         -41.134272234787        1095.244688682196         778.439719482644           0.630648408928          -0.302519923153          -0.131403905807
2027-12-09-12-00-00.00      274888.102647434862        8349.361138142578      -29074.244630930738         -59.691854172110        1095.103165321078         780.800282769398           0.632875459307          -0.297215889192          -0.129463287024
2027-12-09-13-00-00.00      274639.716821582231       12291.086048488085      -26259.377244515163         -78.309653137071        1094.700302039869         782.985522060543           0.635107710168          -0.291898554245          -0.127487677614
2027-12-09-14-00-00.00      274324.210378278978       16230.887653147371      -23436.961935554787         -96.979751755590        1094.034396268114         784.993212707700           0.637344753577          -0.286568545441          -0.125477345700
2027-12-09-15-00-00.00      273941.409552994883       20167.816259316405      -20607.641693699381        -115.694058096933        1093.103962748636         786.821257229231           0.639586196347          -0.281226506636          -0.123432577247
2027-12-09-16-00-00.00      273491.170014984556       24100.917230135157      -17772.066821552005        -134.444313308083        1091.907741314535         788.467691347662           0.641831661139          -0.275873098167          -0.121353676090
2027-12-09-17-00-00.00      272973.377453647030       28029.231808596487      -14930.894444512807        -153.222099790894        1090.444704386925         789.930689861376           0.644080787352          -0.270508997220          -0.119240963953
2027-12-09-18-00-00.00      272387.948134487960       31951.797967895571      -12084.787999824128        -172.018849913208        1088.714064160100         791.208572321368           0.646333232243          -0.265134897562          -0.117094780435
2027-12-09-19-00-00.00      271734.829422784911       35867.651287035835       -9234.416705570968        -190.825855237348        1086.715279442863         792.299808485741           0.648588672048          -0.259751509246          -0.114915482971
2027-12-09-20-00-00.00      271014.000273113197       39775.825850393914       -6380.455010497994        -209.634276252177        1084.448062123186         793.203023519420           0.650846802891          -0.254359558937          -0.112703446777
2027-12-09-21-00-00.00      270225.471682979667       43675.355169837545       -3523.582025600218        -228.435152582701        1081.912383226218         793.917002911355           0.653107341908          -0.248959789595          -0.110459064766
2027-12-09-22-00-00.00      269369.287108861143       47565.273127868997        -664.480938577825        -247.219413655363        1079.108478533292         794.440697076087           0.655370028359          -0.243552960139          -0.108182747436
2027-12-09-23-00-00.00      268445.522843081737       51444.614940161708        2196.161587666410        -265.977889788680        1076.036853731284         794.773225610092           0.657634624540          -0.238139845741          -0.105874922745
2027-12-10-00-00-00.00      267454.288350043353       55312.418135743232        5057.656031185559        -284.701323677500        1072.698289061359         794.913881172679           0.659900916883          -0.232721237466          -0.103536035957
2027-12-10-01-00-00.00      266395.726560450741       59167.723552964999        7919.310640394757        -303.380382239367        1069.093843435792         794.862132960345           0.662168717041          -0.227297941916          -0.101166549465
2027-12-10-02-00-00.00      265270.014122290886       63009.576349290262       10780.432075209677        -322.005668786904        1065.224857993015         794.617629745763           0.664437862778          -0.221870781491          -0.098766942598
2027-12-10-03-00-00.00      264077.361607457802       66837.027022823371       13640.326058296851        -340.567735492280        1061.092959060835         794.180202451123           0.666708219019          -0.216440594026          -0.096337711407
2027-12-10-04-00-00.00      262818.013673037873       70649.132443401482       16498.298034710024        -359.057096104563        1056.700060499915         793.549866228425           0.668979678885          -0.211008232403          -0.093879368422
2027-12-10-05-00-00.00      261492.249176406855       74444.956890961781       19353.653838080168        -377.464238886135        1052.048365399151         792.726822016428           0.671252164530          -0.205574564826          -0.091392442411
2027-12-10-06-00-00.00      260100.381243419863       78223.573098807683       22205.700361428328        -395.779639728725        1047.140367097144         791.711457547385           0.673525628122          -0.200140474451          -0.088877478106
2027-12-10-07-00-00.00      258642.757289123256       81984.063299302856       25053.746230574732        -413.993775409932        1041.978849505201         790.504347776944           0.675800052786          -0.194706859007          -0.086335035920
2027-12-10-08-00-00.00      257119.758990539995       85725.520269434011       27897.102478013534        -432.097136953665        1036.566886708025         789.106254709996           0.678075453366          -0.189274631100          -0.083765691652
2027-12-10-09-00-00.00      255531.802211233415       89447.048373603771       30735.083215038241        -450.080243054008        1030.907841820713         787.518126598568           0.680351877298          -0.183844717858          -0.081170036186
2027-12-10-10-00-00.00      253879.336877488880       93147.764600939554       33567.006299814326        -467.933653524483        1025.005365081410         785.741096488250           0.682629405436          -0.178418060596          -0.078548675169
2027-12-10-11-00-00.00      252162.846806091518       96826.799594331096       36392.193999015057        -485.647982732187        1018.863391160668         783.776480093170           0.684908152696          -0.172995615165          -0.075902228697
2027-12-10-12-00-00.00      250382.849483817787      100483.298668341886       39209.973640567317        -503.213912981453        1012.486135668394         781.625772980099           0.687188268782          -0.167578351653          -0.073231330986
2027-12-10-13-00-00.00      248539.895798907586      104116.422813077865       42019.678255001010        -520.622207808723        1005.878090840593         779.290647047574           0.689469938855          -0.162167254112          -0.070536630047
2027-12-10-14-00-00.00      246634.569724866014      107725.349681020438       44820.647202826978        -537.863725158191         999.044020387008         776.772946286580           0.691753384017          -0.156763320984          -0.067818787363
2027-12-10-15-00-00.00      244667.487957103498      111309.274553775074       47612.226785351762        -554.929430405049         991.988953481928         774.074681815761           0.694038861845          -0.151367564888          -0.065078477567
2027-12-10-16-00-00.00      242639.299502997135      114867.411285615904       50393.770836301977        -571.810409210433         984.718177878548         771.198026182672           0.696326666858          -0.145981012436          -0.062316388122
2027-12-10-17-00-00.00      240550.685226007859      118398.993220638062       53164.641291610358        -588.497880180404         977.237232130363         768.145306933111           0.698617130779          -0.140604704766          -0.059533219024
2027-12-10-18-00-00.00      238402.357344594580      121903.274080273841       55924.208734736574        -604.983207324734         969.551896901768         764.918999448463           0.700910622839          -0.135239697441          -0.056729682500
2027-12-10-19-00-00.00      236195.058886653802      125379.528817864906       58671.852914897565        -621.257912305958         961.668185353355         761.521719060325           0.703207549961          -0.129887060381          -0.053906502729
2027-12-10-20-00-00.00      233929.563100231841      128827.054436937309       61406.963235628049        -637.313686473365         953.592332589453         757.956212457878           0.705508356766          -0.124547878527          -0.051064415582
2027-12-10-21-00-00.00      231606.672821308370      132245.170769782824       64128.939211168006        -653.142402694440         945.330784157041         754.225348407232           0.707813525552          -0.119223251870          -0.048204168370
2027-12-10-22-00-00.00      229227.219799333398      135633.221212918201       66837.190888244149        -668.736126984844         936.890183589258         750.332107815061           0.710123576150          -0.113914295514          -0.045326519622
2027-12-10-23-00-00.00      226792.063981240964      138990.573415974213       69531.139230958550        -684.087129952068         928.277358988971         746.279573175504           0.712439065575          -0.108622140487          -0.042432238881
2027-12-11-00-00-00.00      224302.092754579731      142316.619920555182       72210.216466649232        -699.187898073240         919.499308651452         742.070917449445           0.714760587623          -0.103347933904          -0.039522106522
2027-12-11-01-00-00.00      221758.220150281471      145610.778745615768       74873.866390779338        -714.031144826182         910.563185729407         737.709392437277           0.717088772303          -0.098092839165          -0.036596913597
2027-12-11-02-00-00.00      219161.386005581415      148872.493915936793       77521.544629169774        -728.609821708040         901.476281949515         733.198316716096           0.719424285059          -0.092858036901          -0.033657461701
2027-12-11-03-00-00.00      216512.555087628280      152101.235930207709       80152.718856141058        -742.917129168296         892.246010395301         728.541063224799           0.721767825886          -0.087644725258          -0.030704562865
2027-12-11-04-00-00.00      213812.716177371214      155296.502165657381       82766.868967467599        -756.946527483066         882.879887380521         723.741046595558           0.724120128256          -0.082454120198          -0.027739039465
2027-12-11-05-00-00.00      211062.881114821008      158457.817215665855       85363.487207430735        -770.691747624686         873.385513447373         718.801710334937           0.726481957821          -0.077287456555          -0.024761724160
2027-12-11-06-00-00.00      208264.083804922731      161584.733157548937       87942.078249635233        -784.146802141728         863.770553535642         713.726513979796           0.728854110955          -0.072145988387          -0.021773459841
2027-12-11-07-00-00.00      205417.379184224119      164676.829747530923       90502.159231735990        -797.305996088309         854.042716383517         708.518920358813           0.731237413094          -0.067030989325          -0.018775099597
2027-12-11-08-00-00.00      202523.842148082185      167733.714540289686       93043.259744712472        -810.163938023743         844.209733236725         703.182383104484           0.733632716828          -0.061943753664          -0.015767506690
2027-12-11-09-00-00.00      199584.566438113776      170755.022930749517       95564.921777867596        -822.715551101367         834.279335961499         697.720334570008           0.736040899801          -0.056885596693          -0.012751554534
2027-12-11-10-00-00.00      196600.663489563100      173740.418116175570       98066.699621299209        -834.956084243036         824.259234674780         692.136174314530           0.738462862388          -0.051857855007          -0.009728126669
2027-12-11-11-00-00.00      193573.261238292878      176689.590977069834      100548.159728195460        -846.881123391521         814.157095027679         686.433258325820           0.740899525119          -0.046861887501          -0.006698116733
2027-12-11-12-00-00.00      190503.502887216164      179602.259875886375      103008.880539918639        -858.486602802049         803.980515296662         680.614889152586           0.743351825903          -0.041899075572          -0.003662428402
2027-12-11-13-00-00.00      187392.545632008550      182478.170373204135      105448.452277456774        -869.768816332590         793.737003461740         674.684307117108           0.745820717004          -0.036970823231          -0.000621975317
2027-12-11-14-00-00.00      184241.559346358757      185317.094861635618      107866.476703435605        -880.724428642275         783.433954464948         668.644682773108           0.748307161808          -0.032078557870           0.002422319034
2027-12-11-15-00-00.00      181051.725227184652      188118.832118515129      110262.566859450948        -891.350486205195         773.078627864559         662.499110761656           0.750812131369          -0.027223730157           0.005469521479
2027-12-11-16-00-00.00      177824.234400696907      190883.206779207074      112636.346784009584        -901.644428018777         762.678126117188         656.250605201731           0.753336600749          -0.022407813794           0.008518689386
2027-12-11-17-00-00.00      174560.286490746832      193610.068733693450      114987.451216800706        -911.604095834341         752.239373719985         649.902096724568           0.755881545189          -0.017632305867           0.011568870947
2027-12-11-18-00-00.00      171261.088151408796      196299.292450019333      117315.525295389467        -921.227743758910         741.769097470863         643.456431236527           0.758447936101          -0.012898726270           0.014619105548
2027-12-11-19-00-00.00      167927.851566448051      198950.776229045499      119620.224250633968        -930.514047011600         731.273808087676         636.916370454313           0.761036736903          -0.008208616929           0.017668424222
2027-12-11-20-00-00.00      164561.792919106752      201564.441395848611      121901.213107238844        -939.462109627073         720.759783435224         630.284594220225           0.763648898780          -0.003563541574           0.020715850202
2027-12-11-21-00-00.00      161164.130836387281      204140.231433988258      124158.166395799592        -948.071470875869         710.233053592904         623.563704560154           0.766285356330           0.001034915466           0.023760399575
2027-12-11-22-00-00.00      157736.084812896006      206678.111069649953      126390.767882473010        -956.342110163681         699.699387976410         616.756231401071           0.768947023149           0.005585150711           0.026801082044
2027-12-11-23-00-00.00      154278.873620131169      209178.065313418949      128598.710322033730        -964.274450173824         689.164284700147         609.864639818241           0.771634787459           0.010085542451           0.029836901811
2027-12-12-00-00-00.00      150793.713707978692      211640.098468009441      130781.695239512119        -971.869358027916         678.632962335753         602.891338637816           0.774349507718           0.014534452673           0.032866858562
2027-12-12-01-00-00.00      147281.817605906283      214064.233110818081      132939.432744922495        -979.128144252155         668.110354174026         595.838690175218           0.777092008300           0.018930229242           0.035889948582
2027-12-12-02-00-00.00      143744.392332080286      216450.509060469281      135071.641384725721        -986.052559363906         657.601105047942         588.709020851088           0.779863075340           0.023271207535           0.038905165967
2027-12-12-03-00-00.00      140182.637819352385      218798.982336457004      137178.048032630730        -992.644787944890         647.109570748645         581.504632402791           0.782663452685           0.027555713083           0.041911503948
2027-12-12-04-00-00.00      136597.745367200318      221109.724121386418      139258.387821391632        -998.907440075368         636.639819953811         574.227813368661           0.785493838036           0.031782064429           0.044907956309
2027-12-12-05-00-00.00      132990.896129364177      223382.819734511344      141312.404115944752       -1004.843540100007         626.195638604590         566.880850531078           0.788354879395           0.035948575387           0.047893518893
2027-12-12-06-00-00.00      129363.259646735460      225618.367625208019      143339.848527173453       -1010.456512715808         615.780536558315         559.466039985218           0.791247171715           0.040053558257           0.050867191176
2027-12-12-07-00-00.00      125715.992435068591      227816.478394193167      145340.480964366405       -1015.750166452150         605.397756330296         551.985697520252           0.794171253850           0.044095327195           0.053827977895
2027-12-12-08-00-00.00      122050.236636670015      229977.273849643796      147314.069723369932       -1020.728674656206         595.050283660951         544.442168011856           0.797127605919           0.048072200881           0.056774890724
2027-12-12-09-00-00.00      118367.118744776904      232100.886104218953      149260.391606367921       -1025.396554175962         584.740859663035         536.837833569785           0.800116646940           0.051982506077           0.059706949954
2027-12-12-10-00-00.00      114667.748408485524      234187.456718174013      151179.232068407611       -1029.758641961914         574.471994221033         529.175120211017           0.803138732824           0.055824581225           0.062623186189
2027-12-12-11-00-00.00      110953.217325236867      236237.135892561055      153070.385385033209       -1033.820069871143         564.245980335377         521.456502887200           0.806194154843           0.059596779250           0.065522642014
2027-12-12-12-00-00.00      107224.598226781556      238250.081715231237      154933.654834861343       -1037.586237990192         554.064909097024         513.684508746442           0.809283138390           0.063297471148           0.068404373623
2027-12-12-13-00-00.00      103482.943963334241      240226.459461415565      156768.852890617127       -1041.062786817510         543.930684957417         505.861718562912           0.812405842100           0.066925049517           0.071267452392
2027-12-12-14-00-00.00       99729.286689374858      242166.440949415555      158575.801412007539       -1044.255568673431         533.845041023514         497.990766332019           0.815562357457           0.070477931181           0.074110966380
2027-12-12-15-00-00.00       95964.637153234100      244070.203950831841      160354.331833891978       -1047.170618698399         523.809554078668         490.074337073861           0.818752708641           0.073954560512           0.076934021726
2027-12-12-16-00-00.00       92189.984091245278      245937.931654218090      162104.285343426105       -1049.814125808284         513.825659083840         482.115162942747           0.821976852714           0.077353412617           0.079735743954
2027-12-12-17-00-00.00       88406.293726049596      247769.812179487897      163825.513040448161       -1052.192403949871         503.894662966521         474.116017786469           0.825234680230           0.080672995518           0.082515279149
2027-12-12-18-00-00.00       84614.509367315812      249566.038140475779      165517.876075641310       -1054.311863986774         494.017757491179         466.079710324111           0.828526016017           0.083911852985           0.085271795015
2027-12-12-19-00-00.00       80815.551112104193      251326.806252063630      167181.245762009406       -1056.178986509135         484.196031130218         458.009076151765           0.831850620212           0.087068567166           0.088004481791
2027-12-12-20-00-00.00       77010.315641054491      253052.316977937153      168815.503655776585       -1057.800295824970         474.430479781567         449.906968791820           0.835208189657           0.090141760170           0.090712553029
2027-12-12-21-00-00.00       73199.676105744016      254742.774214963138      170420.541603689839       -1059.182335353643         464.722016349473         441.776250018693           0.838598359353           0.093130096263           0.093395246238
2027-12-12-22-00-00.00       69384.482101829723      256398.385009751102      171996.261754541047       -1060.331644599489         455.071479091863         433.619779692496           0.842020704093           0.096032283863           0.096051823376
2027-12-12-23-00-00.00       65565.559722038117      258019.359303275181      173542.576533541869       -1061.254737838213         445.479638833384         425.440405326523           0.845474740350           0.098847076448           0.098681571214
2027-12-13-00-00-00.00       61743.711682648289      259605.909699337033      175059.408578994044       -1061.958084612447         435.947205016502         417.240951605806           0.848959928152           0.101573274108           0.101283801558
2027-12-13-01-00-00.00       57919.717516852848      261158.251252883958      176546.690641434747       -1062.448092086892         426.474830701347         409.024210052811           0.852475673018           0.104209724895           0.103857851347
2027-12-13-02-00-00.00       54094.333828267510      262676.601274582034      178004.365446108743       -1062.731089281047         417.063116581395         400.792929018750           0.856021328108           0.106755325101           0.106403082629
2027-12-13-03-00-00.00       50268.294597827429      264161.179148105439      179432.385520243581       -1062.813313165471         407.712614095672         392.549804156267           0.859596196243           0.109209020217           0.108918882424
2027-12-13-04-00-00.00       46442.311537459063      265612.206157262670      180830.712987078383       -1062.700896575330         398.423827762005         384.297469500438           0.863199531950           0.111569805727           0.111404662482
2027-12-13-05-00-00.00       42617.074484083016      267029.905320226040      182199.319329042977       -1062.399857874193         389.197216827077         376.038489261355           0.866830543633           0.113836726853           0.113859858953
2027-12-13-06-00-00.00       38793.251827823668      268414.501228730078      183538.185122770665       -1061.916092279932         380.033196348376         367.775350404000           0.870488395586           0.116008879032           0.116283931968
2027-12-13-07-00-00.00       34971.490968537553      269766.219889962056      184847.299748972408       -1061.255364762199         370.932137760283         359.510456080489           0.874172209957           0.118085408282           0.118676365145
2027-12-13-08-00-00.00       31152.418795358055      271085.288570283039      186126.661080125894       -1060.423304381414         361.894369118557         351.246119923657           0.877881068827           0.120065510537           0.121036665046
2027-12-13-09-00-00.00       27336.642184085118      272371.935638798808      187376.275149322668       -1059.425399975278         352.920174999311         342.984561239587           0.881614016077           0.121948431784           0.123364360561
2027-12-13-10-00-00.00       23524.748507934801      273626.390410452499      188596.155803328118       -1058.266997055734         344.009796218483         334.727901072480           0.885370059190           0.123733468126           0.125659002264
2027-12-13-11-00-00.00       19717.306157420728      274848.882987710065      189786.324343065178       -1056.953295807271         335.163429395673         326.478159133810           0.889148171156           0.125419964844           0.127920161729
2027-12-13-12-00-00.00       15914.865065652049      276039.644100559002      190946.809154530434       -1055.489350064725         326.381226444978         318.237251557337           0.892947292140           0.127007316322           0.130147430822
2027-12-13-13-00-00.00       12117.957235709331      277198.904944591981      192077.645333065797       -1053.880067160992         317.663294033351         310.006989442992           0.896766331085           0.128494965926           0.132340420968
2027-12-13-14-00-00.00        8327.097267176281      278326.897017185867      193178.874303717981       -1052.130208532838         309.009693064985         301.789078134406           0.900604167412           0.129882404917           0.134498762424
2027-12-13-15-00-00.00        4542.782879255168      279423.851951853198      194250.543440278649       -1050.244390991150         300.420438203423         293.585117188236           0.904459652485           0.131169172259           0.136622103527
2027-12-13-16-00-00.00         765.495428294943      280490.001351102372      195292.705685305002       -1048.227088552310         291.895497488878         285.396600964589           0.908331611008           0.132354854427           0.138710109960
2027-12-13-17-00-00.00       -3004.299582199062      281525.576617985207      196305.419173380593       -1046.082634752392         283.434792044494         277.224919793548           0.912218842535           0.133439084249           0.140762464018
2027-12-13-18-00-00.00       -6766.152000604632      282530.808786863287      197288.746859472594       -1043.815225360268         275.038195901276         269.071361653157           0.916120122746           0.134421540692           0.142778863890
2027-12-13-19-00-00.00      -10519.626536599910      283505.928353761847      198242.756154158560       -1041.428921421541         266.705535939564         260.937114308342           0.920034204668           0.135301948660           0.144759022950
2027-12-13-20-00-00.00      -14264.302282052404      284451.165106692410      199167.518567340478       -1038.927652562767         258.436591968357         252.823267842647           0.923959820020           0.136080077835           0.146702669073
2027-12-13-21-00-00.00      -17999.772244182135      285366.747956512729      200063.109361687879       -1036.315220505998         250.231096923043         244.730817544353           0.927895680331           0.136755742497           0.148609543978
2027-12-13-22-00-00.00      -21725.642891661617      286252.904768758919      200929.607216998877       -1033.595302739105         242.088737190629         236.660667088743           0.931840478027           0.137328801355           0.150479402580
2027-12-13-23-00-00.00      -25441.533714164390      287109.862196810835      201767.093906527356       -1030.771456298396         234.009153055991         228.613631969405           0.935792887637           0.137799156435           0.152312012390
2027-12-14-00-00-00.00      -29147.076795647503      287937.845516946109      202575.653985973971       -1027.847121628885         225.991939254243         220.590443144947           0.939751566812           0.138166752953           0.154107152926
2027-12-14-01-00-00.00      -32841.916401665330      288737.078465446306      203355.374496054894       -1024.825626479754         218.036645646828         212.591750835972           0.943715157290           0.138431579222           0.155864615163
2027-12-14-02-00-00.00      -36525.708580687955      289507.783078451583      204106.344678848051       -1021.710189823797         210.142777969667         204.618128482002           0.947682286031           0.138593665592           0.157584201014
2027-12-14-03-00-00.00      -40198.120779543489      290250.179534606286      204828.655708644714       -1018.503925759915         202.309798688992         196.670076783446           0.951651566141           0.138653084400           0.159265722838
2027-12-14-04-00-00.00      -43858.831472875310      290964.486000895558      205522.400437552249       -1015.209847388130         194.537127930623         188.748027826335           0.955621597784           0.138609949958           0.160909002986
2027-12-14-05-00-00.00      -47507.529806418272      291650.918482089764      206187.673155875760       -1011.830870635557         186.824144485073         180.852349258628           0.959590969257           0.138464417553           0.162513873375
2027-12-14-06-00-00.00      -51143.915254005049      292309.690673756413      206824.569367824442       -1008.369818021457         179.170186873244         172.983348501355           0.963558257868           0.138216683478           0.164080175099
2027-12-14-07-00-00.00      -54767.697287942916      292941.013819350163      207433.185582230799       -1004.829422344784         171.574554475561         165.141276970195           0.967522030820           0.137866985089           0.165607758068
2027-12-14-08-00-00.00      -58378.595062535664      293545.096571403905      208013.619118549454       -1001.212330288438         164.036508705618         157.326334304705           0.971480846251           0.137415599871           0.167096480684
2027-12-14-09-00-00.00      -61976.337110414672      294122.144857024890      208565.967928062542        -997.521105922283         156.555274246526         149.538672560264           0.975433254110           0.136862845532           0.168546209547
2027-12-14-10-00-00.00      -65560.661051281379      294672.361747962015      209090.330430071597        -993.758234112843         149.130040304336         141.778400409238           0.979377797020           0.136209080130           0.169956819192
2027-12-14-11-00-00.00      -69131.313312750353      295195.947335202072      209586.805363230233        -989.926123815775         141.759961922539         134.045587271581           0.983313011327           0.135454701180           0.171328191862
2027-12-14-12-00-00.00      -72688.048862830838      295693.098608392815      210055.491651619319        -986.027111259924         134.444161317478         126.340267421725           0.987237427978           0.134600145806           0.172660217305
2027-12-14-13-00-00.00      -76230.630953659638      296164.009340136137      210496.488285509258        -982.063463012060         127.181729251334         118.662444036611           0.991149573403           0.133645890912           0.173952792610
2027-12-14-14-00-00.00      -79758.830876061227      296608.869975248526      210909.894216650253        -978.037378921761         119.971726434375         111.012093189081           0.995047970576           0.132592452320           0.175205822063
2027-12-14-15-00-00.00      -83272.427724475943      297027.867525163281      211295.808267760440        -973.950994941991         112.813184961053         103.389167774743           0.998931139920           0.131440384956           0.176419217043
2027-12-14-16-00-00.00      -86771.208171825187      297421.185467533418      211654.329056081158        -969.806385826335         105.705109770927          95.793601385173           1.002797600223           0.130190283049           0.177592895935
2027-12-14-17-00-00.00      -90254.966253853374      297789.003651168430      211985.554930713028        -965.605567695378          98.646480153108          88.225312090025           1.006645869725           0.128842779275           0.178726784080
2027-12-14-18-00-00.00      -93723.503162482128      298131.498206424410      212289.583923503262        -961.350500477783          91.636251272048          80.684206173484           1.010474467064           0.127398544954           0.179820813748
2027-12-14-19-00-00.00      -97176.627047709582      298448.841461182979      212566.513713169581        -957.043090217170          84.673355739439          73.170181777202           1.014281912231           0.125858290258           0.180874924132
2027-12-14-20-00-00.00     -100614.152827580503      298741.201862539572      212816.441602446896        -952.685191246963          77.756705222209          65.683132471516           1.018066727698           0.124222763331           0.181889061377
2027-12-14-21-00-00.00     -104035.902005741998      299008.743904354167      213039.464507959608        -948.278608230337          70.885192092375          58.222950746694           1.021827439411           0.122492750482           0.182863178628
2027-12-14-22-00-00.00     -107441.702496096841      299251.628060837800      213235.678962452832        -943.825098062621          64.057691126309          50.789531407740           1.025562577790           0.120669076366           0.183797236097
2027-12-14-23-00-00.00     -110831.388454057203      299470.010726329929      213405.181129131233        -939.326371636528          57.273061246519          43.382774894976           1.029270678905           0.118752603066           0.184691201157
2027-12-15-00-00-00.00     -114204.800113902165      299664.044161441852      213548.066827766510        -934.784095467265          50.530147320506          36.002590491068           1.032950285513           0.116744230245           0.185545048457
2027-12-15-01-00-00.00     -117561.783631737315      299833.876445783884      213664.431572110247        -930.199893177209          43.827782008450          28.648899446206           1.036599948113           0.114644895282           0.186358760054
2027-12-15-02-00-00.00     -120902.190933537233      299979.651437415974      213754.370618511311        -925.575346841476          37.164787676877          21.321637953230           1.040218226162           0.112455572288           0.187132325566
2027-12-15-03-00-00.00     -124225.879567788783      300101.508739327081      213817.979024865985        -920.911998190811          30.539978359297          14.020760060546           1.043803689161           0.110177272188           0.187865742337
2027-12-15-04-00-00.00     -127532.712562206812      300199.583673065936      213855.351719921688        -916.211349675312          23.952161787057           6.746240421271           1.047354917755           0.107811042791           0.188559015625
2027-12-15-05-00-00.00     -130822.558284025028      300274.007259792939      213866.583582252293        -911.474865387808          17.400141479156          -0.501923074433           1.050870504991           0.105357967706           0.189212158795
2027-12-15-06-00-00.00     -134095.290303370653      300324.906208979548      213851.769528383506        -906.703971847277          10.882718896382          -7.723706807730           1.054349057438           0.102819166338           0.189825193536
2027-12-15-07-00-00.00     -137350.787259188219      300352.402914963954      213811.004609760741        -901.900058645090           4.398695658685         -14.919059091987           1.057789196331           0.100195793857           0.190398150076
2027-12-15-08-00-00.00     -140588.932727268373      300356.615461617184      213744.384117694717        -897.064478952894          -2.053124173920         -22.087897989232           1.061189558851           0.097489039995           0.190931067414
2027-12-15-09-00-00.00     -143809.615089845698      300337.657635321142      213652.003695969412        -892.198549896425          -8.473931759655         -29.230109298541           1.064548799275           0.094700128932           0.191423993560
2027-12-15-10-00-00.00     -147012.727406300779      300295.638946487452      213533.959460360667        -887.303552798901         -14.864911074973         -36.345544733278           1.067865590147           0.091830319135           0.191876985773
2027-12-15-11-00-00.00     -150198.167284768453      300230.664659600647      213390.348124236043        -882.380733287821         -21.227236458168         -43.434020267354           1.071138623560           0.088880902024           0.192290110810
2027-12-15-12-00-00.00     -153365.836752670031      300142.835833251069      213221.267130160326        -877.431301294709         -27.562070118635         -50.495314711476           1.074366612324           0.085853201712           0.192663445171
2027-12-15-13-00-00.00     -156515.642129472544      300032.249367099954      213026.814785495866        -872.456430913185         -33.870559576604         -57.529168502561           1.077548291135           0.082748574713           0.192997075346
2027-12-15-14-00-00.00     -159647.493896258820      299898.998060229234      212807.090402839938        -867.457260157603         -40.153835098450         -64.535282684090           1.080682417845           0.079568408440           0.193291098056
2027-12-15-15-00-00.00     -162761.306565542967      299743.170677723887      212562.194442963839        -862.434890619045         -46.413007093843         -71.513318179989           1.083767774613           0.076314120800           0.193545620492
2027-12-15-16-00-00.00     -165856.998549331212      299564.852026853769      212292.228660401510        -857.390387013898         -52.649163503194         -78.462895264987           1.086803169060           0.072987159741           0.193760760542
2027-12-15-17-00-00.00     -168934.492025453597      299364.123042666994      211997.296250265150        -852.324776653512         -58.863367185136         -85.383593320582           1.089787435486           0.069589001584           0.193936647010
2027-12-15-18-00-00.00     -171993.712801830348      299141.060882972262      211677.501995512052        -847.239048829881         -65.056653314675         -92.274950834974           1.092719435985           0.066121150454           0.194073419826
2027-12-15-19-00-00.00     -175034.590178368118      298895.739032650599      211332.952413844469        -842.134154137376         -71.230026808666         -99.136465675462           1.095598061540           0.062585137669           0.194171230231
2027-12-15-20-00-00.00     -178057.056806380075      298628.227417152317      210963.755902934732        -837.011003739711         -77.384459791772        -105.967595636661           1.098422233167           0.058982519893           0.194230240958
2027-12-15-21-00-00.00     -181061.048545242200      298338.592525026121      210570.022883330385        -831.870468596651         -83.520889121133        -112.767759262875           1.101190902955           0.055314878412           0.194250626382
2027-12-15-22-00-00.00     -184046.504316183797      298026.897539245721      210151.865937926574        -826.713378651316         -89.640213980226        -119.536336928788           1.103903055067           0.051583818357           0.194232572657
2027-12-15-23-00-00.00     -187013.365953204775      297693.202477006009      209709.399946894730        -821.540522015390         -95.743293569445        -126.272672219352           1.106557706778           0.047790966700           0.194176277824
2027-12-16-00-00-00.00     -189961.578050942684      297337.564337686286      209242.742217364721        -816.352644138295        -101.830944899360        -132.976073553826           1.109153909392           0.043937971368           0.194081951894
2027-12-16-01-00-00.00     -192891.087809659046      296960.037258497963      208752.012606614095        -811.150446999986        -107.903940715251        -139.645816092671           1.111690749130           0.040026500333           0.193949816908
2027-12-16-02-00-00.00     -195801.844877300173      296560.672677377763      208237.333638036362        -805.934588321523        -113.963007561414        -146.281143884988           1.114167348005           0.036058239447           0.193780106962
2027-12-16-03-00-00.00     -198693.801188821031      296139.519502548501      207698.830608885648        -800.705680823314        -120.008824009415        -152.881272267559           1.116582864605           0.032034891438           0.193573068207
2027-12-16-04-00-00.00     -201566.910802936356      295696.624288143357      207136.631688970607        -795.464291538397        -126.042019063158        -159.445390490616           1.118936494807           0.027958174868           0.193328958810
2027-12-16-05-00-00.00     -204421.129736499017      295232.031415240432      206550.868009537488        -790.210941195733        -132.063170756302        -165.972664554279           1.121227472479           0.023829821860           0.193048048889
2027-12-16-06-00-00.00     -207256.415796854912      294745.783277554670      205941.673741540377        -784.946103694719        -138.072804959654        -172.462240243445           1.123455070070           0.019651576989           0.192730620413
2027-12-16-07-00-00.00     -210072.728412376018      294237.920471085759      205309.186162764236        -779.670205662363        -144.071394399694        -178.913246320398           1.125618599145           0.015425196157           0.192376967062
2027-12-16-08-00-00.00     -212870.028461751324      293708.481986805680      204653.545713041647        -774.383626142150        -150.059357918053        -185.324797883336           1.127717410865           0.011152444239           0.191987394062
2027-12-16-09-00-00.00     -215648.278102224809      293157.505405663396      203974.896037279890        -769.086696382928        -156.037059958465        -191.695999829928           1.129750896375           0.006835093921           0.191562217975
2027-12-16-10-00-00.00     -218407.440597405977      292585.027094944380      203273.384015762946        -763.779699775229        -162.004810307602        -198.025950427639           1.131718487121           0.002474924528           0.191101766464
2027-12-16-11-00-00.00     -221147.480144999688      291991.082405166759      202549.159781528841        -758.462871904784        -167.962864074208        -204.313744939376           1.133619655102          -0.001926280359           0.190606378015
2027-12-16-12-00-00.00     -223868.361705094314      291375.705866543576      201802.376724557573        -753.136400771329        -173.911421930421        -210.558479298070           1.135453913026          -0.006366734076           0.190076401638
2027-12-16-13-00-00.00     -226570.050829422544      290738.931384168798      201033.191482754104        -747.800427140460        -179.850630595652        -216.759253781749           1.137220814410          -0.010844648039           0.189512196522
2027-12-16-14-00-00.00     -229252.513492206053      290080.792430988979      200241.763919706747        -742.455045055923        -185.780583572852        -222.915176670803           1.138919953581          -0.015358234112           0.188914131670
2027-12-16-15-00-00.00     -231915.715923062118      289401.322237716231      199428.257089380029        -737.100302492816        -191.701322121262        -229.025367851238           1.140550965610          -0.019905705736           0.188282585504
2027-12-16-16-00-00.00     -234559.624442624307      288700.553978769225      198592.837187948404        -731.736202178784        -197.612836471679        -235.088962341875           1.142113526180          -0.024485279040           0.187617945434
2027-12-16-17-00-00.00     -237184.205301296606      287978.520953479107      197735.673493139562        -726.362702548845        -203.515067257842        -241.105113710002           1.143607351347          -0.029095175131           0.186920607415
2027-12-16-18-00-00.00     -239789.424521779147      287235.256761723082      196856.938291504892        -720.979718860587        -209.407907166437        -247.072997353957           1.145032197257          -0.033733621144           0.186190975472
2027-12-16-19-00-00.00     -242375.247745833622      286470.795473272970      195956.806794154894        -715.587124435999        -215.291202777420        -252.991813624918           1.146387859794          -0.038398851242           0.185429461208
2027-12-16-20-00-00.00     -244941.640085729887      285685.171790205059      195035.457041588699        -710.184752047350        -221.164756589337        -258.860790764386           1.147674174118          -0.043089108797           0.184636483291
2027-12-16-21-00-00.00     -247488.565980982268      284878.421201685327      194093.069798295124        -704.772395418461        -227.028329202651        -264.679187639327           1.148891014180          -0.047802647299           0.183812466933
2027-12-16-22-00-00.00     -250015.989060643682      284050.580130660790      193129.828437917429        -699.349810848353        -232.881641648540        -270.446296252582           1.150038292174          -0.052537731220           0.182957843351
2027-12-16-23-00-00.00     -252523.872011637577      283201.686071938893      192145.918819795537        -693.916718929216        -238.724377835769        -276.161444017217           1.151115957882          -0.057292638035           0.182073049215
2027-12-17-00-00-00.00     -255012.176453430933      282331.777721273713      191141.529157763754        -688.472806354532        -244.556187098182        -281.823995781534           1.152123998009          -0.062065658977           0.181158526101
2027-12-17-01-00-00.00     -257480.862819432048      281440.895095104701      190116.849882141832        -683.017727815123        -250.376686825440        -287.433355591885           1.153062435482          -0.066855099707           0.180214719927
2027-12-17-02-00-00.00     -259929.890245223127      280529.079640757933      189072.073495830584        -677.551107942360        -256.185465144888        -292.988968194236           1.153931328622          -0.071659282175           0.179242080398
2027-12-17-03-00-00.00     -262359.216463955527      279596.374336891517      188007.394425502192        -672.072543311918        -261.982083643975        -298.490320263990           1.154730770349          -0.076476545170           0.178241060445
2027-12-17-04-00-00.00     -264768.797708976897      278642.823784125212      186923.008868831035        -666.581604474700        -267.766080105059        -303.936941369669           1.155460887357          -0.081305244809           0.177212115674
2027-12-17-05-00-00.00     -267158.588623902644      277668.474285795644      185819.114638773142        -661.077838021151        -273.536971239129        -309.328404664439           1.156121839157          -0.086143756195           0.176155703817
2027-12-17-06-00-00.00     -269528.542180013086      276673.373918954225      184695.911005784350        -655.560768642537        -279.294255390924        -314.664327319167           1.156713817189          -0.090990473771           0.175072284196
2027-12-17-07-00-00.00     -271878.609601163829      275657.572595662845      183553.598538977414        -650.029901195548        -285.037415203688        -319.944370696359           1.157237043915          -0.095843811608           0.173962317196
2027-12-17-08-00-00.00     -274208.740296038741      274621.122114820697      182392.378947071382        -644.484722742337        -290.765920221454        -325.168240281358           1.157691771776          -0.100702204867           0.172826263751
2027-12-17-09-00-00.00     -276518.881797798502      273564.076204729849      181212.454920077726        -638.924704577352        -296.479229418897        -330.335685367702           1.158078282249          -0.105564109949           0.171664584847
2027-12-17-10-00-00.00     -278808.979710806394      272486.490556750388      180014.029972431454        -633.349304194237        -302.176793635646        -335.446498531951           1.158396884896          -0.110428004597           0.170477741043
2027-12-17-11-00-00.00     -281078.977664484875      271388.422850339964      178797.308288479981        -627.757967219408        -307.858057911553        -340.500514888956           1.158647916280          -0.115292389155           0.169266192002
2027-12-17-12-00-00.00     -283328.817273953347      270269.932769906358      177562.494570955372        -622.150129277542        -313.522463706000        -345.497611159547           1.158831738997          -0.120155786544           0.168030396055
2027-12-17-13-00-00.00     -285558.438107289199      269131.082013883279      176309.793893145135        -616.525217791758        -319.169450995021        -350.437704560166           1.158948740727          -0.125016742169           0.166770809777
2027-12-17-14-00-00.00     -287767.777659134183      267971.934296490334      175039.411555352825        -610.882653707680        -324.798460238390        -355.320751534278           1.158999333136          -0.129873825013           0.165487887586
2027-12-17-15-00-00.00     -289956.771330344083      266792.555342652602      173751.552946164040        -605.221853143320        -330.408934211233        -360.146746334832           1.158983950921          -0.134725627438           0.164182081363
2027-12-17-16-00-00.00     -292125.352413465211      265593.012876577443      172446.423409088427        -599.542228936929        -336.000319696598        -364.915719499719           1.158903050892          -0.139570764936           0.162853840105
2027-12-17-17-00-00.00     -294273.452083581011      264373.376604491379      171124.228114841651        -593.843192124762        -341.572069036296        -369.627736200026           1.158757110885          -0.144407877062           0.161503609584
2027-12-17-18-00-00.00     -296400.999394333572      263133.718192050466      169785.171939762076        -588.124153314656        -347.123641539254        -374.282894511327           1.158546628857          -0.149235627096           0.160131832046
2027-12-17-19-00-00.00     -298507.921278718335      261874.111236936908      168429.459350582532        -582.384523966647        -352.654504747895        -378.881323611549           1.158272122010          -0.154052701651           0.158738945927
2027-12-17-20-00-00.00     -300594.142554323829      260594.631237151887      167057.294295804662        -576.623717583215        -358.164135563174        -383.423181916980           1.157934125751          -0.158857811486           0.157325385587
2027-12-17-21-00-00.00     -302659.585932677845      259295.355555508431      165668.880103852658        -570.841150801779        -363.652021231164        -387.908655180096           1.157533192844          -0.163649691035           0.155891581077
2027-12-17-22-00-00.00     -304704.172032351489      257976.363380813244      164264.419388118986        -565.036244396426        -369.117660193528        -392.337954555918           1.157069892605          -0.168427097916           0.154437957926
2027-12-17-23-00-00.00     -306727.819395528350      256637.735686233820      162844.113959037262        -559.208424183027        -374.560562807819        -396.711314660070           1.156544809914          -0.173188813630           0.152964936944
2027-12-18-00-00-00.00     -308730.444507645036      255279.555185294303      161408.164743119676        -553.357121836495        -379.980251940606        -401.028991621524           1.155958544443          -0.177933643003           0.151472934055
2027-12-18-01-00-00.00     -310711.961819816439      253901.906285955396      159956.771708992252        -547.481775619258        -385.376263439996        -405.291261146141           1.155311709934          -0.182660413604           0.149962360147
2027-12-18-02-00-00.00     -312672.283773737377      252504.875043204695      158490.133800380398        -541.581831022524        -390.748146494597        -409.498416603735           1.154604933266          -0.187367976368           0.148433620944
2027-12-18-03-00-00.00     -314611.320828729542      251088.549110542721      157008.448875905538        -535.656741326628        -396.095463884429        -413.650767143575           1.153838853779          -0.192055204964           0.146887116896
2027-12-18-04-00-00.00     -316528.981490682112      249653.017690759181      155511.913655629556        -529.705968081212        -401.417792132503        -417.748635851721           1.153014122622          -0.196720995154           0.145323243091
2027-12-18-05-00-00.00     -318425.172342561651      248198.371486318851      154000.723674110719        -523.728981511830        -406.714721562694        -421.792357953152           1.152131401898          -0.201364265354           0.143742389179
2027-12-18-06-00-00.00     -320299.798076289298      246724.702649717132      152475.073239893856        -517.725260855436        -411.985856272786        -425.782279068718           1.151191364068          -0.205983955955           0.142144939319
2027-12-18-07-00-00.00     -322152.761525729613      245232.104734070424      150935.155401183350        -511.694294631393        -417.230814028147        -429.718753528385           1.150194691383          -0.210579028645           0.140531272139
2027-12-18-08-00-00.00     -323983.963700250490      243720.672644117352      149381.161917098565        -505.635580850482        -422.449226081459        -433.602142745380           1.149142075102          -0.215148466921           0.138901760713
2027-12-18-09-00-00.00     -325793.303819580178      242190.502588243340      147813.283235536568        -499.548627168520        -427.640736932593        -437.432813660866           1.148034214974          -0.219691275386           0.137256772550
2027-12-18-10-00-00.00     -327580.679348470585      240641.692031217040      146231.708475631254        -493.432950987930        -432.805004023274        -441.211137249884           1.146871818754          -0.224206479042           0.135596669597
2027-12-18-11-00-00.00     -329345.986031943816      239074.339648240217      144636.625415869901        -487.288079510726        -437.941697382522        -444.937487102043           1.145655601486          -0.228693123782           0.133921808255
2027-12-18-12-00-00.00     -331089.117930617707      237488.545280355931      143028.220487160550        -481.113549750250        -443.050499223167        -448.612238068593           1.144386285062          -0.233150275669           0.132232539407
2027-12-18-13-00-00.00     -332809.967455970531      235884.409891361691      141406.678770586703        -474.908908499039        -448.131103500836        -452.235764989214           1.143064597818          -0.237577020217           0.130529208455
2027-12-18-14-00-00.00     -334508.425405446731      234262.035526393447      139772.183999656234        -468.673712265622        -453.183215433567        -455.808441481577           1.141691273873          -0.241972462871           0.128812155367
2027-12-18-15-00-00.00     -336184.380997277971      232621.525272296771      138124.918566784239        -462.407527176300        -458.206550994172        -459.330638808101           1.140267052762          -0.246335728282           0.127081714734
2027-12-18-16-00-00.00     -337837.721904868667      230962.983219846617      136465.063533670851        -456.109928848925        -463.200836376755        -462.802724811873           1.138792679102          -0.250665959590           0.125338215835
2027-12-18-17-00-00.00     -339468.334290686180      229286.514427923976      134792.798645391274        -449.780502237936        -468.165807448026        -466.225062930379           1.137268901987          -0.254962318897           0.123581982706
2027-12-18-18-00-00.00     -341076.102839627361      227592.224889773846      133108.302348065539        -443.418841467455        -473.101209172380        -469.598011256694           1.135696474682          -0.259223986545           0.121813334223
2027-12-18-19-00-00.00     -342660.910791625327      225880.221501230029      131411.751809532056        -437.024549633972        -478.006795038305        -472.921921691817           1.134076154358          -0.263450160413           0.120032584183
2027-12-18-20-00-00.00     -344222.639973613492      224150.612031117023      129703.322943158215        -430.597238602678        -482.882326467375        -476.197139142534           1.132408701523          -0.267640056382           0.118240041394
2027-12-18-21-00-00.00     -345761.170830688556      222403.505093739397      127983.190434328091        -424.136528786586        -487.727572224250        -479.424000791524           1.130694879786          -0.271792907637           0.116436009769
2027-12-18-22-00-00.00     -347276.382456493680      220639.010123544082      126251.527769527471        -417.642048921169        -492.542307817434        -482.602835414791           1.128935455641          -0.275907963964           0.114620788427
2027-12-18-23-00-00.00     -348768.152622732683      218857.237351880991      124508.507267683934        -411.113435826107        -497.326314907783        -485.733962768272           1.127131197938          -0.279984492232           0.112794671791
2027-12-19-00-00-00.00     -350236.357807861408      217058.297785951523      122754.300113719932        -404.550334167238        -502.079380711081        -488.817693015229           1.125282877702          -0.284021775698           0.110957949695
2027-12-19-01-00-00.00     -351680.873224886658      215242.303189862840      120989.076394011325        -397.952396211622        -506.801297409121        -491.854326212135           1.123391267956          -0.288019113331           0.109110907492
2027-12-19-02-00-00.00     -353101.572848291718      213409.366067809315      119213.005133635757        -391.319281581885        -511.491861564177        -494.844151839375           1.121457143239          -0.291975820298           0.107253826163
2027-12-19-03-00-00.00     -354498.329440070200      211559.599649343145      117426.254335217847        -384.650657009310        -516.150873541464        -497.787448378618           1.119481279456          -0.295891227286           0.105386982427
2027-12-19-04-00-00.00     -355871.014574874658      209693.117876710923      115628.991019221663        -377.946196087433        -520.778136940625        -500.684482933259           1.117464453754          -0.299764679845           0.103510648858
2027-12-19-05-00-00.00     -357219.498664279177      207810.035394218372      113821.381265535863        -371.205579027715        -525.373458037159        -503.535510888705           1.115407444059          -0.303595538882           0.101625093991
2027-12-19-06-00-00.00     -358543.650980167091      205910.467539579695      112003.590256205644        -364.428492418222        -529.936645235811        -506.340775611009           1.113311028967          -0.307383180007           0.099730582446
2027-12-19-07-00-00.00     -359843.339677266660      203994.530337237462      110175.782319215010        -357.614628987033        -534.467508536380        -509.100508180424           1.111175987657          -0.311126992886           0.097827375036
2027-12-19-08-00-00.00     -361118.431814826501      202062.340493533644      108338.120973112440        -350.763687371928        -538.965859010875        -511.814927156024           1.109003099449          -0.314826381753           0.095915728883
2027-12-19-09-00-00.00     -362368.793377494207      200114.015393791400      106490.768972489008        -343.875371896801        -543.431508294836        -514.484238371202           1.106793143731          -0.318480764772           0.093995897535
2027-12-19-10-00-00.00     -363594.289295395312      198149.673101183434      104633.888354117371        -336.949392355121        -547.864268093713        -517.108634758996           1.104546899895          -0.322089573409           0.092068131082
2027-12-19-11-00-00.00     -364794.783463437983      196169.432357319631      102767.640483640949        -329.985463805060        -552.263949693589        -519.688296193228           1.102265146919          -0.325652252954           0.090132676264
2027-12-19-12-00-00.00     -365970.138759930676      194173.412584683130      100892.186102900116        -322.983306367845        -556.630363500993        -522.223389370019           1.099948663319          -0.329168261898           0.088189776591
2027-12-19-13-00-00.00     -367120.217064436292      192161.733890532807       99007.685377482732        -315.942645042925        -560.963318572905        -524.714067687069           1.097598227113          -0.332637071332           0.086239672454
2027-12-19-14-00-00.00     -368244.879275027430      190134.517072626651       97114.297944823222        -308.863209525276        -565.262622180419        -527.160471164064           1.095214615416          -0.336058165467           0.084282601236
2027-12-19-15-00-00.00     -369343.985324877489      188091.883626424882       95212.182962487306        -301.744734036049        -569.528079372912        -529.562726368242           1.092798604414          -0.339431041040           0.082318797421
2027-12-19-16-00-00.00     -370417.394198256487      186033.955753830087       93301.499156686841        -294.586957161268        -573.759492558296        -531.920946359818           1.090350969354          -0.342755206721           0.080348492712
2027-12-19-17-00-00.00     -371464.963945972908      183960.856373447110       91382.404870995553        -287.389621700519        -577.956661094399        -534.235230650266           1.087872484145          -0.346030183648           0.078371916129
2027-12-19-18-00-00.00     -372486.551700283249      181872.709132275137       89455.058115174659        -280.152474523815        -582.119380897852        -536.505665178458           1.085363921358          -0.349255504845           0.076389294123
2027-12-19-19-00-00.00     -373482.013689304993      179769.638418790768       87519.616614068364        -272.875266440772        -586.247444058219        -538.732322291313           1.082826052226          -0.352430714653           0.074400850682
2027-12-19-20-00-00.00     -374451.205250972416      177651.769377367629       85576.237856526568        -265.557752078518        -590.340638470222        -540.915260740390           1.080259646265          -0.355555369264           0.072406807434
2027-12-19-21-00-00.00     -375393.980846589373      175519.227924102743       83625.079144391013        -258.199689771677        -594.398747474089        -543.054525683558           1.077665471277          -0.358629036159           0.070407383748
2027-12-19-22-00-00.00     -376310.194073988416      173372.140763726842       81666.297641382829        -250.800841464303        -598.421549508702        -545.150148696077           1.075044293381          -0.361651293554           0.068402796842
2027-12-19-23-00-00.00     -377199.697680352372      171210.635407939466       79700.050421943059        -243.360972621408        -602.408817774256        -547.202147787769           1.072396876624          -0.364621730941           0.066393261879
2027-12-20-00-00-00.00     -378062.343574777711      169034.840194875782       77726.494520112537        -235.879852155250        -606.360319901722        -549.210527422444           1.069723983014          -0.367539948541           0.064378992066
2027-12-20-01-00-00.00     -378897.982840542565      166844.884309671266       75745.786978174132        -228.357252360374        -610.275817635591        -551.175278546821           1.067026372552          -0.370405556761           0.062360198756
2027-12-20-02-00-00.00     -379706.465747195820      164640.897806258523       73758.084895300242        -220.792948861045        -614.155066520676        -553.096378619141           1.064304802857          -0.373218176748           0.060337091537
2027-12-20-03-00-00.00     -380487.641762461455      162423.011630224093       71763.545476042185        -213.186720568655        -617.997815598170        -554.973791642472           1.061560029201          -0.375977439845           0.058309878332
2027-12-20-04-00-00.00     -381241.359564004873      160191.357642732823       69762.326078685175        -205.538349648517        -621.803807112589        -556.807468203091           1.058792804564          -0.378682987076           0.056278765492
2027-12-20-05-00-00.00     -381967.467051125190      157946.068645605439       67754.584263554338        -197.847621499266        -625.572776215344        -558.597345501821           1.056003879253          -0.381334469688           0.054243957885
2027-12-20-06-00-00.00     -382665.811356337625      155687.278407232167       65740.477841024185        -190.114324737726        -629.304450694921        -560.343347402434           1.053194000952          -0.383931548636           0.052205658987
2027-12-20-07-00-00.00     -383336.238856974465      153415.121689661930       63720.164919533163        -182.338251198823        -632.998550694942        -562.045384464925           1.050363914785          -0.386473894067           0.050164070974
2027-12-20-08-00-00.00     -383978.595186778984      151129.734276593139       61693.803953393675        -174.519195943620        -636.654788450460        -563.703353988095           1.047514362935          -0.388961185879           0.048119394806
2027-12-20-09-00-00.00     -384592.725247546332      148831.253002295009       59661.553790445236        -166.656957279179        -640.272868027759        -565.317140049605           1.044646084709          -0.391393113204           0.046071830314
2027-12-20-10-00-00.00     -385178.473220867047      146519.815781490412       57623.573719591332        -158.751336790288        -643.852485068627        -566.886613544183           1.041759816602          -0.393769373919           0.044021576287
2027-12-20-11-00-00.00     -385735.682579999440      144195.561640129308       55580.023518185357        -150.802139382524        -647.393326541041        -568.411632221779           1.038856291921          -0.396089675195           0.041968830552
2027-12-20-12-00-00.00     -386264.196101918933      141858.630747054587       53531.063499283904        -142.809173337160        -650.895070493377        -569.892040723653           1.035936240857          -0.398353733001           0.039913790061
2027-12-20-13-00-00.00     -386763.855879589450      139509.164446562150       51476.854558784689        -134.772250377701        -654.357385811502        -571.327670616177           1.033000390551          -0.400561271620           0.037856650966
2027-12-20-14-00-00.00     -387234.503334488894      137147.305291804689       49417.558222428517        -126.691185747176        -657.779931981035        -572.718340424143           1.030049464729          -0.402712024205           0.035797608706
2027-12-20-15-00-00.00     -387675.979229436722      134773.197079063306       47353.336692696867        -118.565798296491        -661.162358851112        -574.063855661057           1.027084183768          -0.404805732290           0.033736858079
2027-12-20-16-00-00.00     -388088.123681755853      132386.984882856021       45284.352895598793        -110.395910583073        -664.504306401803        -575.364008857912           1.024105264776          -0.406842145324           0.031674593325
2027-12-20-17-00-00.00     -388470.776176809741      129988.815091883327       43210.770527360837        -102.181348979790        -667.805404514151        -576.618579589640           1.021113421225          -0.408821021218           0.029611008199
2027-12-20-18-00-00.00     -388823.775581948808      127578.835445791439       41132.754101023005         -93.921943794003        -671.065272743681        -577.827334499644           1.018109363018          -0.410742125877           0.027546296048
2027-12-20-19-00-00.00     -389146.960160905030      125157.195072748858       39050.468992952585         -85.617529397102        -674.283520097060        -578.990027322032           1.015093796582          -0.412605232738           0.025480649886
2027-12-20-20-00-00.00     -389440.167588671786      122724.044527821185       36964.081489282042         -77.267944365188        -677.459744810532        -580.106398900639           1.012067424488          -0.414410123324           0.023414262465
2027-12-20-21-00-00.00     -389703.234966910968      120279.535832134163       34873.758832280801         -68.873031630937        -680.593534133625        -581.176177206955           1.009030945536          -0.416156586782           0.021347326351
2027-12-20-22-00-00.00     -389935.998839928885      117823.822512818049       32779.669266671001         -60.432638648338        -683.684464111332        -582.199077353067           1.005985054840          -0.417844419433           0.019280033993
2027-12-20-23-00-00.00     -390138.295211268065      115357.059643727524       30681.982085899002         -51.946617569469        -686.732099372389        -583.174801604403           1.002930443456          -0.419473425324           0.017212577793
2027-12-21-00-00-00.00     -390309.959560958261      112879.403886927088       28580.867678368755         -43.414825434763        -689.735992915788        -584.103039388087           0.999867798461          -0.421043415782           0.015145150178
2027-12-21-01-00-00.00     -390450.826863475784      110391.013534921498       26476.497573637702         -34.837124376070        -692.695685899027        -584.983467299387           0.996797803049          -0.422554208971           0.013077943667
2027-12-21-02-00-00.00     -390560.731606461515      107892.048553706787       24369.044488624753         -26.213381832421        -695.610707426597        -585.815749105584           0.993721136151          -0.424005630445           0.011011150942
2027-12-21-03-00-00.00     -390639.507810224837      105382.670626486783       22258.682373759992         -17.543470777978        -698.480574338853        -586.599535747917           0.990638472525          -0.425397512707           0.008944964909
2027-12-21-04-00-00.00     -390686.989048107120      102863.043198253494       20145.586459182679          -8.827269961962        -701.304791001153        -587.334465341117           0.987550482844          -0.426729694787           0.006879578773
2027-12-21-05-00-00.00     -390703.008467716223      100333.331521043365       18029.933300904788          -0.064664160003        -704.082849095765        -588.020163172255           0.984457833321          -0.428002022784           0.004815186099
2027-12-21-06-00-00.00     -390687.398813093139       97793.702699978981       15911.900826999992           8.744455561820        -706.814227409924        -588.656241695155           0.981361185799          -0.429214349446           0.002751980874
2027-12-21-07-00-00.00     -390639.992447851459       95244.325740070402       13791.668383815859          17.600191571567        -709.498391632095        -589.242300526517           0.978261197840          -0.430366533747           0.000690157580
2027-12-21-08-00-00.00     -390560.621379330580       92685.371593738775       11669.416782198790          26.502639382133        -712.134794144759        -589.777926437918           0.975158522347          -0.431458441439          -0.001370088750
2027-12-21-09-00-00.00     -390449.117283813248       90117.013209080280        9545.328343749065          35.451887348267        -714.722873820515        -590.262693347268           0.972053807658          -0.432489944634          -0.003428562467
2027-12-21-10-00-00.00     -390305.311532868247       87539.425578885988        7419.586947120176          44.448016349037        -717.262055820314        -590.696162309289           0.968947697631          -0.433460921397          -0.005485067240
2027-12-21-11-00-00.00     -390129.035220849095       84952.785790332855        5292.378074330677          53.491099454518        -719.751751390424        -591.077881504017           0.965840831270          -0.434371256294          -0.007539405998
2027-12-21-12-00-00.00     -389920.119193634717       82357.273075462901        3163.888857144448          62.581201576963        -722.191357661274        -591.407386224955           0.962733842812          -0.435220839988          -0.009591380870
2027-12-21-13-00-00.00     -389678.394078649988       79753.068862366606        1034.308123486443          71.718379106548        -724.580257450613        -591.684198868485           0.959627361819          -0.436009568840          -0.011640793119
2027-12-21-14-00-00.00     -389403.690316223074       77140.356827048265       -1096.173556114201          80.902679530076        -726.917819059238        -591.907828919712           0.956522012795          -0.436737345456          -0.013687443085
2027-12-21-15-00-00.00     -389095.838192347612       74519.322946056796       -3227.363822017225          90.134141034744        -729.203396073096        -592.077772941058           0.953418415279          -0.437404078294          -0.015731130127
2027-12-21-16-00-00.00     -388754.667872898688       71890.155549819407       -5359.068478927619          99.412792096455        -731.436327167132        -592.193514561712           0.950317183933          -0.438009681275          -0.017771652561
2027-12-21-17-00-00.00     -388380.009439355345       69253.045376653696       -7491.091449324825         108.738651051567        -733.615935902825        -592.254524464810           0.947218928156          -0.438554074333          -0.019808807604
2027-12-21-18-00-00.00     -387971.692926106742       66608.185627604194       -9623.234726812580         118.111725654856        -735.741530540532        -592.260260380847           0.944124252179          -0.439037183029          -0.021842391313
2027-12-21-19-00-00.00     -387529.548359348846       63955.772021755765      -11755.298329516132         127.532012618942        -737.812403835542        -592.210167075332           0.941033755147          -0.439458938174          -0.023872198531
2027-12-21-20-00-00.00     -387053.405797702377       61296.002852483289      -13887.080253364396         136.999497139642        -739.827832855943        -592.103676345277           0.937948030738          -0.439819276378          -0.025898022829
2027-12-21-21-00-00.00     -386543.095374552358       58629.079044250197      -16018.376425399452         146.514152402127        -741.787078792311        -591.940207013369           0.934867667250          -0.440118139677          -0.027919656448
2027-12-21-22-00-00.00     -385998.447342200263       55955.204210077318      -18148.980657072068         156.075939068801        -743.689386773864        -591.719164925820           0.931793247683          -0.440355475164          -0.029936890244
2027-12-21-23-00-00.00     -385419.292117898702       53274.584709704584      -20278.684597521256         165.684804747336        -745.533985687130        -591.439942952730           0.928725349357          -0.440531235541          -0.031949513635
2027-12-22-00-00-00.00     -384805.460331836715       50587.429708383133      -22407.277686867255         175.340683438760        -747.320088002241        -591.101920993489           0.925664543994          -0.440645378754          -0.033957314542
2027-12-22-01-00-00.00     -384156.782877148536       47893.951236283843      -24534.547109531897         185.043494963713        -749.046889595934        -590.704465983841           0.922611397802          -0.440697867638          -0.035960079338
2027-12-22-02-00-00.00     -383473.090962025744       45194.364248544451      -26660.277747589531         194.793144368528        -750.713569583949        -590.246931909677           0.919566471086          -0.440688670467          -0.037957592795
2027-12-22-03-00-00.00     -382754.216164009529       42488.886685904021      -28784.252134182352         204.589521309941        -752.319290153047        -589.728659824522           0.916530318331          -0.440617760601          -0.039949638025
2027-12-22-04-00-00.00     -381999.990486524475       39777.739535938374      -30906.250407002266         214.432499419771        -753.863196399818        -589.148977873477           0.913503488283          -0.440485116143          -0.041935996434
2027-12-22-05-00-00.00     -381210.246417748916       37061.146894892554      -33026.050261866738         224.321935648913        -755.344416171949        -588.507201322247           0.910486523555          -0.440290720492          -0.043916447667
2027-12-22-06-00-00.00     -380384.816991873900       34339.336030026599      -35143.426906422617         234.257669591518        -756.762059919895        -587.802632594167           0.907479960712          -0.440034561994          -0.045890769556
2027-12-22-07-00-00.00     -379523.535852835921       31612.537442510122      -37258.153013988347         244.239522787212        -758.115220547348        -587.034561311568           0.904484330343          -0.439716633623          -0.047858738070
2027-12-22-08-00-00.00     -378626.237320601766       28880.984930849212      -39369.998677555806         254.267298002762        -759.402973278692        -586.202264347599           0.901500156671          -0.439336933520          -0.049820127266
2027-12-22-09-00-00.00     -377692.756460078468       26144.915654762037      -41478.731363997547         264.340778490264        -760.624375529850        -585.305005884729           0.898527957631          -0.438895464673          -0.051774709235
2027-12-22-10-00-00.00     -376722.929152735043       23404.570199498907      -43584.115868501125         274.459727221447        -761.778466788201        -584.342037482345           0.895568244938          -0.438392234595          -0.053722254059
2027-12-22-11-00-00.00     -375716.592171032680       20660.192640610047      -45685.914269258799         284.623886097516        -762.864268505356        -583.312598155151           0.892621523698          -0.437827255877          -0.055662529758
2027-12-22-12-00-00.00     -374673.583255731966       17912.030609009653      -47783.885882471186         294.832975133021        -763.880783996668        -582.215914461589           0.889688292480          -0.437200545869          -0.057595302246
2027-12-22-13-00-00.00     -373593.741196196119       15160.335356463587      -49877.787217675716         305.086691613895        -764.826998353530        -581.051200604460           0.886769043384          -0.436512126382          -0.059520335281
2027-12-22-14-00-00.00     -372476.905913770490       12405.361821341014      -51967.371933464434         315.384709229297        -765.701878366023        -579.817658543951           0.883864261644          -0.435762024233          -0.061437390421
2027-12-22-15-00-00.00     -371322.918548329908        9647.368694598608      -54052.390793639621         325.726677177314        -766.504372457106        -578.514478124023           0.880974425704          -0.434950270949          -0.063346226980
2027-12-22-16-00-00.00     -370131.621548096358        6886.618486014310      -56132.591623840744         336.112219244660        -767.233410628276        -577.140837212587           0.878100007276          -0.434076902472          -0.065246601981
2027-12-22-17-00-00.00     -368902.858762786840        4123.377590510054      -58207.719268731729         346.540932861536        -767.887904422417        -575.695901857273           0.875241470948          -0.433141959718          -0.067138270114
2027-12-22-18-00-00.00     -367636.475540351181        1357.916354944647      -60277.515549643918         357.012388128916        -768.466746897334        -574.178826456679           0.872399274249          -0.432145488283          -0.069020983693
2027-12-22-19-00-00.00     -366332.318826970586       -1409.490855782643      -62341.719223138978         367.526126823763        -768.968812616733        -572.588753946576           0.869573867711          -0.431087538174          -0.070894492620
2027-12-22-20-00-00.00     -364990.237270975253       -4178.565591827259      -64400.065939985150         378.081661375329        -769.392957660884        -570.924816005667           0.866765694470          -0.429968164359          -0.072758544334
2027-12-22-21-00-00.00     -363610.081330341927       -6949.025252017960      -66452.288205068384         388.678473816398        -769.738019655169        -569.186133278693           0.863975190334          -0.428787426500          -0.074612883783
2027-12-22-22-00-00.00     -362191.703384054941       -9720.583017480894      -68498.115338093921         399.316014706830        -770.002817819012        -567.371815619272           0.861202783832          -0.427545388688          -0.076457253379
2027-12-22-23-00-00.00     -360734.957847386191      -12492.947785512653      -70537.273435210576         409.993702029023        -770.186153038949        -565.480962354392           0.858448895827          -0.426242120007          -0.078291392967
2027-12-23-00-00-00.00     -359239.701291206933      -15265.824103737034      -72569.485331621996         420.710920054196        -770.286807963650        -563.512662571176           0.855713939568          -0.424877694274          -0.080115039781
2027-12-23-01-00-00.00     -357705.792565433832      -18038.912104648040      -74594.470565273848         431.467018179018        -770.303547120707        -561.465995427224           0.852998320747          -0.423452189792          -0.081927928423
2027-12-23-02-00-00.00     -356133.092926711193      -20811.907440658993      -76611.945341711718         442.261309733783        -770.235117066191        -559.340030487882           0.850302437103          -0.421965689922          -0.083729790819
2027-12-23-03-00-00.00     -354521.466170442116      -23584.501219675753      -78621.622500187834         453.093070760742        -770.080246550117        -557.133828087956           0.847626678477          -0.420418282836          -0.085520356194
2027-12-23-04-00-00.00     -352870.778767269279      -26356.379941326613      -80623.211481122504         463.961538765360        -769.837646715883        -554.846439722324           0.844971426866          -0.418810061287          -0.087299351041
2027-12-23-05-00-00.00     -351180.900004083698      -29127.225434043765      -82616.418295036972         474.865911440836        -769.506011329556        -552.476908465412           0.842337056025          -0.417141123185          -0.089066499097
2027-12-23-06-00-00.00     -349451.702129697951      -31896.714792881652      -84600.945493025982         485.805345366088        -769.084017034144        -550.024269419037           0.839723931526          -0.415411571374          -0.090821521310
2027-12-23-07-00-00.00     -347683.060505230969      -34664.520318433308      -86576.492138916903         496.778954679155        -768.570323643108        -547.487550192456           0.837132410801          -0.413621513410          -0.092564135825
2027-12-23-08-00-00.00     -345874.853759321151      -37430.309456819807      -88542.753783208012         507.785809725495        -767.963574468764        -544.865771414511           0.834562842755          -0.411771062152          -0.094294057955
2027-12-23-09-00-00.00     -344026.963948253368      -40193.744740907990      -90499.422438907219         518.824935680927        -767.262396683861        -542.157947279060           0.832015567818          -0.409860335549          -0.096011000166
2027-12-23-10-00-00.00     -342139.276721081929      -42954.483732953195      -92446.186559407448         529.895311150357        -766.465401730749        -539.363086127504           0.829490917988          -0.407889456444          -0.097714672057
2027-12-23-11-00-00.00     -340211.681489847484      -45712.178968747794      -94382.731018519014         540.995866741097        -765.571185767206        -536.480191068215           0.826989216450          -0.405858553169          -0.099404780348
2027-12-23-12-00-00.00     -338244.071604972880      -48466.477903475599      -96308.737092806638         552.125483611944        -764.578330159449        -533.508260636206           0.824510777623          -0.403767759351          -0.101081028865
2027-12-23-13-00-00.00     -336236.344535926357      -51217.022859400924      -98223.882446372605         563.282991998123        -763.485402017285        -530.446289493900           0.822055907206          -0.401617213735          -0.102743118534
2027-12-23-14-00-00.00     -334188.402057233558      -53963.450975602653     -100127.841118244789         574.467169714011        -762.290954781531        -527.293269175954           0.819624901800          -0.399407060788          -0.104390747369
2027-12-23-15-00-00.00     -332100.150439919671      -56705.394159899617     -102020.283512524853         585.676740634637        -760.993528859292        -524.048188878826           0.817218048959          -0.397137450526          -0.106023610473
2027-12-23-16-00-00.00     -329971.500648458023      -59442.479043099658     -103900.876391456579         596.910373157511        -759.591652304039        -520.710036295999           0.814835627233          -0.394808538357          -0.107641400036
2027-12-23-17-00-00.00     -327802.368543278368      -62174.326935898040     -105769.282871592746         608.166678648710        -758.083841561855        -517.277798502691           0.812477905798          -0.392420485693          -0.109243805335
2027-12-23-18-00-00.00     -325592.675088899850      -64900.553788475001     -107625.162423239119         619.444209873304        -756.468602261457        -513.750462888277           0.810145144512          -0.389973459801          -0.110830512741
2027-12-23-19-00-00.00     -323342.346567739907      -67620.770153071484     -109468.170873334690         630.741459414341        -754.744430067936        -510.127018139984           0.807837593954          -0.387467633662          -0.112401205732
2027-12-23-20-00-00.00     -321051.314799629734      -70334.581149754507     -111297.960411974753         642.056858082062        -752.909811598217        -506.406455278781           0.805555495074          -0.384903186600          -0.113955564900
2027-12-23-21-00-00.00     -318719.517367070774      -73041.586435587888     -113114.179602757547         653.388773315622        -750.963225400064        -502.587768749118           0.803299079239          -0.382280304153          -0.115493267968
2027-12-23-22-00-00.00     -316346.897846257547      -75741.380177426923     -114916.473397152004         664.735507579301        -748.903142995816        -498.669957564361           0.801068568288          -0.379599177951          -0.117013989820
2027-12-23-23-00-00.00     -313933.406043876836      -78433.551028637565     -116704.483153097244         676.095296755811        -746.728030000860        -494.652026510812           0.798864174183          -0.376860006361          -0.118517402515
2027-12-24-00-00-00.00     -311478.998239696433      -81117.682109938818     -118477.846658041133         687.466308538398        -744.436347311239        -490.532987411785           0.796686099071          -0.374062994377          -0.120003175320
2027-12-24-01-00-00.00     -308983.637434939621      -83793.350994660868     -120236.198156642437         698.846640824742        -742.026552367574        -486.311860454407           0.794534535336          -0.371208353525          -0.121470974750
2027-12-24-02-00-00.00     -306447.293606432911      -86460.129698698962     -121979.168383365424         710.234320115723        -739.497100494386        -481.987675580850           0.792409665268          -0.368296302516          -0.122920464597
2027-12-24-03-00-00.00     -303869.943966503837      -89117.584675427337     -123706.384600201607         721.627299923134        -736.846446320257        -477.559473945768           0.790311661134          -0.365327067165          -0.124351305983
2027-12-24-04-00-00.00     -301251.573228588910      -91765.276815863268     -125417.470639758176         733.023459190677        -734.073045275332        -473.026309440784           0.788240685234          -0.362300880311          -0.125763157403
2027-12-24-05-00-00.00     -298592.173878493544      -94402.761454381485     -127112.046953957775         744.420600733617        -731.175355174032        -468.387250287221           0.786196889592          -0.359217982492          -0.127155674782
2027-12-24-06-00-00.00     -295891.746451228857      -97029.588380251444     -128789.730668594217         755.816449702220        -728.151837876996        -463.641380697360           0.784180416035          -0.356078621883          -0.128528511536
2027-12-24-07-00-00.00     -293150.299813326623      -99645.301855349928     -130450.135643995862         767.208652074962        -725.000961046015        -458.787802605538           0.782191396257          -0.352883054240          -0.129881318638
2027-12-24-08-00-00.00     -290367.851450519054     -102249.440638321699     -132092.872542045487         778.594773186670        -721.721199983608        -453.825637469446           0.780229951538          -0.349631543594          -0.131213744688
2027-12-24-09-00-00.00     -287544.427760644932     -104841.538015545957     -133717.548899814428         789.972296297370        -718.311039567459        -448.754028143124           0.778296192825          -0.346324362204          -0.132525435996
2027-12-24-10-00-00.00     -284680.064351626788     -107421.121839210493     -135323.769210069062         801.338621207198        -714.768976275615        -443.572140822670           0.776390220820          -0.342961790533          -0.133816036663
2027-12-24-11-00-00.00     -281774.806344342476     -109987.714572887387     -136911.135008916637         812.691062923257        -711.093520312373        -438.279167066262           0.774512125715          -0.339544117952          -0.135085188677
2027-12-24-12-00-00.00     -278828.708680193813     -112540.833344904153     -138479.244970856846         824.026850384257        -707.283197828555        -432.874325889376           0.772661987293          -0.336071642719          -0.136332532009
2027-12-24-13-00-00.00     -275841.836433153425     -115079.990009902656     -140027.695011513977         835.343125249553        -703.336553241807        -427.356865936222           0.770839875028          -0.332544671976          -0.137557704722
2027-12-24-14-00-00.00     -272814.265126043640     -117604.691218920969     -141556.078398323705         846.636940759560        -699.252151655881        -421.726067727769           0.769045847854          -0.328963522466          -0.138760343085
2027-12-24-15-00-00.00     -269746.081050778972     -120114.438498364805     -143063.985869450698         857.905260675255        -695.028581378809        -415.981245986313           0.767279954276          -0.325328520540          -0.139940081693
2027-12-24-16-00-00.00     -266637.381592271151     -122608.728338234840     -144551.005761211854         869.144958304956        -690.664456541700        -410.121752035984           0.765542232499          -0.321640002171          -0.141096553599
2027-12-24-17-00-00.00     -263488.275555667584     -125087.052289943735     -146016.724144276086         880.352815627193        -686.158419815025        -404.146976278083           0.763832710216          -0.317898313688          -0.142229390453
2027-12-24-18-00-00.00     -260298.883496561000     -127548.897074094813     -147460.724968908034         891.525522518943        -681.509145223141        -398.056350739724           0.762151404757          -0.314103811802          -0.143338222646
2027-12-24-19-00-00.00     -257069.338053773186     -129993.744698571216     -148882.590219516045         902.659676098800        -676.715341057269        -391.849351693875           0.760498323222          -0.310256863642          -0.144422679470
2027-12-24-20-00-00.00     -253799.784284281690     -132421.072587283794     -150281.900078757433         913.751780195058        -671.775752883981        -385.525502348700           0.758873462321          -0.306357847500          -0.145482389281
2027-12-24-21-00-00.00     -250490.379999821511     -134830.353719920851     -151658.233101447026         924.798244948659        -666.689166650258        -379.084375603943           0.757276808534          -0.302407152878          -0.146516979672
2027-12-24-22-00-00.00     -247141.296104658162     -137221.056783050153     -153011.166398505768         935.795386561245        -661.454411881875        -372.525596872103           0.755708338279          -0.298405180538          -0.147526077661
2027-12-24-23-00-00.00     -243752.716933991440     -139592.646332894772     -154340.275831178966         946.739427198454        -656.070364973796        -365.848846962060           0.754168017784          -0.294352343265          -0.148509309881
2027-12-25-00-00-00.00     -240324.840592412103     -141944.582970122778     -155645.136215743871         957.626495058437        -650.535952572636        -359.053865022526           0.752655803276          -0.290249065923          -0.149466302784
2027-12-25-01-00-00.00     -236857.879291799967     -144276.323526969063     -156925.321538917400         968.452624616680        -644.850155039879        -352.140451542751           0.751171641180          -0.286095785522          -0.150396682860
2027-12-25-02-00-00.00     -233352.059688006353     -146587.321266969258     -158180.405184164178         979.213757056628        -639.012010002361        -345.108471406436           0.749715468027          -0.281892951988          -0.151300076856
2027-12-25-03-00-00.00     -229807.623215635947     -148877.026097613387     -159409.960169088008         989.905740898099        -633.020615974098        -337.957856994889           0.748287210677          -0.277641028231          -0.152176112013
2027-12-25-04-00-00.00     -226224.826420194382     -151144.884796173836     -160613.559394074808        1000.524332834159        -626.875136049773        -330.688611333611           0.746886786547          -0.273340490222          -0.153024416315
2027-12-25-05-00-00.00     -222603.941286827554     -153390.341248926881     -161790.775902332796        1011.065198788570        -620.574801659042        -323.300811275926           0.745514103563          -0.268991827763          -0.153844618740
2027-12-25-06-00-00.00     -218945.255564841995     -155612.836704007263     -162941.183151448058        1021.523915205925        -614.118916375165        -315.794610716161           0.744169060413          -0.264595544567          -0.154636349534
2027-12-25-07-00-00.00     -215249.073087140918     -157811.810038045398     -164064.355296549795        1031.895970586562        -607.506859770264        -308.170243824186           0.742851546809          -0.260152158335          -0.155399240490
2027-12-25-08-00-00.00     -211515.714083678962     -159986.698036768677     -165159.867485144263        1042.176767279039        -600.738091306516        -300.428028292922           0.741561443484          -0.255662201524          -0.156132925238
2027-12-25-09-00-00.00     -207745.515487977013     -162136.935689643084     -166227.296163651394        1052.361623541138        -593.812154259366        -292.568368589567           0.740298622478          -0.251126221426          -0.156837039545
2027-12-25-10-00-00.00     -203938.831235720951     -164261.956498698186     -167266.219395638182        1062.445775882911        -586.728679654252        -284.591759202223           0.739062947432          -0.246544780242          -0.157511221638
2027-12-25-11-00-00.00     -200096.032554399950     -166361.192801529221     -168276.217191717064        1072.424381700908        -579.487390216327        -276.498787871741           0.737854273629          -0.241918455843          -0.158155112521
2027-12-25-12-00-00.00     -196217.508242919721     -168434.076108517242     -169256.871851039032        1082.292522215822        -572.088104314009        -268.290138799579           0.736672448316          -0.237247841837          -0.158768356318
2027-12-25-13-00-00.00     -192303.664940073824     -170480.037454208417     -170207.768314273766        1092.045205722513        -564.530739887675        -259.966595820820           0.735517311026          -0.232533547630          -0.159350600622
2027-12-25-14-00-00.00     -188354.927380767069     -172498.507762859983     -171128.494527940871        1101.677371165499        -556.815318345343        -251.529045531147           0.734388693667          -0.227776199171          -0.159901496857
2027-12-25-15-00-00.00     -184371.738638713781     -174488.918227791903     -172018.641819880664        1111.183892041293        -548.941968417944        -242.978480355087           0.733286420873          -0.222976438995          -0.160420700645
2027-12-25-16-00-00.00     -180354.560354529502     -176450.700704630261     -172877.805285663140        1120.559580646459        -540.910929948746        -234.316001542262           0.732210310357          -0.218134926272          -0.160907872202
2027-12-25-17-00-00.00     -176303.872947887343     -178383.288118039665     -173705.584185619577        1129.799192671419        -532.722557609125        -225.542822076762           0.731160173042          -0.213252337506          -0.161362676720
2027-12-25-18-00-00.00     -172220.175812494243     -180286.114881635003     -174501.582352173689        1138.897432150648        -524.377324518344        -216.660269484276           0.730135813438          -0.208329366561          -0.161784784783
2027-12-25-19-00-00.00     -168103.987492599292     -182158.617330745066     -175265.408607068966        1147.848956775665        -515.875825749748        -207.669788520666           0.729137030024          -0.203366724663          -0.162173872784
2027-12-25-20-00-00.00     -163955.845839714224     -184000.234167564777     -175996.677188035217        1156.648383574925        -507.218781709057        -198.572943724475           0.728163615415          -0.198365141069          -0.162529623347
2027-12-25-21-00-00.00     -159776.308148220036     -185810.406918218010     -176695.008184373379        1165.290294966453        -498.407041362495        -189.371421816236           0.727215356765          -0.193325363034          -0.162851725769
2027-12-25-22-00-00.00     -155565.951268506586     -187588.580401134968     -177360.027980875224        1173.769245184751        -489.441585300103        -180.067033926370           0.726292036166          -0.188248155777          -0.163139876472
2027-12-25-23-00-00.00     -151325.371696301561     -189334.203206140519     -177991.369709428080        1182.079767084482        -480.323528613466        -170.661717634004           0.725393430848          -0.183134303078          -0.163393779450
2027-12-26-00-00-00.00     -147055.185636826936     -191046.728183537256     -178588.673707592039        1190.216379320128        -471.054123570476        -161.157538798717           0.724519313600          -0.177984607200          -0.163613146744
2027-12-26-01-00-00.00     -142756.029042433744     -192725.612942422915     -179151.587983372156        1198.173593898955        -461.634762069427        -151.556693167178           0.723669453180          -0.172799888774          -0.163797698911
2027-12-26-02-00-00.00     -138428.557622384978     -194370.320357426477     -179679.768685341551        1205.945924102975        -452.066977853448        -141.861507736753           0.722843614541          -0.167580987333          -0.163947165503
2027-12-26-03-00-00.00     -134073.446823457838     -195980.319082940026     -180172.880577210366        1213.527892773047        -442.352448466538        -132.074441857807           0.722041559258          -0.162328761148          -0.164061285559
2027-12-26-04-00-00.00     -129691.391780100428     -197555.084073933132     -180630.597515860980        1220.914040945038        -432.492996934999        -122.198088055811           0.721263045942          -0.157044087036          -0.164139808092
2027-12-26-05-00-00.00     -125283.107232857743     -199094.097112251678     -181052.602931815374        1228.098936827863        -422.490593152874        -112.235172554520           0.720507830487          -0.151727860796          -0.164182492589
2027-12-26-06-00-00.00     -120849.327413906576     -200596.847337391460     -181438.590311013424        1235.077185106670        -412.347354960082        -102.188555480154           0.719775666487          -0.146380996951          -0.164189109509
2027-12-26-07-00-00.00     -116390.805898521226     -202062.831780547043     -181788.263676725997        1241.843436557735        -402.065548891627         -92.061230727724           0.719066305650          -0.141004428455          -0.164159440789
2027-12-26-08-00-00.00     -111908.315421403691     -203491.555900762352     -182101.338070348109        1248.392397952532        -391.647590589622         -81.856325469716           0.718379498051          -0.135599107013          -0.164093280341
2027-12-26-09-00-00.00     -107402.647656862828     -204882.534121923352     -182377.540029753349        1254.718842232780        -381.096044860192         -71.577099289514           0.717714992534          -0.130166002714          -0.163990434560
2027-12-26-10-00-00.00     -102874.612961916253     -206235.290369312279     -182616.608063826628        1260.817618929308        -370.413625368716         -61.226942922143           0.717072537117          -0.124706103610          -0.163850722825
2027-12-26-11-00-00.00      -98325.040081486164     -207549.358604394336     -182818.293121733877        1266.683664798140        -359.603193963019         -50.809376587282           0.716451879228          -0.119220415917          -0.163673977991
2027-12-26-12-00-00.00      -93754.775814958091     -208824.283356488741     -182982.359055436362        1272.312014643866        -348.667759616748         -40.328047901223           0.715852766105          -0.113709963503          -0.163460046884
2027-12-26-13-00-00.00      -89164.684643491055     -210059.620249944594     -183108.583073912858        1277.697812293200        -337.610476991014         -29.786729356024           0.715274945155          -0.108175787339          -0.163208790789
2027-12-26-14-00-00.00      -84555.648317606363     -211254.936525446072     -183196.756187512801        1282.836321685260        -326.434644606749         -19.189315356896           0.714718164196          -0.102618945544          -0.162920085919
2027-12-26-15-00-00.00      -79928.565404708439     -212409.811554039770     -183246.683640837553        1287.722938032981        -315.143702631324          -8.539818809878           0.714182171812          -0.097040512735          -0.162593823882
2027-12-26-16-00-00.00      -75284.350796354061     -213523.837342493091     -183258.185332519643        1292.353199013971        -303.741230277450           2.157632745242           0.713666717692          -0.091441579318          -0.162229912138
2027-12-26-17-00-00.00      -70623.935175262435     -214596.619028602930     -183231.096220256877        1296.722795943221        -292.230942818026          12.898801460010           0.713171552841          -0.085823251379          -0.161828274426
2027-12-26-18-00-00.00      -65948.264442194311     -215627.775365064124     -183165.266709449992        1300.827584873469        -280.616688224759          23.679343961348           0.712696429909          -0.080186649870          -0.161388851188
2027-12-26-19-00-00.00      -61258.299103102552     -216616.939190584031     -183060.563023794093        1304.663597580366        -268.902443431274          34.494816592149           0.712241103485          -0.074532909741          -0.160911599971
2027-12-26-20-00-00.00      -56555.013617007535     -217563.757886872365     -182916.867556188634        1308.227052363597        -257.092310239702          45.340681104340           0.711805330292          -0.068863179666          -0.160396495800
2027-12-26-21-00-00.00      -51839.395705410338     -218467.893820272322     -182734.079198350402        1311.514364620634        -245.190510873567          56.212310795710           0.711388869469          -0.063178621062          -0.159843531531
2027-12-26-22-00-00.00      -47112.445624135369     -219329.024766765942     -182512.113647550927        1314.522157125987        -233.201383196235          67.104997079324           0.710991482835          -0.057480407061          -0.159252718183
2027-12-26-23-00-00.00      -42375.175398780826     -220146.844319184194     -182250.903688948543        1317.247269963812        -221.129375606312          78.013956469909           0.710612935054          -0.051769722069          -0.158624085228
2027-12-27-00-00-00.00      -37628.608025135385     -220921.062275488279     -181950.399452046753        1319.686770050735        -208.979041629046          88.934337967955           0.710252993881          -0.046047760631          -0.157957680866
2027-12-27-01-00-00.00      -32873.776636125680     -221651.405007054826     -181610.568639889272        1321.837960192648        -196.755034220121          99.861230817906           0.709911430387          -0.040315726240          -0.157253572255
2027-12-27-02-00-00.00      -28111.723637124553     -222337.615805981797     -181231.396729692176        1323.698387615724        -184.462099801799         110.789672612631           0.709588019109          -0.034574830750          -0.156511845707
2027-12-27-03-00-00.00      -23343.499811449499     -222979.455210405809     -180812.887143726402        1325.265851915043        -172.105072050255         121.714657714015           0.709282538254          -0.028826293091          -0.155732606855
2027-12-27-04-00-00.00      -18570.163398610079     -223576.701307163719     -180355.061389363836        1326.538412363966        -159.688865455464         132.631145951039           0.708994769899          -0.023071337947          -0.154915980771
2027-12-27-05-00-00.00      -13792.779147253588     -224129.150010765443     -179857.959167371417        1327.514394533709        -147.218468672686         143.534071562033           0.708724500115          -0.017311195035          -0.154062112048
2027-12-27-06-00-00.00       -9012.417345701293     -224636.615318150085     -179321.638447634148        1328.192396170628        -134.698937687230         154.418352336854           0.708471519157          -0.011547097704          -0.153171164840
2027-12-27-07-00-00.00       -4230.152832716532     -225098.929538518831     -178746.175511669106        1328.571292285213        -122.135388812749         165.278898917785           0.708235621621          -0.005780281504          -0.152243322862
2027-12-27-08-00-00.00         552.936008565364     -225515.943497691333     -178131.664961436880        1328.650239411884        -109.532991543233         176.110624214685           0.708016606576          -0.000011983374          -0.151278789336
2027-12-27-09-00-00.00        5335.768270505627     -225887.526716494613     -177478.219694121071        1328.428679004232         -96.896961278469         186.908452888844           0.707814277720           0.005756559848          -0.150277786900
2027-12-27-10-00-00.00       10117.261551438054     -226213.567562768760     -176785.970842711977        1327.906339936120         -84.232551942911         197.667330858936           0.707628443522           0.011524112913          -0.149240557476
2027-12-27-11-00-00.00       14896.332993516569     -226493.973376633890     -176055.067682400200        1327.083240086220         -71.545048516760         208.382234781492           0.707458917351           0.017289443037          -0.148167362079
2027-12-27-12-00-00.00       19671.900324586513     -226728.670568741421     -175285.677502958715        1325.959686991007         -58.839759498368         219.048181457757           0.707305517614           0.023051321411          -0.147058480591
2027-12-27-13-00-00.00       24442.882900714867     -226917.604691293527     -174477.985447465850        1324.536277558335         -46.122009316523         229.660237118540           0.707168067885           0.028808524724          -0.145914211491
2027-12-27-14-00-00.00       29208.202746018338     -227060.740481684625     -173632.194317892747        1322.813896841302         -33.397130710880         240.213526539005           0.707046397029           0.034559836028          -0.144734871535
2027-12-27-15-00-00.00       33966.785586356942     -227158.061878683395     -172748.524348257197        1320.793715878329         -20.670457099670         250.703241936453           0.706940339332           0.040304046241          -0.143520795395
2027-12-27-16-00-00.00       38717.561873618077     -227209.572011140932     -171827.212946202053        1318.477188612049          -7.947314951902         261.124651605734           0.706849734614           0.046039955633          -0.142272335263
2027-12-27-17-00-00.00       43459.467797274934     -227215.293159277935     -170868.514404023648        1315.866047910611           4.766983815912         271.473108249885           0.706774428348           0.051766374646          -0.140989860404
2027-12-27-18-00-00.00       48191.446280041921     -227175.266688670556     -169872.699580318294        1312.962300715124          17.467149400832         281.744056966231           0.706714271782           0.057482125327          -0.139673756680
2027-12-27-19-00-00.00       52912.447954539348     -227089.552957121428     -168840.055553553131        1309.768222348596          30.147921612856         291.933042852220           0.706669122025           0.063186042733          -0.138324426038
2027-12-27-20-00-00.00       57621.432118012854     -226958.231194669323     -167770.885248989565        1306.286350023715          42.804077294502         302.035718198965           0.706638842174           0.068876975654          -0.136942285959
2027-12-27-21-00-00.00       62317.367662319295     -226781.399357067974     -166665.507040493016        1302.519475598755          55.430437639386         312.047849245190           0.706623301402           0.074553787933          -0.135527768882
2027-12-27-22-00-00.00       66999.233976540840     -226559.173953121179     -165524.254328856681        1298.470637626885          68.021875392468         321.965322467893           0.706622375032           0.080215359746          -0.134081321598
2027-12-27-23-00-00.00       71666.021819795351     -226291.689846345253     -164347.475098340656        1294.143112756330          80.573321911002         331.784150390924           0.706635944645           0.085860588185          -0.132603404622
2027-12-28-00-00-00.00       76316.734161999746     -225979.100031487877     -163135.531453192001        1289.540406538301          93.079774066909         341.500476896502           0.706663898143           0.091488388429          -0.131094491536
2027-12-28-01-00-00.00       80950.386990571249     -225621.575386519195     -161888.799135954265        1284.666243703816         105.536300970757         351.110582028774           0.706706129787           0.097097694861          -0.129555068325
2027-12-28-02-00-00.00       85566.010081254964     -225219.304400757159     -160607.667029410717        1279.524557971693         117.938050497736         360.610886282119           0.706762540288           0.102687461486          -0.127985632682
2027-12-28-03-00-00.00       90162.647731525169     -224772.492879899306     -159292.536644022126        1274.119481453632         130.280255594513         369.997954370596           0.706833036830           0.108256662922          -0.126386693317
2027-12-28-04-00-00.00       94739.359455206708     -224281.363628764404     -157943.821592730674        1268.455333716717         142.558240350536         379.268498477772           0.706917533069           0.113804295337          -0.124758769241
2027-12-28-05-00-00.00       99295.220637203980     -223746.156112634402     -156561.947054995515        1262.536610573389         154.767425808200         388.419380990080           0.707015949191           0.119329376678          -0.123102389055
2027-12-28-06-00-00.00      103829.323147474992     -223167.126098176290     -155147.349231910077        1256.367972655059         166.903335498999         397.447616719241           0.707128211891           0.124830947477          -0.121418090230
2027-12-28-07-00-00.00      108340.775913572390     -222544.545274955366     -153700.474794224778        1249.954233832942         178.961600684292         406.350374623117           0.707254254319           0.130308071590          -0.119706418383
2027-12-28-08-00-00.00      112828.705451319242     -221878.700858646538     -152221.780325058877        1243.300349545556         190.937965281619         415.124979037377           0.707394016108           0.135759836239          -0.117967926565
2027-12-28-09-00-00.00      117292.256353366436     -221169.895177087048     -150711.731759037415        1236.411405084845         202.828290464951         423.768910433243           0.707547443295           0.141185352623          -0.116203174540
2027-12-28-10-00-00.00      121730.591735595503     -220418.445240387082     -149170.803819525114        1229.292603896303         214.628558921916         432.279805719558           0.707714488215           0.146583756472          -0.114412728084
2027-12-28-11-00-00.00      126142.893641500050     -219624.682296351937     -147599.479455564462        1221.949255940854         226.334878759037         440.655458109428           0.707895109488           0.151954207900          -0.112597158280
2027-12-28-12-00-00.00      130528.363404845193     -218788.951372476033     -145998.249280043266        1214.386766167813         237.943487041092         448.893816573150           0.708089271888           0.157295891834          -0.110757040836
2027-12-28-13-00-00.00      134886.221971103048     -217911.610805883014     -144367.611010543973        1206.610623137619         249.450752966139         456.992984900307           0.708296946181           0.162608018392          -0.108892955409
2027-12-28-14-00-00.00      139215.710178258829     -216993.031762494647     -142708.068914237694        1198.626387840508         260.853180660601         464.951220393779           0.708518109074           0.167889822559          -0.107005484941
2027-12-28-15-00-00.00      143516.088997764076     -216033.597746810439     -141020.133258107875        1190.439682742591         272.147411600466         472.766932218860           0.708752743026           0.173140564458          -0.105095215018
2027-12-28-16-00-00.00      147786.639736530982     -215033.704103677883     -139304.319765704131        1182.056181095018         283.330226653284         480.438679430412           0.709000836043           0.178359529560          -0.103162733246
2027-12-28-17-00-00.00      152026.664200942003     -213993.757513359364     -137561.149081542535        1173.481596534777         294.398547741624         487.965168700652           0.709262381581           0.183546028218          -0.101208628632
2027-12-28-18-00-00.00      156235.484823994921     -212914.175481311191     -135791.146244191885        1164.721673003184         305.349439129563         495.345251770419           0.709537378322           0.188699395783          -0.099233491007
2027-12-28-19-00-00.00      160412.444756757322     -211795.385823997087     -133994.840168998169        1155.782175001728         316.180108340745         502.577922647028           0.709825829910           0.193818992685          -0.097237910448
2027-12-28-20-00-00.00      164556.907925371488     -210637.826152037887     -132172.763141317526        1146.668878206774         326.887906705571         509.662314570873           0.710127744839           0.198904203834          -0.095222476734
2027-12-28-21-00-00.00      168668.259054954862     -209441.943352082337     -130325.450321054654        1137.387560452767         337.470329560129         516.597696775129           0.710443136179           0.203954438617          -0.093187778817
2027-12-28-22-00-00.00      172745.903661706339     -208208.193068535475     -128453.439259200954        1127.943993102593         347.925016086518         523.383471059066           0.710772021284           0.208969130869          -0.091134404317
2027-12-28-23-00-00.00      176789.268014663452     -206937.039186507405     -126557.269427012303        1118.343932806844         358.249748827863         530.019168199635           0.711114421655           0.213947738164          -0.089062939041
2027-12-29-00-00-00.00      180797.799068500433     -205628.953317067353     -124637.481758363007        1108.593113663439         368.442452876011         536.504444221286           0.711470362640           0.218889741721          -0.086973966522
2027-12-29-01-00-00.00      184770.964368832647     -204284.414286001062     -122694.618205753286        1098.697239778371         378.501194757974         542.839076546310           0.711839873117           0.223794646283          -0.084868067575
2027-12-29-02-00-00.00      188708.251931459294     -202903.907627079607     -120729.221310359164        1088.661978232263         388.424181027924         549.022960044232           0.712222985348           0.228661979328          -0.082745819890
2027-12-29-03-00-00.00      192609.170097019261     -201487.925080905727     -118741.833786458184        1078.492952450617         398.209756591109         555.056103000222           0.712619734660           0.233491290903          -0.080607797627
2027-12-29-04-00-00.00      196473.247362504480     -200036.964100252808     -116732.998120489210        1068.195735978061         407.856402771701         560.938623019038           0.713030159113           0.238282153433          -0.078454571054
2027-12-29-05-00-00.00      200300.032191085629     -198551.527362793538     -114703.256184949569        1057.775846653400         417.362735144713         566.670742880798           0.713454299357           0.243034160874          -0.076286706187
2027-12-29-06-00-00.00      204089.092801680614     -197032.122292024927     -112653.148867274824        1047.238741181439         426.727501149532         572.252786363274           0.713892198305           0.247746928496          -0.074104764465
2027-12-29-07-00-00.00      207840.016939690744     -195479.260587160505     -110583.215713799495        1036.589810096245         435.949577502386         577.685174044414           0.714343900792           0.252420092642          -0.071909302439
2027-12-29-08-00-00.00      211552.411630296381     -193893.457762666454     -108493.994588843721        1025.834373108735         445.027967425509         582.968419098108           0.714809453450           0.257053309846          -0.069700871484
2027-12-29-09-00-00.00      215225.902915686340     -192275.232698083390     -106386.021348929207        1014.977674830288         453.961797709574         588.103123095530           0.715288904374           0.261646256574          -0.067480017527
2027-12-29-10-00-00.00      218860.135577551293     -190625.107198689890     -104259.829532081218        1004.024880862511         462.750315626338         593.089971824032           0.715782302796           0.266198628960          -0.065247280804
2027-12-29-11-00-00.00      222454.772846145730     -188943.605567532883     -102115.950062135074         992.981074242142         471.392885708789         597.929731135206           0.716289698965           0.270710141899          -0.063003195621
2027-12-29-12-00-00.00      226009.496097171184     -187231.254189255676      -99954.910967918797         981.851252228970         479.888986417614         602.623242833505           0.716811143835           0.275180528765          -0.060748290147
2027-12-29-13-00-00.00      229524.004537695670     -185488.581126108824      -97777.237117149853         970.640323424993         488.238206708137         607.171420614829           0.717346688741           0.279609541138          -0.058483086219
2027-12-29-14-00-00.00      232998.014882280375     -183716.115726470569      -95583.449964847518         959.353105211818         496.440242518592         611.575246065115           0.717896385313           0.283996947882          -0.056208099158
2027-12-29-15-00-00.00      236431.261020434438     -181914.388246129267      -93374.067316031767         947.994321494458         504.494893193696         615.835764726210           0.718460285171           0.288342534860          -0.053923837617
2027-12-29-16-00-00.00      239823.493676481041     -180083.929482531239      -91149.603102452675         936.568600739209         512.402057860892         619.954082236174           0.719038439623           0.292646104654          -0.051630803427
2027-12-29-17-00-00.00      243174.480062871182     -178225.270422138303      -88910.567173072792         925.080474294094         520.161731770554         623.931360548762           0.719630899608           0.296907475648          -0.049329491472
2027-12-29-18-00-00.00      246484.003527943103     -176338.941901007376      -86657.465098009357         913.534374979433         527.774002618575         627.768814238361           0.720237715410           0.301126481744          -0.047020389570
2027-12-29-19-00-00.00      249751.863199074462     -174425.474278622045      -84390.797985619560         901.934635937339         535.239046855011         631.467706892025           0.720858936379           0.305302972089          -0.044703978375
2027-12-29-20-00-00.00      252977.873622141284     -172485.397125019954      -82111.062312410955         890.285489726972         542.557125999060         635.029347595147           0.721494610902           0.309436810167          -0.042380731283
2027-12-29-21-00-00.00      256161.864398142439     -170519.238921157463      -79818.749765429166         878.591067653855         549.728582960470         638.455087510961           0.722144786143           0.313527873525          -0.040051114364
2027-12-29-22-00-00.00      259303.679817881901     -168527.526772589219      -77514.347096834972         866.855399319585         556.753838389373         641.746316561755           0.722809507783           0.317576053522          -0.037715586291
2027-12-29-23-00-00.00      262403.178495064843     -166510.786135791685      -75198.335990018328         855.082412379666         563.633387042296         644.904460203260           0.723488820031           0.321581254422          -0.035374598295
2027-12-30-00-00-00.00      265460.232999558270     -164469.540558353212      -72871.192937582775         843.275932496269         570.367794203683         647.930976315252           0.724182765382           0.325543393156          -0.033028594120
2027-12-30-01-00-00.00      268474.729490132770     -162404.311431137816      -70533.389129898613         831.439683472671         576.957692139049         650.827352185824           0.724891384385           0.329462399071          -0.030678009996
2027-12-30-02-00-00.00      271446.567348335753     -160315.617753514787      -68185.390354531133         819.577287557202         583.403776609407         653.595101608366           0.725614715683           0.333338213062          -0.028323274619
2027-12-30-03-00-00.00      274375.658813680115     -158203.975910982757      -65827.656905894895         807.692265904735         589.706803442906         656.235762084245           0.726352795802           0.337170787342          -0.025964809138
2027-12-30-04-00-00.00      277261.928620758059     -156069.899464982940      -63460.643504772976         795.788039184068         595.867585175353         658.750892133826           0.727105658936           0.340960085224          -0.023603027158
2027-12-30-05-00-00.00      280105.313638789929     -153913.898954703647      -61084.799227332325         783.867928320917         601.886987762283         661.142068714537           0.727873337024           0.344706080270          -0.021238334743
2027-12-30-06-00-00.00      282905.762514075323     -151736.481710556138      -58700.567443232059         771.935155366596         607.765927368404         663.410884745398           0.728655859561           0.348408756090          -0.018871130433
2027-12-30-07-00-00.00      285663.235315786907     -149538.151679096918      -56308.385762465732         759.992844483418         613.505367237331         665.558946736610           0.729453253404           0.352068106148          -0.016501805267
2027-12-30-08-00-00.00      288377.703185505699     -147319.409259044536      -53908.685990540980         748.044023038036         619.106314644868         667.587872522787           0.730265542885           0.355684132938          -0.014130742810
2027-12-30-09-00-00.00      291049.147990875703     -145080.751148117328      -51501.894091637158         736.091622794254         624.569817938021         669.499289098503           0.731092749636           0.359256847809          -0.011758319194
2027-12-30-10-00-00.00      293677.561983718188     -142822.670200393186      -49088.430159381205         724.138481196805         629.896963657660         671.294830553110           0.731934892425           0.362786270800          -0.009384903155
2027-12-30-11-00-00.00      296262.947462918586     -140545.655293841293      -46668.708394867368         712.187342737016         635.088873751386         672.976136105690           0.732791987286           0.366272429840          -0.007010856085
2027-12-30-12-00-00.00      298805.316442362557     -138250.191207755066      -44243.137091586141         700.240860391576         640.146702871938         674.544848236271           0.733664047378           0.369715360606          -0.004636532084
2027-12-30-13-00-00.00      301304.690324171213     -135936.758509738516      -41812.118626902877         688.301597125334         645.071635765166         676.002610912965           0.734551082826           0.373115106381          -0.002262278018
2027-12-30-14-00-00.00      303761.099577447691     -133605.833451945102      -39376.049459754046         676.372027449616         649.864884747299         677.351067912619           0.735453100888           0.376471717287           0.000111566415
2027-12-30-15-00-00.00      306174.583422722120     -131257.887876215129      -36935.320134214489         664.454539028191         654.527687273575         678.591861233299           0.736370105826           0.379785250163           0.002484668620
2027-12-30-16-00-00.00      308545.189522253932     -128893.389127832910      -34490.315288632191         652.551434324045         659.061303597793         679.726629595743           0.737302098763           0.383055768460           0.004856703032
2027-12-30-17-00-00.00      310872.973676326859     -126512.799977523653      -32041.413669992944         640.664932281021         663.467014522164         680.757007030533           0.738249077882           0.386283341496           0.007227351043
2027-12-30-18-00-00.00      313157.999525643245     -124116.578551377563      -29588.988153220798         628.797170035008         667.746119242904         681.684621551103           0.739211038299           0.389468044365           0.009596300919
2027-12-30-19-00-00.00      315400.338259947603     -121705.178268376636      -27133.405765092739         616.950204650678         671.899933278989         682.511093904178           0.740187971947           0.392609957855           0.011963247723
2027-12-30-20-00-00.00      317600.068332924391     -119279.047785250412      -24675.027712556934         605.126014878663         675.929786495390         683.238036400941           0.741179867783           0.395709167734           0.014327893229
2027-12-30-21-00-00.00      319757.275183451769     -116838.630948237755      -22214.209415074587         593.326502929776         679.837021209554         683.867051821817           0.742186711688           0.398765764682           0.016689945834
2027-12-30-22-00-00.00      321872.050963273854     -114384.366751548543      -19751.300540798482         581.553496261533         683.622990383066         684.399732394230           0.743208486349           0.401779844240           0.019049120471
2027-12-30-23-00-00.00      323944.494271116506     -111916.689302164479      -17286.645046292280         569.808749372735         687.289055896246         684.837658840808           0.744245171495           0.404751506118           0.021405138515
2027-12-31-00-00-00.00      325974.709893273248     -109436.027790733700      -14820.581219568030         558.093945601718         690.836586900947         685.182399494159           0.745296743798           0.407680854154           0.023757727693
2027-12-31-01-00-00.00      327962.808550663176     -106942.806468228329      -12353.441726179068         546.410698923781         694.266958253313         685.435509477714           0.746363176773           0.410567996290           0.026106621988
2027-12-31-02-00-00.00      329908.906652353122     -104437.444628121899       -9885.553658156925         534.760555743645         697.581549021863         685.598529948617           0.747444441026           0.413413043901           0.028451561542
2027-12-31-03-00-00.00      331813.126055516594     -101920.356593793869       -7417.238585559940         523.144996678997         700.781741070613         685.672987400839           0.748540504159           0.416216111783           0.030792292560
2027-12-31-04-00-00.00      333675.593831793230      -99391.951710905079       -4948.812610427733         511.565438331736         703.868917715367         685.660393025765           0.749651330685           0.418977318149           0.033128567212
2027-12-31-05-00-00.00      335496.442039998365      -96852.634344492544       -2480.586422944679         500.023235044101         706.844462451302         685.562242127453           0.750776882282           0.421696783983           0.035460143535
2027-12-31-06-00-00.00      337275.807505123026      -94302.803880496387         -12.865359600809         488.519680637542         709.709757750670         685.380013590188           0.751917117715           0.424374633049           0.037786785329
2027-12-31-07-00-00.00      339013.831603557570      -91742.854731498956        2454.050536813423         477.056010132740         712.466183930246         685.115169396736           0.753071992742           0.427010991914           0.040108262062
2027-12-31-08-00-00.00      340710.660054482811      -89173.176346460954        4919.866455552180         465.633401450124         715.115118079540         684.769154190933           0.754241460390           0.429605989318           0.042424348767
2027-12-31-09-00-00.00      342366.442717335012      -86594.153224122390        7384.292754796195         454.252977089350         717.657933059832         684.343394889507           0.755425470875           0.432159756208           0.044734825941
2027-12-31-10-00-00.00      343981.333395281865      -84006.164929966326        9847.044897186272         442.915805787660         720.095996557958         683.839300333398           0.756623971516           0.434672425781           0.047039479445
2027-12-31-11-00-00.00      345555.489644629939      -81409.586116454360       12307.843384188714         431.622904155510         722.430670200500         683.258260981432           0.757836907018           0.437144132870           0.049338100402
2027-12-31-12-00-00.00      347089.072590076481      -78804.786546361574       14766.413689422878         420.375238288131         724.663308721707         682.601648642058           0.759064219393           0.439575014005           0.051630485098
2027-12-31-13-00-00.00      348582.246745716198      -76192.131118989055       17222.486191104603         409.173725351010         726.795259186410         681.870816243629           0.760305847878           0.441965207470           0.053916434878
2027-12-31-14-00-00.00      350035.179841708043      -73571.979899127298       19675.796103697288         398.019235137612         728.827860258855         681.067097636716           0.761561729226           0.444314852711           0.056195756048
2027-12-31-15-00-00.00      351448.042656492675      -70944.688148504749       22126.083408948743         386.912591597059         730.762441526096         680.191807433247           0.762831797625           0.446624090412           0.058468259777
2027-12-31-16-00-00.00      352821.008854454150      -68310.606359645157       24573.092786367615         375.854574331032         732.600322862041         679.246240872302           0.764115984620           0.448893062571           0.060733761994
2027-12-31-17-00-00.00      354154.254828926118      -65670.080291890161       27016.573543300296         364.845920058587         734.342813843239         678.231673718906           0.765414219408           0.451121911926           0.062992083288
2027-12-31-18-00-00.00      355447.959550393163      -63023.451009463264       29456.279544674075         353.887324049025         735.991213205111         677.149362187407           0.766726428759           0.453310782045           0.065243048816
2027-12-31-19-00-00.00      356702.304419806402      -60371.054921410461       31891.969142517552         342.979441523079         737.546808342465         676.000542891449           0.768052536933           0.455459817425           0.067486488199
2027-12-31-20-00-00.00      357917.473126883677      -57713.223823263317       34323.405105344769         332.122889022985         739.010874850830         674.786432817949           0.769392465986           0.457569162923           0.069722235428
2027-12-31-21-00-00.00      359093.651513287798      -55050.284940283964       36750.354547486008         321.318245752040         740.384676106223         673.508229323449           0.770746135685           0.459638963869           0.071950128767
2027-12-31-22-00-00.00      360231.027440571750      -52382.560972156869       39172.588858443676         310.566054884074         741.669462881786         672.167110151973           0.772113463423           0.461669366177           0.074170010659
2027-12-31-23-00-00.00      361329.790662785119      -49710.370138994891       41589.883632351550         299.866824842983         742.866472999092         670.764233473126           0.773494364530           0.463660515792           0.076381727632
2028-01-01-00-00-00.00      362390.132703632757      -47034.026228547365       44002.018597601105         289.221030552311         743.976931011227         669.300737938574           0.774888752187           0.465612558812           0.078585130203
2028-01-01-01-00-00.00      363412.246738076676      -44353.838644488991       46408.777546706660         278.629114654437         745.002047916970         667.777742756581           0.776296537337           0.467525641619           0.080780072788
2028-01-01-02-00-00.00      364396.327478272782      -41670.112455686685       48809.948266467916         268.091488699023         745.943020903332         666.196347782527           0.777717628997           0.469399910333           0.082966413607
2028-01-01-03-00-00.00      365342.571063729643      -38983.148446344014       51205.322468485268         257.608534300179         746.801033115695         664.557633624635           0.779151934173           0.471235510954           0.085144014601
2028-01-01-04-00-00.00      366251.174955575319      -36293.243166925226       53594.695720081363         247.180604262077         747.577253453890         662.862661763329           0.780599357764           0.473032589493           0.087312741333
2028-01-01-05-00-00.00      367122.337834821141      -33600.688985770998       55977.867375672839         236.808023672885         748.272836393317         661.112474683066           0.782059802879           0.474791291453           0.089472462909
2028-01-01-06-00-00.00      367956.259504505142      -30905.774141308102       58354.640508642544         226.491090967311         748.888921830319         659.308096015650           0.783533170746           0.476511761968           0.091623051882
2028-01-01-07-00-00.00      368753.140795606421      -28208.782794780211       60724.821843741345         216.230078958410         749.426634950509         657.450530693682           0.785019360612           0.478194145958           0.093764384175
2028-01-01-08-00-00.00      369513.183476619830      -25509.995083412370       63088.221690059690         206.025235839514         749.887086120344         655.540765114385           0.786518270064           0.479838587607           0.095896338987
2028-01-01-09-00-00.00      370236.590166683833      -22809.687173908238       65444.653874621326         195.876786157799         750.271370797346         653.579767310154           0.788029794931           0.481445230523           0.098018798718
2028-01-01-10-00-00.00      370923.564252167358      -20108.131316277970       67793.935676567489         185.784931759872         750.580569464854         651.568487131467           0.789553829184           0.483014217899           0.100131648879
2028-01-01-11-00-00.00      371574.309806609817      -17405.595897822248       70135.887762056154         175.749852711627         750.815747579247         649.507856432507           0.791090265250           0.484545692000           0.102234778016
2028-01-01-12-00-00.00      372189.031513925700      -14702.345497291053       72470.334119826133         165.771708191652         750.977955538544         647.398789267888           0.792638993916           0.486039794331           0.104328077625
2028-01-01-13-00-00.00      372767.934594781662      -11998.640939141711       74797.101997469770         155.850637359261         751.068228664333         645.242182094276           0.794199904223           0.487496665811           0.106411442079
2028-01-01-14-00-00.00      373311.224736050586       -9294.739347816523       77116.021838459899         145.986760196855         751.087587197731         643.038913977717           0.795772883779           0.488916446265           0.108484768541
2028-01-01-15-00-00.00      373819.108023251931       -6590.894202023370       79426.927219921476         136.180178326316         751.037036308629         640.789846806138           0.797357818658           0.490299274602           0.110547956898
2028-01-01-16-00-00.00      374291.790875884413       -3887.355388956164       81729.654791179608         126.430975799308         750.917566117511         638.495825506105           0.798954593290           0.491645288998           0.112600909677
2028-01-01-17-00-00.00      374729.479985556856       -1184.369258416144       84024.044213093410         116.739219861777         750.730151728145         636.157678261967           0.800563090776           0.492954626394           0.114643531973
2028-01-01-18-00-00.00      375132.382256822195        1517.821323209398       86309.938098185434         107.104961692345         750.475753274043         633.776216739398           0.802183192779           0.494227422680           0.116675731379
2028-01-01-19-00-00.00      375500.704750641016        4218.976919130689       88587.181951566279          97.528237118753         750.155315969372         631.352236306406           0.803814779409           0.495463812891           0.118697417908
2028-01-01-20-00-00.00      375834.654630349833        6918.861468597341       90855.624112690508          88.009067305605         749.769770182963         628.886516264729           0.805457729539           0.496663930706           0.120708503928
2028-01-01-21-00-00.00      376134.439110094623        9617.242233568451       93115.115697915448          78.547459425000         749.320031509578         626.379820074079           0.807111920690           0.497827908642           0.122708904087
2028-01-01-22-00-00.00      376400.265405629005       12313.889745674986       95365.510543878045          69.143407303152         748.807000857176         623.832895582715           0.808777228915           0.498955878255           0.124698535249
2028-01-01-23-00-00.00      376632.340687400836       15008.577753523383       97606.665151717360          59.796892047275         748.231564541098         621.246475258346           0.810453529105           0.500047969647           0.126677316422
2028-01-02-00-00-00.00      376830.872035863867       17701.083170338359       99838.438632117672          50.507882652756         747.594594385322         618.621276419904           0.812140694881           0.501104311665           0.128645168696
2028-01-02-01-00-00.00      376996.066398938303       20391.186021988022      102060.692651193196          41.276336591017         746.896947830278         615.958001470221           0.813838598460           0.502125032108           0.130602015174
2028-01-02-02-00-00.00      377128.130551553972       23078.669395408899      104273.291377212765          32.102200378156         746.139468047064         613.257338129816           0.815547110972           0.503110257240           0.132547780909
2028-01-02-03-00-00.00      377227.271057207952       25763.319387435637      106476.101428150665          22.985410125009         745.322984054151         610.519959668203           0.817266102336           0.504060111994           0.134482392843
2028-01-02-04-00-00.00      377293.694231464353       28444.925054089283      108668.991820099181          13.925892067570         744.448310842478         607.746525138358           0.818995441130           0.504974720187           0.136405779740
2028-01-02-05-00-00.00      377327.606107332569       31123.278360298045      110851.833916496966           4.923563079209         743.516249501096         604.937679606593           0.820734994904           0.505854204035           0.138317872130
2028-01-02-06-00-00.00      377329.212402458244       33798.174130071478      113024.501378179673          -4.021668835877         742.527587348256         602.094054382383           0.822484630049           0.506698684363           0.140218602246
2028-01-02-07-00-00.00      377298.718488052022       36469.409997190945      115186.870114288409         -12.909904067400         741.483098067158         599.216267247061           0.824244211664           0.507508280829           0.142107903967
2028-01-02-08-00-00.00      377236.329359502008       39136.786356360513      117338.818233964368         -21.741250940910         740.383541844789         596.304922679942           0.826013603866           0.508283111435           0.143985712758
2028-01-02-09-00-00.00      377142.249608606391       41800.106314870529      119480.225998860071         -30.515825275865         739.229665513507         593.360612081486           0.827792669656           0.509023292750           0.145851965616
2028-01-02-10-00-00.00      377016.683397363580       44459.175644798845      121610.975776472638         -39.233749959699         738.022202699011         590.383913997702           0.829581270782           0.509728940135           0.147706601011
2028-01-02-11-00-00.00      376859.834433276264       47113.802735719852      123730.951994250936         -47.895154535698         736.761873968249         587.375394339803           0.831379268045           0.510400167261           0.149549558831
2028-01-02-12-00-00.00      376671.905946109502       49763.798547973282      125840.041094513930         -56.500174804981         735.449386981753         584.335606604393           0.833186521161           0.511037086330           0.151380780332
2028-01-02-13-00-00.00      376453.100666059647       52408.976566474514      127938.131490148691         -65.048952441513         734.085436646980         581.265092091355           0.835002888618           0.511639808312           0.153200208081
2028-01-02-14-00-00.00      376203.620803285739       55049.152755082090      130025.113521092513         -73.541634620164         732.670705272961         578.164380120191           0.836828227986           0.512208442460           0.155007785906
2028-01-02-15-00-00.00      375923.668028755637       57684.145511522744      132100.879411590082         -81.978373657734         731.205862725377         575.033988244125           0.838662395767           0.512743096541           0.156803458842
2028-01-02-16-00-00.00      375613.443456362409       60313.775622874877      134165.323228216264         -90.359326667074         729.691566582022         571.874422461789           0.840505247254           0.513243877076           0.158587173084
2028-01-02-17-00-00.00      375273.147626260994       62937.866221611730      136218.340838656062         -98.684655224272         728.128462288258         568.686177425802           0.842356636833           0.513710888853           0.160358875937
2028-01-02-18-00-00.00      374902.980489380192       65556.242742205359      138259.829871230031        -106.954525048796         726.517183312796         565.469736648234           0.844216417836           0.514144235171           0.162118515766
2028-01-02-19-00-00.00      374503.141393063590       68168.732878290859      140289.689675152185        -115.169105696313         724.858351304309         562.225572703241           0.846084442387           0.514544018075           0.163866041946
2028-01-02-20-00-00.00      374073.829067793966       70775.166540397913      142307.821281514625        -123.328570263098         723.152576247363         558.954147425036           0.847960561713           0.514910337879           0.165601404823
2028-01-02-21-00-00.00      373615.241614961880       73375.375814241881      144314.127364975779        -131.433095102159         721.400456620698         555.655912104833           0.849844625982           0.515243293407           0.167324555661
2028-01-02-22-00-00.00      373127.576495636662       75969.194919588655      146308.512206156447        -139.482859549387         719.602579554593         552.331307683351           0.851736484156           0.515542982241           0.169035446597
2028-01-02-23-00-00.00      372611.030520308006       78556.460169679704      148290.881654714176        -147.478045659814         717.759520989629         548.980764942083           0.853635984286           0.515809500237           0.170734030601
2028-01-03-00-00-00.00      372065.799839555810       81137.009931239983      150261.143093118590        -155.418837952614         715.871845834085         545.604704690656           0.855542973362           0.516042941775           0.172420261430
2028-01-03-01-00-00.00      371492.079935625021       83710.684585044481      152219.205401085987        -163.305423165291         713.940108122038         542.203537953218           0.857457297148           0.516243400011           0.174094093581
2028-01-03-02-00-00.00      370890.065614870167       86277.326487051789      154164.978920680180        -171.137990016076         711.964851169365         538.777666150930           0.859378800487           0.516410966394           0.175755482257
2028-01-03-03-00-00.00      370259.951001040172       88836.779930096876      156098.375422065292        -178.916728975404         709.946607730365         535.327481284042           0.861307327139           0.516545730919           0.177404383320
2028-01-03-04-00-00.00      369601.929529367771       91388.891106151030      158019.308069916558        -186.641832045011         707.885900150224         531.853366107759           0.863242719616           0.516647782383           0.179040753249
2028-01-03-05-00-00.00      368916.193941442471       93933.508069120726      159927.691390449007        -194.313492546367         705.783240518391         528.355694307950           0.865184819483           0.516717207906           0.180664549107
2028-01-03-06-00-00.00      368202.936280828319       96470.480698198851      161823.441239076958        -201.931904917060         703.639130818853         524.834830671505           0.867133467195           0.516754093186           0.182275728494
2028-01-03-07-00-00.00      367462.347889396129       98999.660661761198      163706.474768689630        -209.497264515638         701.454063079459         521.291131253643           0.869088501928           0.516758522760           0.183874249513
2028-01-03-08-00-00.00      366694.619404348312      101520.901381784061      165576.710398498602        -217.009767434970         699.228519521064         517.724943542570           0.871049761879           0.516730579525           0.185460070730
2028-01-03-09-00-00.00      365899.940755915304      104034.057998786098      167434.067783475795        -224.469610321314         696.962972701785         514.136606617887           0.873017084097           0.516670344996           0.187033151138
2028-01-03-10-00-00.00      365078.501165648515      106538.987337351544      169278.467784408829        -231.876990203876         694.657885667682         510.526451310631           0.874990304313           0.516577899576           0.188593450121
2028-01-03-11-00-00.00      364230.489145360654      109035.547872115916      171109.832438452257        -239.232104327594         692.313712095906         506.894800356602           0.876969257238           0.516453322070           0.190140927415
2028-01-03-12-00-00.00      363356.092496635858      111523.599694303266      172928.084930262354        -246.535149993123         689.930896439391         503.241968548074           0.878953776390           0.516296689956           0.191675543077
2028-01-03-13-00-00.00      362455.498310907686      114003.004478782619      174733.149563678162        -253.786324402434         687.509874070868         499.568262884452           0.880943693922           0.516108079652           0.193197257443
2028-01-03-14-00-00.00      361528.892970085843      116473.625451630811      176524.951733927592        -260.985824509182         685.051071423909         495.873982718933           0.882938840917           0.515887566034           0.194706031103
2028-01-03-15-00-00.00      360576.462147709448      118935.327358209499      178303.417900371045        -268.133846874829         682.554906133464         492.159419904649           0.884939047217           0.515635222709           0.196201824862
2028-01-03-16-00-00.00      359598.390810613346      121387.976431729490      180068.475559746381        -275.230587529292         680.021787172231         488.424858935516           0.886944141238           0.515351122290           0.197684599706
2028-01-03-17-00-00.00      358594.863221082138      123831.440362315829      181820.053219934489        -282.276241837681         677.452114986530         484.670577086415           0.888953950277           0.515035335913           0.199154316772
2028-01-03-18-00-00.00      357566.062939476105      126265.588266551713      183558.080374214536        -289.271004371964         674.846281628605         480.896844548238           0.890968300325           0.514687933510           0.200610937316
2028-01-03-19-00-00.00      356512.172827305214      128690.290657504811      185282.487476012262        -296.215068788652         672.204670888394         477.103924561480           0.892987015892           0.514308984094           0.202054422679
2028-01-03-20-00-00.00      355433.375050745555      131105.419415195996      186993.205914087390        -303.108627710774         669.527658421379         473.292073543516           0.895009920300           0.513898555273           0.203484734261
2028-01-03-21-00-00.00      354329.851084558119      133510.847757561191      188690.167988216592        -309.951872615752         666.815611877310         469.461541215853           0.897036835505           0.513456713531           0.204901833485
2028-01-03-22-00-00.00      353201.781716410129      135906.450211854419      190373.306885305938        -316.744993727165         664.068891026257         465.612570726688           0.899067581912           0.512983524513           0.206305681770
2028-01-03-23-00-00.00      352049.347051577410      138292.102586506313      192042.556655943801        -323.488179910806         661.287847883940         461.745398771740           0.901101978673           0.512479052538           0.207696240502
2028-01-04-00-00-00.00      350872.726518014388      140667.681943431497      193697.852191385697        -330.181618574165         658.472826835237         457.860255712118           0.903139843498           0.511943360893           0.209073471006
2028-01-04-01-00-00.00      349672.098871778988      143033.066570779891      195339.129200961761        -336.825495569669         655.624164756988         453.957365691353           0.905180992477           0.511376512112           0.210437334510
2028-01-04-02-00-00.00      348447.642202800896      145388.135956123384      196966.324189896783        -343.419995100550         652.742191137928         450.036946748746           0.907225240369           0.510778567499           0.211787792130
2028-01-04-03-00-00.00      347199.533940983412      147732.770760073327      198579.374437538761        -349.965299630180         649.827228197442         446.099210931795           0.909272400421           0.510149587415           0.213124804832
2028-01-04-04-00-00.00      345927.950862625788      150066.852790320147      200178.217975985521        -356.461589794254         646.879591001642         442.144364405534           0.911322284176           0.509489631574           0.214448333407
2028-01-04-05-00-00.00      344633.069097155763      152390.264976087754      201762.793569101545        -362.909044316211         643.899587577367         438.172607559636           0.913374701772           0.508798758560           0.215758338447
2028-01-04-06-00-00.00      343315.064134161221      154702.891342994233      203333.040691915638        -369.307839925756         640.887519023675         434.184135112324           0.915429461749           0.508077026114           0.217054780318
2028-01-04-07-00-00.00      341974.110830709862      157004.616988308378      204888.899510385323        -375.658151280780         637.843679621476         430.179136211795           0.917486370865           0.507324491447           0.218337619131
2028-01-04-08-00-00.00      340610.383418942918      159295.328056599130      206430.310861523321        -381.960150892365         634.768356940959         426.157794534196           0.919545234388           0.506541210741           0.219606814722
2028-01-04-09-00-00.00      339224.055513934465      161574.911715767812      207957.216233869927        -388.214009052995         631.661831947571         422.120288379097           0.921605855905           0.505727239459           0.220862326624
2028-01-04-10-00-00.00      337815.300121802604      163843.256133460003      209469.557748306106        -394.419893767561         628.524379106444         418.066790762084           0.923668037134           0.504882632645           0.222104114038
2028-01-04-11-00-00.00      336384.289648065984      166100.250453849410      210967.278139191709        -400.577970686920         625.356266485544         413.997469505053           0.925731578215           0.504007444441           0.223332135817
2028-01-04-12-00-00.00      334931.195906233566      168345.784774793399      212450.320735831949        -406.688403043862         622.157755857975         409.912487325128           0.927796277520           0.503101728388           0.224546350439
2028-01-04-13-00-00.00      333456.190126621281      170579.750125355378      213918.629444258462        -412.751351590343         618.929102801816         405.812001919922           0.929861931465           0.502165537741           0.225746715980
2028-01-04-14-00-00.00      331959.442965397029      172802.038443673839      215372.148729300679        -418.766974537550         615.670556800462         401.696166054760           0.931928334795           0.501198924980           0.226933190094
2028-01-04-15-00-00.00      330441.124513830873      175012.542555202584      216810.823596989241        -424.735427496062         612.382361338709         397.565127643916           0.933995280398           0.500201942119           0.228105729993
2028-01-04-16-00-00.00      328901.404307760356      177211.156151290284      218234.599577243556        -430.656863418515         609.064753998462         393.419029832840           0.936062559113           0.499174641027           0.229264292416
2028-01-04-17-00-00.00      327340.451337263803      179397.773768092273      219643.422706836660        -436.531432543567         605.717966551693         389.258011077221           0.938129960017           0.498117072936           0.230408833615
2028-01-04-18-00-00.00      325758.434056526516      181572.290765822894      221037.239512658096        -442.359282341564         602.342225051211         385.082205219473           0.940197270238           0.497029288757           0.231539309334
2028-01-04-19-00-00.00      324155.520393902785      183734.603308325051      222415.996995236637        -448.140557462120         598.937749919485         380.891741562728           0.942264274760           0.495911339407           0.232655674776
2028-01-04-20-00-00.00      322531.877762162650      185884.608342957479      223779.642612526339        -453.875399683688         595.504756035864         376.686744942436           0.944330756713           0.494763275313           0.233757884596
2028-01-04-21-00-00.00      320887.673068912816      188022.203580798465      225128.124263956619        -459.563947864407         592.043452821473         372.467335793894           0.946396497183           0.493585146740           0.234845892872
2028-01-04-22-00-00.00      319223.072727198305      190147.287477143953      226461.390274702630        -465.206337895651         588.554044324383         368.233630220382           0.948461275018           0.492377004118           0.235919653085
2028-01-04-23-00-00.00      317538.242666266917      192259.759212312201      227779.389380203414        -470.802702656036         585.036729302190         363.985740056591           0.950524867117           0.491138897548           0.236979118104
2028-01-05-00-00-00.00      315833.348342490732      194359.518672752951      229082.070710920874        -476.353171966940         581.491701304058         359.723772931323           0.952587048242           0.489870877135           0.238024240159
2028-01-05-01-00-00.00      314108.554750453914      196446.466432438174      230369.383777299838        -481.857872549007         577.919148751642         355.447832328832           0.954647590822           0.488572993319           0.239054970824
2028-01-05-02-00-00.00      312364.026434192434      198520.503734546975      231641.278454956773        -487.316927979243         574.319255018511         351.158017648373           0.956706265242           0.487245296385           0.240071261001
2028-01-05-03-00-00.00      310599.927498586942      200581.532473434665      232897.704970080784        -492.730458648825         570.692198508258         346.854424262585           0.958762839654           0.485887836797           0.241073060898
2028-01-05-04-00-00.00      308816.421620906272      202629.455176878779      234138.613885041326        -498.098581721157         567.038152730503         342.537143573412           0.960817079786           0.484500665540           0.242060320007
2028-01-05-05-00-00.00      307013.672062505328      204664.174988591752      235363.956084183330        -503.421411091132         563.357286375950         338.206263067898           0.962868749227           0.483083833626           0.243032987092
2028-01-05-06-00-00.00      305191.841680657293      206685.595651012409      236573.682759849122        -508.699057343830         559.649763388046         333.861866368590           0.964917609240           0.481637392432           0.243991010168
2028-01-05-07-00-00.00      303351.092940550763      208693.621488332574      237767.745398529660        -513.931627715948         555.915743035397         329.504033287072           0.966963418570           0.480161394054           0.244934336478
2028-01-05-08-00-00.00      301491.587927405606      210688.157389803324      238946.095767257066        -519.119226055476         552.155379979270         325.132839868057           0.969005933732           0.478655890807           0.245862912483
2028-01-05-09-00-00.00      299613.488358745526      212669.108793265419      240108.685900112701        -524.261952784638         548.368824342774         320.748358437731           0.971044908823           0.477120935573           0.246776683842
2028-01-05-10-00-00.00      297716.955596798158      214636.381668932270      241255.468084920198        -529.359904862165         544.556221776920         316.350657645732           0.973080095333           0.475556582158           0.247675595390
2028-01-05-11-00-00.00      295802.150661028281      216589.882503410976      242386.394850088720        -534.413175746758         540.717713526364         311.939802506516           0.975111242431           0.473962884795           0.248559591127
2028-01-05-12-00-00.00      293869.234240803286      218529.518283955025      243501.418951594969        -539.421855360994         536.853436494178         307.515854438824           0.977138096781           0.472339898495           0.249428614200
2028-01-05-13-00-00.00      291918.366708191053      220455.196482947154      244600.493360100751        -544.386030055867         532.963523306195         303.078871304711           0.979160402350           0.470687679412           0.250282606882
2028-01-05-14-00-00.00      289949.708130869491      222366.825042628538      245683.571248249122        -549.305782573894         529.048102372680         298.628907443181           0.981177900700           0.469006284344           0.251121510560
2028-01-05-15-00-00.00      287963.418285201828      224264.312360012060      246750.605977990286        -554.181192015092         525.107297952289         294.166013710856           0.983190330802           0.467295771091           0.251945265720
2028-01-05-16-00-00.00      285959.656669400516      226147.567272061046      247801.551088144333        -559.012333799137         521.141230210597         289.690237511395           0.985197428846           0.465556198828           0.252753811922
2028-01-05-17-00-00.00      283938.582516842405      228016.499041060219      248836.360282028792        -563.799279629661         517.150015279847         285.201622829731           0.987198928536           0.463787627603           0.253547087797
2028-01-05-18-00-00.00      281900.354809518030      229871.017340193677      249854.987415191106        -568.542097457880         513.133765316495         280.700210262949           0.989194560906           0.461990118704           0.254325031023
2028-01-05-19-00-00.00      279845.132291601913      231711.032239337044      250857.386483275302        -573.240851445384         509.092588556364         276.186037046772           0.991184054128           0.460163735036           0.255087578308
2028-01-05-20-00-00.00      277773.073483162676      233536.454191039986      251843.511609962763        -577.895601928130         505.026589369657         271.659137082736           0.993167133814           0.458308540620           0.255834665382
2028-01-05-21-00-00.00      275684.336694000813      235347.194016706140      252813.317035013315        -582.506405379836         500.935868313964         267.119540960958           0.995143522826           0.456424600965           0.256566226979
2028-01-05-22-00-00.00      273579.080037617765      237143.162892962544      253766.757102382922        -587.073314375757         496.820522186583         262.567275981311           0.997112941100           0.454511983453           0.257282196815
2028-01-05-23-00-00.00      271457.461445315683      238924.272338215262      254703.786248412565        -591.596377556463         492.680644076003         258.002366172447           0.999075105935           0.452570756836           0.257982507586
2028-01-06-00-00-00.00      269319.638680426753      240690.434199389885      255624.358990086388        -596.075639591685         488.516323412899         253.424832309516           1.001029731814           0.450600991617           0.258667090945
2028-01-06-01-00-00.00      267165.769352674426      242441.560638854193      256528.429913348024        -600.511141143319         484.327646019893         248.834691928804           1.002976530231           0.448602760438           0.259335877485
2028-01-06-02-00-00.00      264996.010932670441      244177.564121515548      257415.953661458305        -604.902918829120         480.114694161780         244.231959344218           1.004915209975           0.446576137579           0.259988796733
2028-01-06-03-00-00.00      262810.520766537287      245898.357402104739      258286.884923431557        -609.251005183993         475.877546593172         239.616645657489           1.006845476964           0.444521199344           0.260625777135
2028-01-06-04-00-00.00      260609.456090716936      247603.853512577218      259141.178422329860        -613.555428622714         471.616278608208         234.988758772932           1.008767034064           0.442438024457           0.261246746028
2028-01-06-05-00-00.00      258392.974046720366      249293.965749920404      259978.788904384564        -617.816213398307         467.330962081272         230.348303400822           1.010679581388           0.440326693558           0.261851629647
2028-01-06-06-00-00.00      256161.231696411152      250968.607663654024      260799.671126594214        -622.033379564452         463.021665520154         225.695281072028           1.012582816120           0.438187289598           0.262440353098
2028-01-06-07-00-00.00      253914.386037042568      252627.693043971667      261603.779845904326        -626.206942933176         458.688454105218         221.029690139585           1.014476432349           0.436019898241           0.263012840341
2028-01-06-08-00-00.00      251652.594016641757      254271.135909792822      262391.069807615655        -630.336915033217         454.331389733223         216.351525781436           1.016360121361           0.433824607358           0.263569014190
2028-01-06-09-00-00.00      249376.012549507519      255898.850497016130      263161.495733949996        -634.423303067903         449.950531059320         211.660780000879           1.018233571476           0.431601507429           0.264108796289
2028-01-06-10-00-00.00      247084.798531854933      257510.751246927190      263915.012312627165        -638.466109872300         445.545933538067         206.957441623809           1.020096467878           0.429350691951           0.264632107099
2028-01-06-11-00-00.00      244779.108857616608      259106.752794751548      264651.574185425940        -642.465333870569         441.117649464459         202.241496295598           1.021948492915           0.427072256934           0.265138865888
2028-01-06-12-00-00.00      242459.100434411754      260686.769958341523      265371.135936689097        -646.420969030868         436.665728012815         197.512926470514           1.023789325936           0.424766301303           0.265628990721
2028-01-06-13-00-00.00      240124.930199655821      262250.717727024923      266073.652081854467        -650.333004821837         432.190215277422         192.771711405662           1.025618643131           0.422432927322           0.266102398433
2028-01-06-14-00-00.00      237776.755136847089      263798.511250581651      266759.077055906586        -654.201426166277         427.691154311115         188.017827147850           1.027436117828           0.420072240075           0.266559004631
2028-01-06-15-00-00.00      235414.732292011700      265330.065828367427      267427.365201808279        -658.026213394934         423.168585164515         183.251246522345           1.029241420340           0.417684347892           0.266998723676
2028-01-06-16-00-00.00      233039.018790326139      266845.296898570843      268078.470758863841        -661.807342197663         418.622544923581         178.471939116118           1.031034217804           0.415269362761           0.267421468659
2028-01-06-17-00-00.00      230649.771852910257      268344.120027610508      268712.347851038794        -665.544783574254         414.053067747365         173.679871262299           1.032814174487           0.412827399824           0.267827151404
2028-01-06-18-00-00.00      228247.148813802691      269826.450899664720      269328.950475214864        -669.238503782960         409.460184904249         168.875006019909           1.034580951633           0.410358577794           0.268215682448
2028-01-06-19-00-00.00      225831.307137127005      271292.205306326854      269928.232489355840        -672.888464287694         404.843924807391         164.057303151208           1.036334207313           0.407863019390           0.268586971020
2028-01-06-20-00-00.00      223402.404434442753      272741.299136394868      270510.147600610973        -676.494621704497         400.204313049856         159.226719097830           1.038073596728           0.405340850813           0.268940925039
2028-01-06-21-00-00.00      220960.598482307629      274173.648365770525      271074.649353281246        -680.056927745264         395.541372437870         154.383206949341           1.039798772068           0.402792202185           0.269277451097
2028-01-06-22-00-00.00      218506.047240025335      275589.169047494885      271621.691116717469        -683.575329161748         390.855123024734         149.526716412736           1.041509382361           0.400217207978           0.269596454438
2028-01-06-23-00-00.00      216038.908867608930      276987.777301894617      272151.226073071477        -687.049767687650         386.145582143822         144.657193776562           1.043205073788           0.397616006498           0.269897838955
2028-01-07-00-00-00.00      213559.341743950266      278369.389306850440      272663.207204925362        -690.480179979626         381.412764441551         139.774581872482           1.044885489537           0.394988740322           0.270181507174
2028-01-07-01-00-00.00      211067.504485205573      279733.921288183657      273157.587282773340        -693.866497556793         376.656681910189         134.878820033584           1.046550269670           0.392335556736           0.270447360228
2028-01-07-02-00-00.00      208563.555963403225      281081.289510158997      273634.318852343247        -697.208646738776         371.877343920693         129.969844050293           1.048199051431           0.389656607217           0.270695297859
2028-01-07-03-00-00.00      206047.655325280561      282411.410266103689      274093.354221746791        -700.506548581318         367.074757255011         125.047586121501           1.049831469115           0.386952047874           0.270925218398
2028-01-07-04-00-00.00      203519.962011338939      283724.199869154603      274534.645448497322        -703.760118811380         362.248926139272         120.111974807316           1.051447153936           0.384222039894           0.271137018741
2028-01-07-05-00-00.00      200980.635775161034      285019.574643107539      274958.144326281676        -706.969267757949         357.399852275201         115.162934972046           1.053045734343           0.381466749021           0.271330594348
2028-01-07-06-00-00.00      198429.836702966830      286297.450913387991      275363.802371559548        -710.133900282190         352.527534872320         110.200387728654           1.054626835891           0.378686345997           0.271505839222
2028-01-07-07-00-00.00      195867.725233427540      287557.744998136826      275751.570809951576        -713.253915704279         347.631970679094         105.224250376021           1.056190081120           0.375881007022           0.271662645887
2028-01-07-08-00-00.00      193294.462177745794      288800.373199407302      276121.400562397670        -716.329207728954         342.713154014376         100.234436335092           1.057735089872           0.373050913222           0.271800905383
2028-01-07-09-00-00.00      190710.208740011440      290025.251794472861      276473.242231064360        -719.359664367604         337.771076797806          95.230855076405           1.059261479171           0.370196251100           0.271920507246
2028-01-07-10-00-00.00      188115.126537841774      291232.297027244174      276807.046084984904        -722.345167859036         332.805728580624          90.213412045390           1.060768863113           0.367317212999           0.272021339482
2028-01-07-11-00-00.00      185509.377623305831      292421.425099799933      277122.762045433978        -725.285594587842         327.817096576399          85.182008581679           1.062256853178           0.364413996564           0.272103288567
2028-01-07-12-00-00.00      182893.124504147854      293592.552164028632      277420.339671001595        -728.180815001035         322.805165692271          80.136541834795           1.063725058125           0.361486805205           0.272166239417
2028-01-07-13-00-00.00      180266.530165325152      294745.594313376234      277699.728142320004        -731.030693521271         317.769918559915          75.076904670891           1.065173083886           0.358535848555           0.272210075368
2028-01-07-14-00-00.00      177629.758090845455      295880.467574717011      277960.876246498548        -733.835088459183         312.711335567979          70.002985579660           1.066600533884           0.355561341935           0.272234678168
2028-01-07-15-00-00.00      174982.972285937954      296997.087900334562      278203.732361176226        -736.593851921730         307.629394894346          64.914668571818           1.068007008935           0.352563506816           0.272239927951
2028-01-07-16-00-00.00      172326.337299551786      298095.371160024835      278428.244438218127        -739.306829718639         302.524072539564          59.811833075066           1.069392107150           0.349542571287           0.272225703212
2028-01-07-17-00-00.00      169660.018247204280      299175.233133314876      278634.359987003787        -741.973861264521         297.395342360174          54.694353820646           1.070755424257           0.346498769509           0.272191880797
2028-01-07-18-00-00.00      166984.180834182625      300236.589501807175      278822.026057314186        -744.594779478086         292.243176102801          49.562100725612           1.072096553507           0.343432342185           0.272138335875
2028-01-07-19-00-00.00      164298.991379111074      301279.355841648183      278991.189221794950        -747.169410678490         287.067543439035          44.414938770882           1.073415085594           0.340343537030           0.272064941910
2028-01-07-20-00-00.00      161604.616837907670      302303.447616118006      279141.795557934442        -749.697574476661         281.868412000047          39.252727866649           1.074710608971           0.337232608221           0.271971570651
2028-01-07-21-00-00.00      158901.224828136386      303308.780168347876      279273.790629545692        -752.179083664054         276.645747412312          34.075322713336           1.075982709769           0.334099816867           0.271858092099
2028-01-07-22-00-00.00      156188.983653750271      304295.268714174686      279387.119467798562        -754.613744098249         271.399513334384          28.882572655255           1.077230971724           0.330945431485           0.271724374475
2028-01-07-23-00-00.00      153468.062330280402      305262.828335116210      279481.726551599859        -757.001354584035         266.129671494130          23.674321521740           1.078454976497           0.327769727444           0.271570284208
2028-01-08-00-00-00.00      150738.630610435095      306211.373971494962      279557.555787477584        -759.341706752030         260.836181727857          18.450407462944           1.079654303601           0.324572987438           0.271395685901
2028-01-08-01-00-00.00      148000.859010152431      307140.820415700378      279614.550488821464        -761.634584933440         255.519002020858          13.210662775810           1.080828530337           0.321355501960           0.271200442290
2028-01-08-02-00-00.00      145254.918835112912      308051.082305598655      279652.653354469978        -763.879766030465         250.178088549512           7.954913718565           1.081977232116           0.318117568746           0.270984414234
2028-01-08-03-00-00.00      142500.982207718393      308942.074118102493      279671.806446641102        -766.077019383394         244.813395725666           2.682980318753           1.083099982396           0.314859493244           0.270747460671
2028-01-08-04-00-00.00      139739.222094563505      309813.710162899399      279671.951168130268        -768.226106632630         239.424876242789          -2.605323831394           1.084196352626           0.311581589097           0.270489438577
2028-01-08-05-00-00.00      136969.812334410672      310665.904576352681      279653.028238760366        -770.326781576179         234.012481124383          -7.910191789558           1.085265912567           0.308284177570           0.270210202949
2028-01-08-06-00-00.00      134192.927666686504      311498.571315579873      279614.977671039931        -772.378790022162         228.576159774657         -13.231823489332           1.086308230244           0.304967588031           0.269909606753
2028-01-08-07-00-00.00      131408.743760518002      312311.624152718461      279557.738744983915        -774.381869635953         223.115860031533         -18.570425979373           1.087322871893           0.301632158428           0.269587500887
2028-01-08-08-00-00.00      128617.437244330547      313104.976669385622      279481.249982046837        -776.335749782042         217.631528222266         -23.926213675573           1.088309402287           0.298278234712           0.269243734144
2028-01-08-09-00-00.00      125819.185736023370      313878.542251345003      279385.449118129269        -778.240151360454         212.123109221856         -29.299408627756           1.089267384694           0.294906171317           0.268878153168
2028-01-08-10-00-00.00      123014.167873744824      314632.234083387651      279270.273075587465        -780.094786637451         206.590546514503         -34.690240803071           1.090196380832           0.291516331637           0.268490602398
2028-01-08-11-00-00.00      120202.563347286312      315365.965144441521      279135.657934201765        -781.899359071268         201.033782258747         -40.098948383105           1.091095951203           0.288109087444           0.268080924033
2028-01-08-12-00-00.00      117384.552930113394      316079.648202921846      278981.538901039516        -783.653563131526         195.452757356282         -45.525778082479           1.091965655047           0.284684819363           0.267648957974
2028-01-08-13-00-00.00      114560.318512058249      316773.195812336984      278807.850279139064        -785.357084113928         189.847411525487         -50.970985480312           1.092805050315           0.281243917354           0.267194541766
2028-01-08-14-00-00.00      111730.043132689636      317446.520307167782      278614.525434957759        -787.009597948229         184.217683379590         -56.434835375282           1.093613693999           0.277786780118           0.266717510547
2028-01-08-15-00-00.00      108893.911015379737      318099.533799038851      278401.496764565527        -788.610771000273         178.563510510320         -61.917602159976           1.094391142094           0.274313815574           0.266217696986
2028-01-08-16-00-00.00      106052.107602110060      318732.148173198919      278168.695658304845        -790.160259867709         172.884829577397         -67.419570212406           1.095136949580           0.270825441336           0.265694931211
2028-01-08-17-00-00.00      103204.819589004968      319344.275085337111      277916.052464207809        -791.657711168152         167.181576404270         -72.941034315790           1.095850670747           0.267322084115           0.265149040752
2028-01-08-18-00-00.00      100352.234962660092      319935.825958753994      277643.496449673257        -793.102761320447         161.453686080609         -78.482300095925           1.096531859168           0.263804180190           0.264579850464
2028-01-08-19-00-00.00       97494.543037258758      320506.711981915636      277350.955761644815        -794.495036317055         155.701093071894         -84.043684493796           1.097180067689           0.260272175891           0.263987182443
2028-01-08-20-00-00.00       94631.934492530199      321056.844106415461      277038.357384973729        -795.834151489647         149.923731337004         -89.625516255918           1.097794848746           0.256726526980           0.263370855960
2028-01-08-21-00-00.00       91764.601412563177      321586.133045374358      276705.627098985773        -797.119711265640         144.121534454138         -95.228136461657           1.098375754351           0.253167699133           0.262730687365
2028-01-08-22-00-00.00       88892.737325511072      322094.489272311039      276352.689432092302        -798.351308916715         138.294435756059        -100.851899081104           1.098922336083           0.249596168409           0.262066489989
2028-01-08-23-00-00.00       86016.537244218271      322581.823020516837      275979.467614324240        -799.528526299061         132.442368475534        -106.497171567455           1.099434145405           0.246012420634           0.261378074066
2028-01-09-00-00-00.00       83136.197707792759      323048.044282976422      275585.883527685713        -800.650933585360         126.565265902640        -112.164335486898           1.099910733656           0.242416951868           0.260665246617
2028-01-09-01-00-00.00       80251.916824173328      323493.062812865770      275171.857654107444        -801.718088987495         120.663061551307        -117.853787186598           1.100351652041           0.238810268880           0.259927811337
2028-01-09-02-00-00.00       77363.894313682496      323916.788124696235      274737.309021047316        -802.729538472062         114.735689345766        -123.565938506217           1.100756451950           0.235192888521           0.259165568491
2028-01-09-03-00-00.00       74472.331553650671      324319.129496132897      274282.155144296295        -803.684815464948         108.783083815594        -129.301217534770           1.101124684951           0.231565338186           0.258378314785
2028-01-09-04-00-00.00       71577.431624100922      324699.995970556338      273806.311968095892        -804.583440547654         102.805180310270        -135.060069411601           1.101455902786           0.227928156288           0.257565843229
2028-01-09-05-00-00.00       68679.399354553228      325059.296360425942      273309.693802211725        -805.424921143088          96.801915230871        -140.842957183110           1.101749657680           0.224281891619           0.256727943009
2028-01-09-06-00-00.00       65778.441371974710      325396.939251511416      272792.213255861891        -806.208751191305          90.773226281207        -146.650362712104           1.102005502340           0.220627103815           0.255864399328
2028-01-09-07-00-00.00       62874.766149919400      325712.833008066169      272253.781168230053        -806.934410814454          84.719052740112        -152.482787648997           1.102222989950           0.216964363821           0.254974993253
2028-01-09-08-00-00.00       59968.584058889828      326006.885779022006      271694.306535413314        -807.601365971094          78.639335756858        -158.340754464537           1.102401674480           0.213294253248           0.254059501545
2028-01-09-09-00-00.00       57060.107417966334      326279.005505292036      271113.696433475008        -808.209068099339          72.534018671901        -164.224807558349           1.102541110675           0.209617364829           0.253117696483
2028-01-09-10-00-00.00       54149.550547737999      326529.099928277079      270511.855937426793        -808.756953749419          66.403047365206        -170.135514434465           1.102640854062           0.205934302888           0.252149345667
2028-01-09-11-00-00.00       51237.129824577598      326757.076599680411      269888.688035787200        -809.244444205268          60.246370635141        -176.073466966736           1.102700461239           0.202245682685           0.251154211818
2028-01-09-12-00-00.00       48323.063736296594      326962.842892745917      269244.093540453701        -809.670945095750          54.063940610796        -182.039282748144           1.102719489870           0.198552130871           0.250132052564
2028-01-09-13-00-00.00       45407.572939218604      327146.306015045266      268577.970991540351        -810.035845995671          47.855713201269        -188.033606537637           1.102697498691           0.194854285955           0.249082620198
2028-01-09-14-00-00.00       42490.880316707313      327307.373022955726      267890.216556821833        -810.338520016781          41.621648585601        -194.057111806645           1.102634047786           0.191152797640           0.248005661441
2028-01-09-15-00-00.00       39573.211039183945      327445.950837979850      267180.723925423867        -810.578323389235          35.361711747784        -200.110502400048           1.102528698579           0.187448327280           0.246900917176
2028-01-09-16-00-00.00       36654.792625668815      327561.946265080653      266449.384195313731        -810.754595033595          29.075873061305        -206.194514315002           1.102381013838           0.183741548342           0.245768122156
2028-01-09-17-00-00.00       33735.855006879770      327655.266013216751      265696.085754143365        -810.866656123805          22.764108928483        -212.309917611144           1.102190557937           0.180033145741           0.244607004715
2028-01-09-18-00-00.00       30816.630589918674      327725.816718287708      264920.714152978791        -810.913809641780          16.426402480286        -218.457518463332           1.101956896846           0.176323816293           0.243417286440
2028-01-09-19-00-00.00       27897.354324577809      327773.504968714493      264123.151972374646        -810.895339923929          10.062744342687        -224.638161364941           1.101679598128           0.172614269182           0.242198681820
2028-01-09-20-00-00.00       24978.263771289377      327798.237333911355      263303.278680196148        -810.810512201213           3.673133476848        -230.852731503318           1.101358231185           0.168905225289           0.240950897887
2028-01-09-21-00-00.00       22059.599170741178      327799.920395925234      262460.970480579650        -810.658572133850          -2.742421899310        -237.102157316194           1.100992367247           0.165197417648           0.239673633814
2028-01-09-22-00-00.00       19141.603515173701      327778.460784553085      261596.100153331703        -810.438745342972          -9.183903299237        -243.387413250031           1.100581579357           0.161491591921           0.238366580485
2028-01-09-23-00-00.00       16224.522621366232      327733.765216278960      260708.536883007153        -810.150236941268         -15.651280855855        -249.709522734847           1.100125442604           0.157788505718           0.237029420053
2028-01-10-00-00-00.00       13308.605205307309      327665.740537410544      259798.146076850360        -809.792231065888         -22.144512098387        -256.069561398432           1.099623534103           0.154088929070           0.235661825442
2028-01-10-01-00-00.00       10394.102958541944      327574.293771837372      258864.789170725096        -809.363890418268         -28.663540604993        -262.468660547741           1.099075432975           0.150393644905           0.234263459820
2028-01-10-02-00-00.00        7481.270626152975      327459.332173884846      257908.323421970592        -808.864355812025         -35.208294517980        -268.908010924881           1.098480720559           0.146703448375           0.232833976047
2028-01-10-03-00-00.00        4570.366086347846      327320.763286785164      256928.601688201685        -808.292745737066         -41.778684904536        -275.388866784418           1.097838980384           0.143019147343           0.231373016059
2028-01-10-04-00-00.00        1661.650431583822      327158.495007351972      255925.472190833330        -807.648155944096         -48.374603945499        -281.912550312275           1.097149798145           0.139341562864           0.229880210214
2028-01-10-05-00-00.00       -1244.611948872459      326972.435657519323      254898.778261981352        -806.929659055252         -54.995922932030        -288.480456417203           1.096412761895           0.135671528536           0.228355176601
2028-01-10-06-00-00.00       -4148.153285021617      326762.494063466671      253848.358073459793        -806.136304212532         -61.642490046426        -295.094057946149           1.095627462009           0.132009890996           0.226797520272
2028-01-10-07-00-00.00       -7048.702341041600      326528.579643164470      252774.044346117676        -805.267116767609         -68.314127902518        -301.754911342130           1.094793491155           0.128357510431           0.225206832429
2028-01-10-08-00-00.00       -9945.984329168197      326270.602503249538      251675.664037956536        -804.321098032029         -75.010630814499        -308.464662820386           1.093910444469           0.124715259941           0.223582689546
2028-01-10-09-00-00.00      -12839.720822803134      325988.473546270339      250553.038009013835        -803.297225094869         -81.731761762331        -315.225055088654           1.092977919516           0.121084026072           0.221924652412
2028-01-10-10-00-00.00      -15729.629669111486      325682.104589459021      249405.980660985631        -802.194450731147         -88.477249014166        -322.037934693882           1.091995516261           0.117464709357           0.220232265100
2028-01-10-11-00-00.00      -18615.424901487495      325351.408496346034      248234.299549160787        -801.011703413059         -95.246782363852        -328.905260034738           1.090962837226           0.113858223716           0.218505053861
2028-01-10-12-00-00.00      -21496.816652276812      324996.299322685518      247037.794964215107        -799.747887458744        -102.040008931679        -335.829110146793           1.089879487463           0.110265497033           0.216742525908
2028-01-10-13-00-00.00      -24373.511066323852      324616.692478367942      245816.259480869077        -798.401883335573        -108.856528473299        -342.811694307517           1.088745074526           0.106687471742           0.214944168104
2028-01-10-14-00-00.00      -27245.210215895233      324212.504907205119      244569.477470395068        -796.972548164087        -115.695888128538        -349.855362585157           1.087559208631           0.103125104290           0.213109445552
2028-01-10-15-00-00.00      -30111.612018060907      323783.655286732188      243297.224573062616        -795.458716442396        -122.557576541277        -356.962617398343           1.086321502645           0.099579365772           0.211237800038
2028-01-10-16-00-00.00      -32972.410154717967      323330.064250457275      241999.267127433064        -793.859201076621        -129.441017248850        -364.136126255796           1.085031572080           0.096051242599           0.209328648349
2028-01-10-17-00-00.00      -35827.293997377055      322851.654635346727      240675.361551027105        -792.172794730382        -136.345561258956        -371.378735752417           1.083689035281           0.092541736037           0.207381380452
2028-01-10-18-00-00.00      -38675.948537277502      322348.351757686702      239325.253668364196        -790.398271593327        -143.270478684389        -378.693487006562           1.082293513443           0.089051862942           0.205395357487
2028-01-10-19-00-00.00      -41518.054322803466      321820.083720949886      237948.677980470879        -788.534389639444        -150.214949306143        -386.083632696313           1.080844630679           0.085582656539           0.203369909582
2028-01-10-20-00-00.00      -44353.287406024043      321266.781759791018      236545.356869994343        -786.579893476065        -157.178051907902        -393.552655885255           1.079342014246           0.082135166087           0.201304333482
2028-01-10-21-00-00.00      -47181.319300764480      320688.380624923098      235114.999734909507        -784.533517905261        -164.158752199626        -401.104290860945           1.077785294669           0.078710457756           0.199197889925
2028-01-10-22-00-00.00      -50001.816954945942      320084.819014317414      233657.302043322095        -782.393992332916        -171.155889118723        -408.742546213393           1.076174105901           0.075309615569           0.197049800786
2028-01-10-23-00-00.00      -52814.442740648701      319456.040057011764      232171.944300609757        -780.160046217665        -178.168159258878        -416.471730467218           1.074508085685           0.071933741260           0.194859245937
2028-01-11-00-00-00.00      -55618.854465896817      318801.991856769018      230658.590919364739        -777.830415747617        -185.194099136958        -424.296480540485           1.072786875837           0.068583955364           0.192625359791
2028-01-11-01-00-00.00      -58414.705413140415      318122.628103976778      229116.888981134194        -775.403852024693        -192.232064953662        -432.221793432817           1.071010122619           0.065261398407           0.190347227503
2028-01-11-02-00-00.00      -61201.644410293433      317417.908765511296      227546.466877795843        -772.879131043619        -199.280209445507        -440.253061510460           1.069177477333           0.061967231048           0.188023880781
2028-01-11-03-00-00.00      -63979.315941557397      316687.800863876764      225946.932818623434        -770.255065864676        -206.336455349713        -448.396111887074           1.067288596914           0.058702635497           0.185654293261
2028-01-11-04-00-00.00      -66747.360306633898      315932.279358798172      224317.873187525343        -767.530521429275        -213.398464917514        -456.657250405802           1.065343144677           0.055468817087           0.183237375388
2028-01-11-05-00-00.00      -69505.413838903492      315151.328146672226      222658.850732710387        -764.704432584764        -220.463604804292        -465.043310826273           1.063340791355           0.052267004847           0.180771968759
2028-01-11-06-00-00.00      -72253.109195269208      314344.941195905674      220969.402568936493        -761.775826023677        -227.528905537583        -473.561709908723           1.061281216246           0.049098453438           0.178256839834
2028-01-11-07-00-00.00      -74990.075733277961      313513.123839339416      219249.037969705212        -758.743846973662        -234.591014609194        -482.220509143614           1.059164108637           0.045964445300           0.175690672955
2028-01-11-08-00-00.00      -77715.939994436951      312655.894248695346      217497.235923961911        -755.607791709657        -241.646142050100        -491.028484016408           1.056989169650           0.042866291924           0.173072062582
2028-01-11-09-00-00.00      -80430.326316962659      311773.285120500135      215713.442428439594        -752.367147184408        -248.689997118615        -499.995201773607           1.054756114392           0.039805336581           0.170399504631
2028-01-11-10-00-00.00      -83132.857606392907      310865.345608351869      213897.067483117367        -749.021639403677        -255.717714454486        -509.131108788605           1.052464674600           0.036782957409           0.167671386807
2028-01-11-11-00-00.00      -85823.156299063878      309932.143542914535      212047.481753069995        -745.571292568016        -262.723767712257        -518.447628741751           1.050114601968           0.033800569790           0.164885977794
2028-01-11-12-00-00.00      -88500.845561555456      308973.767988903914      210164.012855442939        -742.016501521050        -269.701868273549        -527.957272957261           1.047705672120           0.030859630367           0.162041415151
2028-01-11-13-00-00.00      -91165.550779565470      307990.332197843178      208245.941225166927        -738.358120630356        -276.644846125172        -537.673764303100           1.045237689487           0.027961641667           0.159135691726
2028-01-11-14-00-00.00      -93816.901402195275      306981.977026948298      206292.495507925603        -734.597573157117        -283.544509376862        -547.612176232386           1.042710493367           0.025108156290           0.156166640410
2028-01-11-15-00-00.00      -96454.533224152357      305948.874908515252      204302.847423036001        -730.736986082243        -290.391478118783        -557.789088467105           1.040123965262           0.022300783085           0.153131916980
2028-01-11-16-00-00.00      -99078.091208500991      304891.234471291653      202276.106033619755        -726.779356800847        -297.174987394442        -568.222760850718           1.037478037922           0.019541194337           0.150028980779
2028-01-11-17-00-00.00     -101687.232978711589      303809.305936095654      200211.311356219376        -722.728759729435        -303.882652914023        -578.933326629619           1.034772706519           0.016831133033           0.146855072959
2028-01-11-18-00-00.00     -104281.633141384518      302703.387433340366      198107.427238272678        -718.590603170525        -310.500191755816        -589.943006038047           1.032008042365           0.014172422728           0.143607191936
2028-01-11-19-00-00.00     -106860.988643312099      301573.832420940977      195963.333429942577        -714.371949504445        -317.011088604122        -601.276340176504           1.029184209859           0.011566979168           0.140282065712
2028-01-11-20-00-00.00     -109425.025419847399      300421.058418639645      193777.816779183748        -710.081915572433        -323.396196075265        -612.960443856608           1.026301487527           0.009016822925           0.136876120682
2028-01-11-21-00-00.00     -111973.506660363200      299245.557320179592      191549.561487470812        -705.732174686853        -329.633255276330        -625.025273737304           1.023360294072           0.006524095751           0.133385446515
2028-01-11-22-00-00.00     -114506.243104154099      298047.907599500846      189277.138382876496        -701.337587882048        -335.696320011097        -637.503904522849           1.020361220795           0.004091080079           0.129805756690
2028-01-11-23-00-00.00     -117023.105893028769      296828.788792248990      186958.993202582235        -696.916999588354        -341.555064949145        -650.432800286432           1.017305072089           0.001720221256           0.126132344347
2028-01-12-00-00-00.00     -119524.042650209158      295588.998710552522      184593.433938108938        -692.494242836745        -347.173954907341        -663.852059340770           1.014192916028          -0.000585844423           0.122360033122
2028-01-12-01-00-00.00     -122009.097638646679      294329.473936789203      182178.617396428133        -688.099411093794        -352.511249407566        -677.805597750852           1.011026147818          -0.002824255958           0.118483122907
2028-01-12-02-00-00.00     -124478.437083567333      293051.314238869352      179712.535289365595        -683.770468783579        -357.517814811513        -692.341216579798           1.007806569583          -0.004991888036           0.114495330731
2028-01-12-03-00-00.00     -126932.381033654980      291755.811649326701      177193.000411971065        -679.555289802811        -362.135716940541        -707.510467877002           1.004536490798          -0.007085301848           0.110389727551
2028-01-12-04-00-00.00     -129371.443490925230      290444.485039641848      174617.633851471328        -675.514232334992        -366.296572907894        -723.368189821654           1.001218854977          -0.009100685706           0.106158672665
2028-01-12-05-00-00.00     -131796.382962161762      289119.121073674643      171983.854745525576        -671.723376157208        -369.919656468457        -739.971515982532           0.997857399542          -0.011033784598           0.101793748890
2028-01-12-06-00-00.00     -134208.266062559123      287781.822391801863      169288.874970309844        -668.278559445633        -372.909784253565        -757.378069225241           0.994456857404          -0.012879814362           0.097285703981
2028-01-12-07-00-00.00     -136608.547288826172      286435.063676375314      166529.702407705772        -665.300344222352        -375.155073729215        -775.642917765008           0.991023210500          -0.014633359630           0.092624407238
2028-01-12-08-00-00.00     -138999.168471843470      285081.755736517312      163703.158271360880        -662.939989459640        -376.524777258395        -794.813690363605           0.987564006998          -0.016288255239           0.087798835556
2028-01-12-09-00-00.00     -141382.681498577032      283725.316694979498      160805.916542843712        -661.386378908858        -376.867590688036        -814.923017441281           0.984088754479          -0.017837449078           0.082797110876
2028-01-12-10-00-00.00     -143762.397251759423      282369.747402227425      157834.577036429866        -660.873567528551        -376.011149473316        -835.977203318903           0.980609399943          -0.019272850777           0.077606621891
2028-01-12-11-00-00.00     -146142.561632078723      281019.704825562309      154785.787987241260        -661.688071620157        -373.763907188891        -857.939808863613           0.977140901710          -0.020585176451           0.072214277487
2028-01-12-12-00-00.00     -148528.554833710397      279680.561698696867      151656.438954103272        -664.174090070159        -369.921268160754        -880.708800730171           0.973701884499          -0.021763806529           0.066606957258
2028-01-12-13-00-00.00     -150927.101036945009      278358.432517322712      148443.948963275470        -668.733367824811        -364.278670978749        -904.086445813696           0.970315341938          -0.022796692978           0.060772242904
2028-01-12-14-00-00.00     -153346.460330410860      277060.134859408601      145146.675238442665        -675.814385284312        -356.655040360965        -927.742793613875           0.967009303582          -0.023670375437           0.054699525656
2028-01-12-15-00-00.00     -155796.551561530359      275793.042391290306      141764.459025910677        -685.883403999319        -346.929989673916        -951.177208654903           0.963817311264          -0.024370191666           0.048381573414
2028-01-12-16-00-00.00     -158288.925574256078      274564.776570651040      138299.298580339469        -699.368986321869        -335.096115561506        -973.688620740540           0.960778455823          -0.024880798417           0.041816580579
2028-01-12-17-00-00.00     -160836.481958419288      273382.688168792753      134756.086644652794        -716.574715528953        -321.322022502128        -994.373227489469           0.957936636278          -0.025187125251           0.035010581510
2028-01-12-18-00-00.00     -163452.820062099112      272253.112581042864      131143.270009110653        -737.565606881739        -306.011505930138       -1012.174275228470           0.955338683394          -0.025275833380           0.027979869011
2028-01-12-19-00-00.00     -166151.167991632683      271180.457299330912      127473.203911762772        -762.053400538994        -289.832390224289       -1026.003766028471           0.953031137229          -0.025137218978           0.020752768020
2028-01-12-20-00-00.00     -168942.964431655244      270166.287840752513      123761.940034941086        -789.327442832143        -273.683826450421       -1034.931470353761           0.951055861827          -0.024767275171           0.013369925582
2028-01-12-21-00-00.00     -171836.353425058158      269208.671557266673      120028.275859365036        -818.282744969809        -258.585471156080       -1038.394899763159           0.949445258535          -0.024169391300           0.005882425324
2028-01-12-22-00-00.00     -174834.995387116534      268302.038165520469      116292.129181311859        -847.566754511692        -245.508084736447       -1036.349858917993           0.948218313937          -0.023355097197          -0.001652345931
2028-01-12-23-00-00.00     -177937.574078082980      267437.673444506945      112572.591453148532        -875.808087020271        -235.202615720931       -1029.290193965917           0.947378696647          -0.022343482312          -0.009176260055
2028-01-13-00-00-00.00     -181138.152119656384      266604.731190823368      108886.174926118882        -901.843806685262        -228.092228926535       -1018.124782951656           0.946915457884          -0.021159379936          -0.016635981444
2028-01-13-01-00-00.00     -184427.216730049637      265791.465661361639      105245.680769614293        -924.865568006418        -224.258970746194       -1003.969259108349           0.946805935894          -0.019830850154          -0.023987077085
2028-01-13-02-00-00.00     -187793.050836507464      264986.359059480543      101659.840820942249        -944.454174996818        -223.509586744126        -987.938025158079           0.947019792839          -0.018386651591          -0.031196001153
2028-01-13-03-00-00.00     -191223.056260262645      264178.932877568237       98133.608443087054        -960.525278534775        -225.477608532299        -970.998163630593           0.947523037923          -0.016854225976          -0.038240084869
2028-01-13-04-00-00.00     -194704.791112089297      263360.189451585291       94668.832794795861        -973.232852159844        -229.721340780816        -953.901865021712           0.948281272370          -0.015258413176          -0.045106178388
2028-01-13-05-00-00.00     -198226.647039016039      262522.743754300696       91265.056714476232        -982.870915935684        -235.796043433955        -937.181098346810           0.949261883854          -0.013620851577          -0.051788681359
2028-01-13-06-00-00.00     -201778.205046389310      261660.749448666698       87920.262261195399        -989.795311726132        -243.296493443610        -921.177611136568           0.950435272308          -0.011959883454          -0.058287519796
2028-01-13-07-00-00.00     -205350.355799579615      260769.716836732929       84631.479902914289        -994.371028384406        -251.875842279413        -906.085637958305           0.951775347157          -0.010290768800          -0.064606380008
2028-01-13-08-00-00.00     -208935.271829174220      259846.292932658544       81395.242909813809        -996.941652086202        -261.249154088025        -891.993627536953           0.953259552724          -0.008626050095          -0.070751313055
2028-01-13-09-00-00.00     -212526.300235541683      258888.045388139086       78207.903266365742        -997.814679084479        -271.188720465442        -878.918916898329           0.954868628989          -0.006975960753          -0.076729705705
2028-01-13-10-00-00.00     -216117.822063788073      257893.270577179414       75065.837977710748        -997.256820315662        -281.515934010806        -866.833964046388           0.956586250430          -0.005348818544          -0.082549561062
2028-01-13-11-00-00.00     -219705.105942058668      256860.832753007766       71965.575032710040        -995.494916648148        -292.092472990607        -855.684985136041           0.958398630513          -0.003751376828          -0.088219018595
2028-01-13-12-00-00.00     -223284.170620784949      255790.034003719629       68903.863592354508        -992.719592598656        -302.812152781616        -845.404581842173           0.960294140120          -0.002189122173          -0.093746048952
2028-01-13-13-00-00.00     -226851.662878289790      254680.511461170478       65877.707112107586        -989.089935883342        -313.593971442487        -835.919953381247           0.962262962774          -0.000666520281          -0.099138271239
2028-01-13-14-00-00.00     -230404.752637806581      253532.157226604788       62884.372813639515        -984.738268354176        -324.376438958521        -827.158017198388           0.964296794884           0.000812783295          -0.104402853400
2028-01-13-15-00-00.00     -233941.044688950962      252345.056549053814       59921.386737861299        -979.774551919492        -335.113079967765        -819.048440000759           0.966388591148           0.002245802776          -0.109546467364
2028-01-13-16-00-00.00     -237458.505311674206      251119.440351761848       56986.520536207980        -974.290246809301        -345.768927860156        -811.525295633141           0.968532351420           0.003630084117          -0.114575279209
2028-01-13-17-00-00.00     -240955.401737514185      249855.648881540517       54077.773995643423        -968.361586566781        -356.317820643887        -804.527844568275           0.970722943830           0.004963602036          -0.119494960863
2028-01-13-18-00-00.00     -244430.252397799195      248554.103909705824       51193.355820258228        -962.052305155059        -366.740328078683        -798.000767683720           0.972955958737           0.006244678969          -0.124310714353
2028-01-13-19-00-00.00     -247881.786098939454      247215.287476705533       48331.664211257004        -955.415881320775        -377.022167937070        -791.894073744772           0.975227588397           0.007471920592          -0.129027302693
2028-01-13-20-00-00.00     -251308.908517408534      245839.725632583199       45491.268145226124        -948.497372753732        -387.152997504021        -786.162822689292           0.977534527884           0.008644163366          -0.133649083602
2028-01-13-21-00-00.00     -254710.674664492486      244427.975989225117       42670.889838651237        -941.334909385403        -397.125491390875        -780.766755089736           0.979873893453           0.009760433500          -0.138180043692
2028-01-13-22-00-00.00     -258086.266206558939      242980.618182791804       39869.388627148008        -933.960907137889        -406.934637060163        -775.669883967382           0.982243155153           0.010819914094          -0.142623831669
2028-01-13-23-00-00.00     -261434.972731706832      241498.246560571570       37085.746328433590        -926.403054491680        -416.577195887080        -770.840082932787           0.984640081084           0.011821917676          -0.146983789734
2028-01-14-00-00-00.00     -264756.176225106290      239981.464571480348       34319.054063691314        -918.685115139684        -426.051289976289        -766.248690225335           0.987062691174           0.012765864955          -0.151262982767
2028-01-14-01-00-00.00     -268049.338157513354      238430.880463552719       31568.500458941071        -910.827582300463        -435.356084798821        -761.870139169356           0.989509218719           0.013651267663          -0.155464225121
2028-01-14-02-00-00.00     -271313.988705797470      236847.103986933595       28833.361121513579        -902.848213272610        -444.491544791185        -757.681619813892           0.991978078299           0.014477713575          -0.159590105026
2028-01-14-03-00-00.00     -274549.717718173400      235230.743871417391       26112.989276028889        -894.762467476420        -453.458244840861        -753.662773112044           0.994467838922           0.015244855219          -0.163643006694
2028-01-14-04-00-00.00     -277756.167110723909      233582.405902493629       23406.807443699192        -886.583866426000        -462.257224504455        -749.795416901655           0.996977201474           0.015952400705          -0.167625130246
2028-01-14-05-00-00.00     -280933.024442298396      231902.691460311355       20714.300053473031        -878.324290569681        -470.889875123685        -746.063301856848           0.999504979718           0.016600105133          -0.171538509645
2028-01-14-06-00-00.00     -284080.017462503340      230192.196417589992       18035.006881395784        -869.994224857992        -479.357852232688        -742.451894995396           1.002050084252           0.017187764480          -0.175385028802
2028-01-14-07-00-00.00     -287196.909466205281      228451.510316067666       15368.517223629353        -861.602962638325        -487.663007544523        -738.948188139378           1.004611508900           0.017715210602          -0.179166436024
2028-01-14-08-00-00.00     -290283.495318706031      226681.215759456245       12714.464718039706        -853.158775517994        -495.807336064964        -735.540528715192           1.007188319153           0.018182306030          -0.182884356971
2028-01-14-09-00-00.00     -293339.598040667712      224881.887974725163       10072.522738438063        -844.669055387541        -503.792934960563        -732.218470410777           1.009779642315           0.018588940625          -0.186540306272
2028-01-14-10-00-00.00     -296365.065861851443      223054.094504251436        7442.400294197562        -836.140433600696        -511.621971588821        -728.972641392677           1.012384659083           0.018935028834          -0.190135697955
2028-01-14-11-00-00.00     -299359.769668935449      221198.394999822747        4823.838375836175        -827.578881306813        -519.296658624873        -725.794627988486           1.015002596336           0.019220506339          -0.193671854792
2028-01-14-12-00-00.00     -302323.600785637274      219315.341095628974        2216.606694352292        -818.989794251401        -526.819234786183        -722.676871971824           1.017632720934           0.019445328232          -0.197150016701
2028-01-14-13-00-00.00     -305256.469034163107      217405.476342608628        -379.499231620907        -810.378064662282        -534.191949880872        -719.612579780171           1.020274334403           0.019609467534          -0.200571348294
2028-01-14-14-00-00.00     -308158.301035619981      215469.336190111935       -2964.660681119091        -801.748142432765        -541.417053292721        -716.595642207629           1.022926768326           0.019712912876          -0.203936945667
2028-01-14-15-00-00.00     -311029.038714044669      213507.448004143633       -5539.038063916463        -793.104087347376        -548.496785119459        -713.620563278309           1.025589380387           0.019755667541          -0.207247842508
2028-01-14-16-00-00.00     -313868.637974652578      211520.331113436259       -8102.773012379006        -784.449613832570        -555.433369420681        -710.682397177472           1.028261550936           0.019737748696          -0.210505015613
2028-01-14-17-00-00.00     -316677.067531492328      209508.496876851306      -10655.990259256077        -775.788129421793        -562.229009104735        -707.776692252462           1.030942680019           0.019659185677          -0.213709389847
2028-01-14-18-00-00.00     -319454.307863776747      207472.448766792106      -13198.799325292683        -767.122767928573        -568.885882098126        -704.899441222952           1.033632184795           0.019520019520          -0.216861842636
2028-01-14-19-00-00.00     -322200.350283442473      205412.682464408572      -15731.296037653661        -758.456418165318        -575.406138542373        -702.047036854564           1.036329497313           0.019320302624          -0.219963208025
2028-01-14-20-00-00.00     -324915.196099053777      203329.685963497293      -18253.563897594471        -749.791748872756        -581.791898767611        -699.216232436620           1.039034062558           0.019060097375          -0.223014280346
2028-01-14-21-00-00.00     -327598.855863519595      201223.939680525713      -20765.675313637617        -741.131230440200        -588.045251886817        -696.404106496284           1.041745336771           0.018739475977          -0.226015817541
2028-01-14-22-00-00.00     -330251.348694978049      199095.916568773362      -23267.692714595414        -732.477153890221        -594.168254870498        -693.608031250440           1.044462785987           0.018358520365          -0.228968544183
2028-01-14-23-00-00.00     -332872.701661665342      196946.082235173759      -25759.669555074350        -723.831647524871        -600.162931993167        -690.825644360258           1.047185884758           0.017917321030          -0.231873154206
2028-01-15-00-00-00.00     -335462.949223047355      194774.895058559312      -28241.651224669986        -715.196691568353        -606.031274566810        -688.054823607736           1.049914115049           0.017415977035          -0.234730313391
2028-01-15-01-00-00.00     -338022.132720475493      192582.806308462576      -30713.675870751071        -706.574131088966        -611.775240897558        -685.293664162031           1.052646965291           0.016854596067          -0.237540661631
2028-01-15-02-00-00.00     -340550.299911612528      190370.260263785138      -33175.775143611849        -697.965687433879        -617.396756403590        -682.540458141413           1.055383929540           0.016233293397          -0.240304814982
2028-01-15-03-00-00.00     -343047.504543708288      188137.694330707251      -35627.974871816783        -689.372968391756        -622.897713879471        -679.793676221276           1.058124506766           0.015552191990          -0.243023367535
2028-01-15-04-00-00.00     -345513.805961347185      185885.539159607171      -38070.295674633184        -680.797477233607        -628.279973830941        -677.051951052884           1.060868200244           0.014811422661          -0.245696893128
2028-01-15-05-00-00.00     -347949.268745024456      183614.218760526914      -40502.753517769568        -672.240620800101        -633.545364898761        -674.314062305891           1.063614517010           0.014011123095          -0.248325946900
2028-01-15-06-00-00.00     -350353.962377265387      181324.150617077190      -42925.360217901907        -663.703716746075        -638.695684322051        -671.578923153350           1.066362967415           0.013151438032          -0.250911066711
2028-01-15-07-00-00.00     -352727.960933508701      179015.745798545278      -45338.123900932405        -655.188000059255        -643.732698446952        -668.845568051636           1.069113064743           0.012232519471          -0.253452774443
2028-01-15-08-00-00.00     -355071.342795223289      176689.409070257010      -47741.049418338538        -646.694628931326        -648.658143238705        -666.113141671328           1.071864324873           0.011254525736          -0.255951577186
2028-01-15-09-00-00.00     -357384.190383207519      174345.539001898229      -50134.138725621764        -638.224690077073        -653.473724826087        -663.380888870152           1.074616266007           0.010217621698          -0.258407968317
2028-01-15-10-00-00.00     -359666.589909064060      171984.528074010304      -52517.391226321888        -629.779203553123        -658.181120036063        -660.648145591774           1.077368408454           0.009121979015          -0.260822428506
2028-01-15-11-00-00.00     -361918.631143257546      169606.762782481441      -54890.804084820709        -621.359127144334        -662.781976936020        -657.914330602713           1.080120274421           0.007967775219          -0.263195426609
2028-01-15-12-00-00.00     -364140.407198238885      167212.623741124786      -57254.372510764922        -612.965360362605        -667.277915368039        -655.178937980002           1.082871387868           0.006755193963          -0.265527420508
2028-01-15-13-00-00.00     -366332.014325345110      164802.485782330274      -59608.090017692703        -604.598748104131        -671.670527479343        -652.441530277232           1.085621274404           0.005484425283          -0.267818857879
2028-01-15-14-00-00.00     -368493.551724300021      162376.718055827776      -61951.948658170426        -596.260084000215        -675.961378240739        -649.701732300036           1.088369461166           0.004155664692          -0.270070176878
2028-01-15-15-00-00.00     -370625.121364281862      159935.684125598287      -64285.939237534425        -587.950113497618        -680.152005960321        -646.959225434997           1.091115476764           0.002769113445          -0.272281806788
2028-01-15-16-00-00.00     -372726.827815630182      157479.742064961698      -66610.051508124001        -579.669536694349        -684.243922783977        -644.213742475884           1.093858851246           0.001324978810          -0.274454168612
2028-01-15-17-00-00.00     -374798.778091371467      155009.244549855212      -68924.274345727288        -571.419010957467        -688.238615185083        -641.465062900674           1.096599116046          -0.000176526828          -0.276587675601
2028-01-15-18-00-00.00     -376841.081497798034      152524.538950403658      -71228.595909755531        -563.199153347540        -692.137544449727        -638.713008560572           1.099335803979          -0.001735185699          -0.278682733752
2028-01-15-19-00-00.00     -378853.849493463640      150025.967420733941      -73523.003788589631        -555.010542864547        -695.942147142846        -635.957439735987           1.102068449267          -0.003350774366          -0.280739742266
2028-01-15-20-00-00.00     -380837.195555971935      147513.866987137881      -75807.485131342415        -546.853722538706        -699.653835572625        -633.198251534076           1.104796587519          -0.005023064625          -0.282759093959
2028-01-15-21-00-00.00     -382791.235056025733      144988.569634594111      -78082.026767204850        -538.729201375932        -703.273998237422        -630.435370589676           1.107519755769          -0.006751823227          -0.284741175638
2028-01-15-22-00-00.00     -384716.085138252296      142450.402391674521      -80346.615313441551        -530.637456175049        -706.804000266673        -627.668752047626           1.110237492534          -0.008536811592          -0.286686368466
2028-01-15-23-00-00.00     -386611.864608344680      139899.687413908076      -82601.237272972299        -522.578933226140        -710.245183850272        -624.898376799024           1.112949337821          -0.010377786716          -0.288595048266
2028-01-16-00-00-00.00     -388478.693826124771      137336.742065599654      -84845.879122437822        -514.554049900178        -713.598868657334        -622.124248948781           1.115654833188          -0.012274500882          -0.290467585823
2028-01-16-01-00-00.00     -390316.694604145130      134761.879000166868      -87080.527391530428        -506.563196139596        -716.866352247740        -619.346393495869           1.118353521829          -0.014226701378          -0.292304347157
2028-01-16-02-00-00.00     -392125.990111490304      132175.406239003030      -89305.168734329927        -498.606735856021        -720.048910472152        -616.564854204614           1.121044948586          -0.016234131399          -0.294105693759
2028-01-16-03-00-00.00     -393906.704782453657      129577.627248925113      -91519.789993292463        -490.685008244369        -723.147797867367        -613.779691654189           1.123728660033          -0.018296529763          -0.295871982825
2028-01-16-04-00-00.00     -395658.964229805395      126968.841018197883      -93724.378256520082        -482.798329018300        -726.164248042567        -610.990981447883           1.126404204570          -0.020413630624          -0.297603567466
2028-01-16-05-00-00.00     -397382.895162373199      124349.342131197598      -95918.920908840300        -474.946991574655        -729.099474061515        -608.198812571765           1.129071132444          -0.022585164376          -0.299300796886
2028-01-16-06-00-00.00     -399078.625306688831      121719.420841725689      -98103.405677228002        -467.131268090610        -731.954668813756        -605.403285885522           1.131728995838          -0.024810857366          -0.300964016562
2028-01-16-07-00-00.00     -400746.283332526102      119079.363144814779     -100277.820671081572        -459.351410560509        -734.731005387359        -602.604512740687           1.134377348975          -0.027090431608          -0.302593568406
2028-01-16-08-00-00.00     -402385.998781951785      116429.450847611501     -102442.154417579572        -451.607651777335        -737.429637428120        -599.802613712279           1.137015748131          -0.029423605685          -0.304189790898
2028-01-16-09-00-00.00     -403997.902001937386      113769.961638548222     -104596.395892831017        -443.900206260181        -740.051699498422        -596.997717434549           1.139643751738          -0.031810094465          -0.305753019226
2028-01-16-10-00-00.00     -405582.124080156675      111101.169155455063     -106740.534548922005        -436.229271134099        -742.598307428672        -594.189959534784           1.142260920480          -0.034249608808          -0.307283585405
2028-01-16-11-00-00.00     -407138.796783879865      108423.343052376731     -108874.560337300165        -428.595026963146        -745.070558660780        -591.379481653600           1.144866817310          -0.036741856473          -0.308781818380
2028-01-16-12-00-00.00     -408668.052501790924      105736.749065153359     -110998.463728789051        -420.997638541509        -747.469532589778        -588.566430550122           1.147461007545          -0.039286541829          -0.310248044128
2028-01-16-13-00-00.00     -410170.024188578827      103041.649075780471     -113112.235730519780        -413.437255643053        -749.796290897315        -585.750957280086           1.150043058966          -0.041883365559          -0.311682585753
2028-01-16-14-00-00.00     -411644.845312153571      100338.301175593762     -115215.867900016616        -405.914013732482        -752.051877880541        -582.933216443696           1.152612541825          -0.044532025571          -0.313085763557
2028-01-16-15-00-00.00     -413092.649803353532       97626.959727279711     -117309.352356688541        -398.428034639402        -754.237320774240        -580.113365495226           1.155169028934          -0.047232216701          -0.314457895116
2028-01-16-16-00-00.00     -414513.572008032061       94907.875425692619     -119392.681790983537        -390.979427199732        -756.353630074160        -577.291564116604           1.157712095772          -0.049983630418          -0.315799295355
2028-01-16-17-00-00.00     -415907.746641383274       92181.295357544062     -121465.849471352543        -383.568287862445        -758.401799849016        -574.467973638388           1.160241320467          -0.052785955733          -0.317110276593
2028-01-16-18-00-00.00     -417275.308744381706       89447.463060034934     -123528.849249178456        -376.194701266561        -760.382808050615        -571.642756513197           1.162756283894          -0.055638878897          -0.318391148603
2028-01-16-19-00-00.00     -418616.393642274721       86706.618578277717     -125581.675561975891        -368.858740790009        -762.297616821149        -568.816075835875           1.165256569768          -0.058542083105          -0.319642218667
2028-01-16-20-00-00.00     -419931.136904989136       83958.998521669782     -127624.323434901860        -361.560469071919        -764.147172796378        -565.988094907169           1.167741764620          -0.061495249401          -0.320863791602
2028-01-16-21-00-00.00     -421219.674309369700       81204.836119190149     -129656.788480757765        -354.299938509233        -765.932407402446        -563.158976834988           1.170211457885          -0.064498056375          -0.322056169809
2028-01-16-22-00-00.00     -422482.141803168633       78444.361273617804     -131679.066898642690        -347.077191730252        -767.654237149588        -560.328884174104           1.172665241992          -0.067550179859          -0.323219653308
2028-01-16-23-00-00.00     -423718.675470696064       75677.800614710912     -133691.155471362086        -339.892262045648        -769.313563920622        -557.497978599757           1.175102712328          -0.070651293829          -0.324354539757
2028-01-17-00-00-00.00     -424929.411500056623       72905.377551351805     -135693.051561723260        -332.745173877951        -770.911275254331        -554.666420612747           1.177523467316          -0.073801070105          -0.325461124482
2028-01-17-01-00-00.00     -426114.486151893332       70127.312322684695     -137684.753107819037        -325.635943170355        -772.448244623830        -551.834369273697           1.179927108504          -0.076999178029          -0.326539700509
2028-01-17-02-00-00.00     -427274.035729567404       67343.822048259230     -139666.258617405256        -318.564577775536        -773.925331709927        -549.001981964123           1.182313240513          -0.080245285379          -0.327590558565
2028-01-17-03-00-00.00     -428408.196550705179       64555.120777194847     -141637.567161464976        -311.531077825173        -775.343382669473        -546.169414171865           1.184681471107          -0.083539058049          -0.328613987108
2028-01-17-04-00-00.00     -429517.104920037731       61761.419536394620     -143598.678367037064        -304.535436081218        -776.703230399313        -543.336819299567           1.187031411285          -0.086880159732          -0.329610272339
2028-01-17-05-00-00.00     -430600.897103477619       58962.926377810109     -145549.592409398843        -297.577638269631        -778.005694795521        -540.504348493700           1.189362675201          -0.090268252826          -0.330579698207
2028-01-17-06-00-00.00     -431659.709303363634       56159.846424786796     -147490.310003660969        -290.657663397909        -779.251583008558        -537.672150493608           1.191674880241          -0.093702998106          -0.331522546423
2028-01-17-07-00-00.00     -432693.677634824591       53352.381917492370     -149420.832395864039        -283.775484057049        -780.441689693662        -534.840371497821           1.193967647102          -0.097184054408          -0.332439096474
2028-01-17-08-00-00.00     -433702.938103200577       50540.732257457785     -151341.161353611678        -276.931066709551        -781.576797257452        -532.009155048612           1.196240599702          -0.100711079521          -0.333329625616
2028-01-17-09-00-00.00     -434687.626582477940       47725.094051235305     -153251.299156322930        -270.124371963817        -782.657676099599        -529.178641931769           1.198493365251          -0.104283729863          -0.334194408886
2028-01-17-10-00-00.00     -435647.878794694203       44905.661153190427     -155151.248585166060        -263.355354835335        -783.685084848941        -526.348970089334           1.200725574323          -0.107901660149          -0.335033719110
2028-01-17-11-00-00.00     -436583.830290247104       42082.624707469098     -157041.012912657374        -256.623964997552        -784.659770597386        -523.520274552069           1.202936860755          -0.111564524283          -0.335847826894
2028-01-17-12-00-00.00     -437495.616429102432       39256.173189110981     -158920.595892095560        -249.930147018651        -785.582469124760        -520.692687375930           1.205126861710          -0.115271975030          -0.336637000632
2028-01-17-13-00-00.00     -438383.372362826718       36426.492444372961     -160790.001746762136        -243.273840589092        -786.453905121699        -517.866337596921           1.207295217748          -0.119023663670          -0.337401506509
2028-01-17-14-00-00.00     -439247.233017415972       33593.765730263229     -162649.235158968891        -236.654980737506        -787.274792405980        -515.041351193708           1.209441572712          -0.122819240893          -0.338141608493
2028-01-17-15-00-00.00     -440087.333076887706       30758.173753299012     -164498.301259005384        -230.073498036441        -788.045834134371        -512.217851061011           1.211565573782          -0.126658356453          -0.338857568337
2028-01-17-16-00-00.00     -440903.806967595068       27919.894707511467     -166337.205614004168        -223.529318797187        -788.767723008489        -509.395956988984           1.213666871552          -0.130540658830          -0.339549645584
2028-01-17-17-00-00.00     -441696.788843221439       25079.104311721803     -168165.954216736456        -217.022365256319        -789.441141477639        -506.575785654989           1.215745119890          -0.134465796104          -0.340218097552
2028-01-17-18-00-00.00     -442466.412570433866       22235.975846091467     -169984.553474402375        -210.552555751969        -790.066761935589        -503.757450618656           1.217799976002          -0.138433415616          -0.340863179342
2028-01-17-19-00-00.00     -443212.811715156131       19390.680187968006     -171793.010197423398        -204.119804892861        -790.645246913793        -500.941062327011           1.219831100497          -0.142443163609          -0.341485143836
2028-01-17-20-00-00.00     -443936.119529422198       16543.385847071313     -173591.331588198751        -197.724023716988        -791.177249270301        -498.126728121180           1.221838157241          -0.146494686112          -0.342084241685
2028-01-17-21-00-00.00     -444636.468938815524       13694.258999955260     -175379.525230022351        -191.365119847432        -791.663412373247        -495.314552255741           1.223820813413          -0.150587628578          -0.342660721313
2028-01-17-22-00-00.00     -445313.992530439165       10843.463523854172     -177157.599075990322        -185.042997637940        -792.104370281855        -492.504635919396           1.225778739574          -0.154721635531          -0.343214828919
2028-01-17-23-00-00.00     -445968.822541390255        7991.161029891199     -178925.561437974888        -178.757558313284        -792.500747920784        -489.697077260276           1.227711609503          -0.158896351434          -0.343746808463
2028-01-18-00-00-00.00     -446601.090847748332        5137.510895642877     -180683.420975764631        -172.508700104300        -792.853161251253        -486.891971418774           1.229619100260          -0.163111420329          -0.344256901668
2028-01-18-01-00-00.00     -447210.928954029107        2282.670297110405     -182431.186686292000        -166.296318376712        -793.162217436763        -484.089410563046           1.231500892244          -0.167366485470          -0.344745348027
2028-01-18-02-00-00.00     -447798.467983089795        -573.205759897480     -184168.867892993265        -160.120305753842        -793.428515003807        -481.289483926850           1.233356669027          -0.171661190188          -0.345212384785
2028-01-18-03-00-00.00     -448363.838666481723       -3429.964408963302     -185896.474235354486        -153.980552235533        -793.652643999295        -478.492277855649           1.235186117408          -0.175995177525          -0.345658246944
2028-01-18-04-00-00.00     -448907.171335192630       -6287.454892796075     -187614.015658543591        -147.876945308751        -793.835186141338        -475.697875846595           1.236988927481          -0.180368089859          -0.346083167271
2028-01-18-05-00-00.00     -449428.595910804463       -9145.528533523160     -189321.502403271035        -141.809370055831        -793.976714967974        -472.906358598913           1.238764792451          -0.184779569763          -0.346487376281
2028-01-18-06-00-00.00     -449928.241897028172      -12004.038703505574     -191018.944995819795        -135.777709257136        -794.077795981313        -470.117804063792           1.240513408690          -0.189229259634          -0.346871102243
2028-01-18-07-00-00.00     -450406.238371576823      -14862.840796650693     -192706.354238195869        -129.781843487863        -794.138986787036        -467.332287491888           1.242234475808          -0.193716801308          -0.347234571185
2028-01-18-08-00-00.00     -450862.713978415239      -17721.792200243985     -194383.741198548436        -123.821651213381        -794.160837231857        -464.549881489527           1.243927696454          -0.198241836921          -0.347578006885
2028-01-18-09-00-00.00     -451297.796920319088      -20580.752267251344     -196051.117201723479        -117.897008879202        -794.143889536287        -461.770656071378           1.245592776380          -0.202804008521          -0.347901630875
2028-01-18-10-00-00.00     -451711.614951763069      -23439.582289099708     -197708.493820036208        -112.007790998422        -794.088678424243        -458.994678716520           1.247229424510          -0.207402957686          -0.348205662448
2028-01-18-11-00-00.00     -452104.295372119988      -26298.145468919385     -199355.882864254469        -106.153870236177        -793.995731249052        -456.222014425815           1.248837352731          -0.212038326374          -0.348490318649
2028-01-18-12-00-00.00     -452475.965019151859      -29156.306895228259     -200993.296374770871        -100.335117491191        -793.865568115682        -453.452725780034           1.250416275961          -0.216709756530          -0.348755814280
2028-01-18-13-00-00.00     -452826.750262794783      -32013.933516053097     -202620.746612999705         -94.551401974320        -793.698701999333        -450.686872998228           1.251965912219          -0.221416889703          -0.349002361913
