2024-01-01-00-00-00.00     -379156.840165614674      114507.578589875891      103706.970468719810        -480.581753290759       -1017.293161690191         -38.419911301537           1.008374348660           0.052955450921           0.063357380204
2024-01-01-00-59-59.99     -380863.337507694203      110864.080984720844      103552.813516874783        -467.550921894018       -1007.044051934994         -47.186283013509           1.009373048663           0.053442773479           0.067130922976
2024-01-01-01-59-59.99     -382523.730835410766      107255.717953869520      103367.492346775733        -454.957252941144        -997.748845358212         -55.733547660787           1.010368111737           0.053833270921           0.070799072892
2024-01-01-03-00-00.00     -384139.481244699971      103679.309580264264      103151.791346400831        -442.740209703827        -989.270863986869         -64.064761180858           1.011358363333           0.054134878672           0.074367202483
2024-01-01-03-59-59.99     -385711.852480669913      100132.123013657503      102906.478285854857        -430.850229768592        -981.497441700040         -72.185844163295           1.012342794445           0.054354450838           0.077840138910
2024-01-01-04-59-59.99     -387241.945931427821       96611.795611862282      102632.296402379419        -419.246334921861        -974.334842369330         -80.104342186380           1.013320530551           0.054497956216           0.081222233887
2024-01-01-06-00-00.00     -388730.728156375349       93116.274019028424      102329.960082312216        -407.894340178141        -967.704420157227         -87.828633580211           1.014290807618           0.054570632321           0.084517423388
2024-01-01-06-59-59.99     -390179.052784350817       89643.765359293349      102000.152841785442        -396.765493823560        -961.539681468622         -95.367423751327           1.015252953332           0.054577107290           0.087729278657
2024-01-01-07-59-59.99     -391587.678111281130       86192.697753279223      101643.526769992473        -385.835432115289        -955.784010568765        -102.729424983843           1.016206372286           0.054521496527           0.090861049823
2024-01-01-09-00-00.00     -392957.281374390062       82761.688089129442      101260.702891955705        -375.083366810545        -950.388890003334        -109.923157261901           1.017150534081           0.054407481499           0.093915703312
2024-01-01-09-59-59.99     -394288.470430269837       79349.515497216868      100852.272095457723        -364.491447123573        -945.312494291322        -116.956828631019           1.018084963709           0.054238373963           0.096895954013
2024-01-01-10-59-59.99     -395581.793384712946       75955.099352358549      100418.796388017377        -354.044253891526        -940.518568416052        -123.838267656068           1.019009233736           0.054017167899           0.099804293019
2024-01-01-12-00-00.00     -396837.746591751580       72577.480901610004       99960.810331072687        -343.728394999249        -935.975525762020        -130.574890211510           1.019922957832           0.053746583255           0.102643011652
2024-01-01-12-59-59.99     -398056.781343150069       69215.807819512134       99478.822550705518        -333.532179144756        -931.655716820063        -137.173688544115           1.020825785394           0.053429102463           0.105414222326
2024-01-01-13-59-59.99     -399239.309497993090       65869.321145182126       98973.317259884570        -323.445350766165        -927.534831936669        -143.641234673178           1.021717397098           0.053067000235           0.108119876726
2024-01-01-15-00-00.00     -400385.708248098788       62537.344171194331       98444.755751094213        -313.458873132048        -923.591410169694        -149.983692773726           1.022597501103           0.052662369502           0.110761781710
2024-01-01-15-59-59.99     -401496.324173976551       59219.272942586089       97893.577833817064        -303.564749663864        -919.806432789148        -156.206836957269           1.023465829842           0.052217143483           0.113341613258
2024-01-01-16-59-59.99     -402571.476714596734       55914.568092456975       97320.203202281540        -293.755875837941        -916.162984801900        -162.316071987993           1.024322137322           0.051733113671           0.115860928751
2024-01-01-18-00-00.00     -403611.461149923620       52622.747793503942       96725.032724644188        -284.025915714867        -912.645971498278        -168.316455407405           1.025166196771           0.051211946075           0.118321177808
2024-01-01-18-59-59.99     -404616.551176108362       49343.381646747424       96108.449653909251        -274.369198438621        -909.241879835314        -174.212719939434           1.025997798605           0.050655195245           0.120723711888
2024-01-01-19-59-59.99     -405587.001138409658       46076.085360879872       95470.820756511865        -264.780631026601        -905.938576518136        -180.009295568337           1.026816748714           0.050064315578           0.123069792811
2024-01-01-21-00-00.00     -406523.047974993591       42820.516102403984       94812.497363859235        -255.255624530785        -902.725136346285        -185.710330794180           1.027622866926           0.049440671953           0.125360600350
2024-01-01-21-59-59.99     -407424.912915401277       39576.368417196747       94133.816348910375        -245.790031232294        -899.591695623593        -191.319712856511           1.028415985661           0.048785549050           0.127597239005
2024-01-01-22-59-59.99     -408292.802969901299       36343.370641099282       93435.101032107472        -236.380090989725        -896.529326440340        -196.841086767721           1.029195948798           0.048100158670           0.129780744068
2024-01-02-00-00-00.00     -409126.912239840312       33121.281730724993       92716.662020914868        -227.022385218099        -893.529928422924        -202.277873128955           1.029962610633           0.047385646982           0.131912087068
2024-01-02-00-59-59.99     -409927.423074162973       29909.888456807792       91978.797987661441        -217.713797260762        -890.586135161487        -207.633284665772           1.030715834949           0.046643100960           0.133992180663
2024-01-02-01-59-59.99     -410694.507093217631       26709.002911435422       91221.796389698822        -208.451478137182        -887.691233040827        -212.910341610523           1.031455494249           0.045873553220           0.136021883051
2024-01-02-03-00-00.00     -411428.326097667683       23518.460288107446       90445.934136678668        -199.232816835370        -884.839090575246        -218.111885869727           1.032181469016           0.045077987146           0.138002001952
2024-01-02-03-59-59.99     -412129.032877571590       20338.116899610686       89651.478208497298        -190.055414456657        -882.024096696948        -223.240594139866           1.032893647063           0.044257341482           0.139933298219
2024-01-02-04-59-59.99     -412796.771934452816       17167.848403970722       88838.686228100094        -180.917061642543        -879.241106685323        -228.298989968383           1.033591922982           0.043412513583           0.141816489101
2024-01-02-06-00-00.00     -413431.680127284082       14007.548212960502       88007.806992584607        -171.815718805907        -876.485394651602        -233.289454860575           1.034276197623           0.042544363149           0.143652251219
2024-01-02-06-59-59.99     -414033.887251735723       10857.126061189947       87159.080965673580        -162.749498766147        -873.752611677769        -238.214238546848           1.034946377607           0.041653715616           0.145441223267
2024-01-02-07-59-59.99     -414603.516560739838        7716.506717026730       86292.740735149360        -153.716651456574        -871.038748808514        -243.075468364430           1.035602374945           0.040741364345           0.147184008474
2024-01-02-09-00-00.00     -415140.685233287688        4585.628818867912       85409.011437499081        -144.715550417122        -868.340104280616        -247.875157955180           1.036244106638           0.039808073434           0.148881176860
2024-01-02-09-59-59.99     -415645.504797457834        1464.443822694775       84508.111152710480        -135.744680836406        -865.653254406409        -252.615215237049           1.036871494325           0.038854580289           0.150533267288
2024-01-02-10-59-59.99     -416118.081512869685       -1647.084951457587       83590.251271437723        -126.802628937822        -862.975027656259        -257.297449763640           1.037484464000           0.037881597096           0.152140789354
2024-01-02-12-00-00.00     -416558.516717084625       -4748.983184856314       82655.636836742531        -117.888072536939        -860.302481529428        -261.923579503158           1.038082945713           0.036889812994           0.153704225110
2024-01-02-12-59-59.99     -416966.907139895426       -7841.266346649816       81704.466862408357        -108.999772621205        -857.632881870576        -266.495237094544           1.038666873298           0.035879896087           0.155224030658
2024-01-02-13-59-59.99     -417343.345188948035      -10923.940409943501       80736.934629585376        -100.136565825185        -854.963684326671        -271.013975611380           1.039236184168           0.034852494410           0.156700637603
2024-01-02-15-00-00.00     -417687.919209716842      -13997.002504595512       79753.227963488273         -91.297357689909        -852.292517701024        -275.481273902556           1.039790819088           0.033808237656           0.158134454403
2024-01-02-15-59-59.99     -418000.713722489076      -17060.441513099864       78753.529491681344         -82.481116612546        -849.617168970858        -279.898541522192           1.040330721960           0.032747738794           0.159525867603
2024-01-02-16-59-59.99     -418281.809638671693      -20114.238615339269       77738.016885125457         -73.686868403927        -846.935569779810        -284.267123295672           1.040855839674           0.031671594673           0.160875242981
2024-01-02-18-00-00.00     -418531.284458502661      -23158.367787027641       76706.863083536635         -64.913691383453        -844.245784230776        -288.588303537643           1.041366121932           0.030580387434           0.162182926601
2024-01-02-18-59-59.99     -418749.212451971311      -26192.796256366069       75660.236506073445         -56.160711946417        -841.545997859938        -292.863309996125           1.041861521078           0.029474685841           0.163449245790
2024-01-02-19-59-59.99     -418935.664824554871      -29217.484922898591       74598.301248341188         -47.427100554894        -838.834507623920        -297.093317482223           1.042341991991           0.028355045624           0.164674510041
2024-01-02-21-00-00.00     -419090.709869207290      -32232.388742028452       73521.217266779859         -38.712068100835        -836.109712826397        -301.279451269800           1.042807491945           0.027222010667           0.165859011849
2024-01-02-21-59-59.99     -419214.413105866814      -35237.457078376392       72429.140551247940         -30.014862604544        -833.370106853527        -305.422790237932           1.043257980474           0.026076114121           0.167003027484
2024-01-02-22-59-59.99     -419306.837409626518      -38232.634030724919       71322.223286704131         -21.334766208313        -830.614269665801        -309.524369823754           1.043693419299           0.024917878566           0.168106817712
2024-01-03-00-00-00.00     -419368.043128563557      -41217.858731183798       70200.614004573843         -12.671092437752        -827.840860937896        -313.585184760499           1.044113772211           0.023747817020           0.169170628458
2024-01-03-00-59-59.99     -419398.088192154537      -44193.065620680900       69064.457724661173          -4.023183699743        -825.048613800778        -317.606191645261           1.044519004970           0.022566433908           0.170194691427
2024-01-03-01-59-59.99     -419397.028211061261      -47158.184702991559       67913.896088020265           4.609591006465        -822.236329114819        -321.588311339203           1.044909085250           0.021374225074           0.171179224680
2024-01-03-03-00-00.00     -419364.916569035791      -50113.141778956953       66749.067481543636          13.227838188472        -819.402870227085        -325.532431219427           1.045283982546           0.020171678672           0.172124433163
2024-01-03-03-59-59.99     -419301.804507570283      -53057.858662686092       65570.107154632089          21.832141789930        -816.547158163283        -329.439407294138           1.045643668100           0.018959276009           0.173030509206
2024-01-03-04-59-59.99     -419207.741203891230      -55992.253381102651       64377.147328538507          30.423064967629        -813.668167212028        -333.310066190636           1.045988114857           0.017737491464           0.173897632986
2024-01-03-06-00-00.00     -419082.773842794413      -58916.240358328745       63170.317298675931          39.001151732639        -810.764920866850        -337.145207031277           1.046317297400           0.016506793273           0.174725972949
2024-01-03-06-59-59.99     -418926.947682803497      -61829.730585948622       61949.743530537133          47.566928468418        -807.836488086250        -340.945603198466           1.046631191882           0.015267644293           0.175515686213
2024-01-03-07-59-59.99     -418740.306117061700      -64732.631780460935       60715.549749167556          56.120905341322        -804.881979860150        -344.712004017258           1.046929776007           0.014020501838           0.176266918939
2024-01-03-09-00-00.00     -418522.890729323961      -67624.848528782066       59467.857022972588          64.663577610022        -801.900546030902        -348.445136337414           1.047213028975           0.012765818393           0.176979806667
2024-01-03-09-59-59.99     -418274.741345405346      -70506.282422756136       58206.783841891258          73.195426847323        -798.891372366373        -352.145706043666           1.047480931435           0.011504042313           0.177654474644
2024-01-03-10-59-59.99     -417995.896080369421      -73376.832183568215       56932.446190245922          81.716922080570        -795.853677848406        -355.814399488404           1.047733465470           0.010235617599           0.178291038110
2024-01-03-12-00-00.00     -417686.391381750233      -76236.393776736106       55644.957614585881          90.228520861130        -792.786712171048        -359.451884863986           1.047970614563           0.008960984555           0.178889602582
2024-01-03-12-59-59.99     -417346.262069034274      -79084.860518474088       54344.429286664643          98.730670268799        -789.689753421275        -363.058813513807           1.048192363555           0.007680580448           0.179450264098
2024-01-03-13-59-59.99     -416975.541369650280      -81922.123173914646       53030.970061875705         107.223807857796        -786.562105923860        -366.635821185709           1.048398698650           0.006394839225           0.179973109456
2024-01-03-15-00-00.00     -416574.260951619479      -84748.070048018475       51704.686533134343         115.708362553465        -783.403098251099        -370.183529245972           1.048589607384           0.005104192140           0.180458216431
2024-01-03-15-59-59.99     -416142.450953083113      -87562.587069438392       50365.683080578594         124.184755503167        -780.212081367882        -373.702545844857           1.048765078601           0.003809068373           0.180905653971
2024-01-03-16-59-59.99     -415680.140008827206      -90365.557868011121       49014.061917090345         132.653400888188        -776.988426907327        -377.193467045593           1.048925102464           0.002509894715           0.181315482379
2024-01-03-18-00-00.00     -415187.355273954105      -93156.863846222637       47649.923129838542         141.114706702515        -773.731525568706        -380.656877921700           1.049069670435           0.001207096167           0.181687753485
2024-01-03-18-59-59.99     -414664.122444797424      -95936.384245134221       46273.364717904849         149.569075502155        -770.440785622200        -384.093353624128           1.049198775261          -0.000098903472           0.182022510790
2024-01-03-19-59-59.99     -414110.465777184581      -98703.996205114425       44884.482626114004         158.016905131241        -767.115631521507        -387.503460427419           1.049312410996          -0.001407681940           0.182319789611
2024-01-03-21-00-00.00     -413526.408102117945     -101459.574821774775       43483.370775122094         166.458589428621        -763.755502614973        -390.887756757399           1.049410572987          -0.002718817933           0.182579617204
2024-01-03-21-59-59.99     -412911.970838966838     -104202.993197303367       42070.121087898631         174.894518913538        -760.359851923369        -394.246794191991           1.049493257873          -0.004031890540           0.182802012869
2024-01-03-22-59-59.99     -412267.174006182933     -106934.122487719622       40644.823512539173         183.325081463616        -756.928145027744        -397.581118464528           1.049560463614          -0.005346479589           0.182986988057
2024-01-04-00-00-00.00     -411592.036229618709     -109652.831946134960       39207.566041547252         191.750662978716        -753.459859012345        -400.891270448175           1.049612189486          -0.006662165085           0.183134546452
2024-01-04-00-59-59.99     -410886.574748453975     -112358.988962413539       37758.434727546017         200.171648040750        -749.954481490800        -404.177787141842           1.049648436090          -0.007978526652           0.183244684045
2024-01-04-01-59-59.99     -410150.805418767501     -115052.459099375483       36297.513695473084         208.588420567577        -746.411509684195        -407.441202649670           1.049669205386          -0.009295143893           0.183317389197
2024-01-04-03-00-00.00     -409384.742714742490     -117733.106125856255       34824.885151217873         217.001364470367        -742.830449573382        -410.682049169127           1.049674500702          -0.010611595833           0.183352642694
2024-01-04-03-59-59.99     -408588.399727505166     -120400.792046779359       33340.629386706285         225.410864312528        -739.210815094002        -413.900857981012           1.049664326752          -0.011927460363           0.183350417780
2024-01-04-04-59-59.99     -407761.788161579112     -123055.377130424487       31844.824781401414         233.817305980596        -735.552127400058        -417.098160455237           1.049638689672          -0.013242314605           0.183310680195
2024-01-04-06-00-00.00     -406904.918328895408     -125696.719933166722       30337.547800150289         242.221077362618        -731.853914154854        -420.274489064966           1.049597597045          -0.014555734358           0.183233388187
2024-01-04-06-59-59.99     -406017.799140340299     -128324.677321710231       28818.872987359126         250.622569048697        -728.115708894930        -423.430378426409           1.049541057924          -0.015867293536           0.183118492521
2024-01-04-07-59-59.99     -405100.438094739511     -130939.104493148756       27288.872957372660         259.022175044771        -724.337050408754        -426.566366353986           1.049469082883          -0.017176564536           0.182965936477
2024-01-04-09-00-00.00     -404152.841265241150     -133539.854992815643       25747.618381023272         267.420293517661        -720.517482191202        -429.682994949775           1.049381684043          -0.018483117671           0.182775655837
2024-01-04-09-59-59.99     -403175.013282957370     -136126.780730299623       24195.177968189571         275.817327560249        -716.656551907568        -432.780811717703           1.049278875110          -0.019786520609           0.182547578854
2024-01-04-10-59-59.99     -402166.957317802648     -138699.731993569294       22631.618446287503         284.213685992234        -712.753810915734        -435.860370717443           1.049160671435          -0.021086338724           0.182281626226
2024-01-04-12-00-00.00     -401128.675056385517     -141258.557461455872       21057.004534534484         292.609784194578        -708.808813818784        -438.922233757650           1.049027090050          -0.022382134524           0.181977711038
2024-01-04-12-59-59.99     -400060.166676829685     -143803.104214571562       19471.398913838100         301.006044984162        -704.821118055060        -441.966971635169           1.048878149715          -0.023673467070           0.181635738710
2024-01-04-13-59-59.99     -398961.430820359848     -146333.217744849331       17874.862192130062         309.402899533595        -700.790283523770        -444.995165425810           1.048713870989          -0.024959892319           0.181255606926
2024-01-04-15-00-00.00     -397832.464559492248     -148848.741963768553       16267.452864955583         317.800788339825        -696.715872236779        -448.007407831591           1.048534276278          -0.026240962527           0.180837205552
2024-01-04-15-59-59.99     -396673.263362641446     -151349.519209376740       14649.227271097447         326.200162252032        -692.597448013596        -451.004304592312           1.048339389893          -0.027516225647           0.180380416538
2024-01-04-16-59-59.99     -395483.821054904605     -153835.390252309589       13020.239542996957         334.601483561797        -688.434576203316        -453.986475966912           1.048129238133          -0.028785225652           0.179885113815
2024-01-04-18-00-00.00     -394264.129774799920     -156306.194300847856       11380.541551703294         343.005227163883        -684.226823437479        -456.954558292084           1.047903849343          -0.030047501911           0.179351163176
2024-01-04-18-59-59.99     -393014.179926696990     -158761.769005108887        9730.182846061056         351.411881795693        -679.973757414907        -459.909205625846           1.047663253990          -0.031302588558           0.178778422134
2024-01-04-19-59-59.99     -391733.960128609382     -161201.950460603053        8069.210585818123         359.821951365477        -675.674946725876        -462.851091484798           1.047407484753          -0.032550014777           0.178166739786
2024-01-04-21-00-00.00     -390423.457155061886     -163626.573211111128        6397.669468292841         368.235956374176        -671.329960699807        -465.780910683358           1.047136576600          -0.033789304151           0.177515956640
2024-01-04-21-59-59.99     -389082.655874565477     -166035.470251454011        4715.601648270782         376.654435446304        -666.938369300936        -468.699381286824           1.046850566878          -0.035019973984           0.176825904441
2024-01-04-22-59-59.99     -387711.539181701955     -168428.473028503708        3023.046650428913         385.077946972237        -662.499743041906        -471.607246679901           1.046549495415          -0.036241535550           0.176096405972
2024-01-05-00-00-00.00     -386310.087922435661     -170805.411444759520        1320.041274517235         393.507070885310        -658.013652961217        -474.505277784623           1.046233404617          -0.037453493385           0.175327274849
2024-01-05-00-59-59.99     -384878.280813424732     -173166.113859059784        -393.380508152955         401.942410571929        -653.479670612171        -477.394275411313           1.045902339575          -0.038655344563           0.174518315284
2024-01-05-01-59-59.99     -383416.094353808556     -175510.407088956243       -2117.187666728950         410.384594946033        -648.897368129438        -480.275072776172           1.045556348180          -0.039846578889           0.173669321835
2024-01-05-03-00-00.00     -381923.502729381318     -177838.116412747360       -3851.352232290156         418.834280685524        -644.266318301686        -483.148538197352           1.045195481248          -0.041026678122           0.172780079141
2024-01-05-03-59-59.99     -380400.477708292892     -180149.065572198480       -5595.849429341617         427.292154666752        -639.586094724198        -486.015577981752           1.044819792638          -0.042195115188           0.171850361621
2024-01-05-04-59-59.99     -378846.988527663867     -182443.076775699999       -7350.657818098737         435.758936603562        -634.856271978032        -488.877139527670           1.044429339399          -0.043351354294           0.170879933168
2024-01-05-06-00-00.00     -377263.001770235831     -184719.970702372462       -9115.759448319184         444.235381929608        -630.076425903388        -491.734214653024           1.044024181904          -0.044494850073           0.169868546803
2024-01-05-06-59-59.99     -375648.481230253354     -186979.566506996984      -10891.140025618712         452.722284928042        -625.246133886571        -494.587843188397           1.043604384010          -0.045625046702           0.168815944304
2024-01-05-07-59-59.99     -374003.387767513457     -189221.681826325774      -12676.789091176772         461.220482158734        -620.364975254556        -497.439116842716           1.043170013215          -0.046741377920           0.167721855822
2024-01-05-09-00-00.00     -372327.679148543277     -191446.132786826201      -14472.700215929463         469.730856199529        -615.432531724443        -500.289183381824           1.042721140834          -0.047843266066           0.166585999445
2024-01-05-09-59-59.99     -370621.309873647115     -193652.734014332062      -16278.871210368601         478.254339748451        -610.448387963873        -503.139251138925           1.042257842175          -0.048930121077           0.165408080741
2024-01-05-10-59-59.99     -368884.230988553900     -195841.298645615956      -18095.304351312705         486.791920110775        -605.412132208810        -505.990593908902           1.041780196741          -0.050001340375           0.164187792270
2024-01-05-12-00-00.00     -367116.389879050490     -198011.638342721126      -19922.006626930292         495.344644134954        -600.323357028657        -508.844556242808           1.041288288432          -0.051056307764           0.162924813045
2024-01-05-12-59-59.99     -365317.730047049641     -200163.563309978694      -21758.990001705421         503.913623631998        -595.181660186769        -511.702559203119           1.040782205765          -0.052094392269           0.161618807964
2024-01-05-13-59-59.99     -363488.190866138320     -202296.882314537128      -23606.271702956739         512.500041344954        -589.986645648459        -514.566106617377           1.040262042110          -0.053114947853           0.160269427190
2024-01-05-15-00-00.00     -361627.707314586965     -204411.402710655617      -25463.874530900095         521.105157529277        -584.737924734953        -517.436791888809           1.039727895939          -0.054117312120           0.158876305489
2024-01-05-15-59-59.99     -359736.209683423047     -206506.930468597682      -27331.827194261048         529.730317223006        -579.435117461435        -520.316305417940           1.039179871092          -0.055100804948           0.157439061509
2024-01-05-16-59-59.99     -357813.623257000698     -208583.270208554022      -29210.164673867734         538.376958286365        -574.077854059846        -523.206442710778           1.038618077065          -0.056064727968           0.155957297013
2024-01-05-18-00-00.00     -355859.867963063531     -210640.225240569940      -31098.928616717774         547.046620314429        -568.665776741546        -526.109113238136           1.038042629313          -0.057008363016           0.154430596041
2024-01-05-18-59-59.99     -353874.857989013020     -212677.597611184494      -32998.167763465652         555.740954528343        -563.198541708261        -529.026350141306           1.037453649580          -0.057930970477           0.152858524008
2024-01-05-19-59-59.99     -351858.501360608148     -214695.188157857658      -34907.938412497562         564.461734775660        -557.675821463398        -531.960320874505           1.036851266247          -0.058831788453           0.151240626734
2024-01-05-21-00-00.00     -349810.699478850176     -216692.796572329913      -36828.304924163662         573.210869784487        -552.097307461886        -534.913338896666           1.036235614712          -0.059710030863           0.149576429394
2024-01-05-21-59-59.99     -347731.346610247798     -218670.221474203223      -38759.340269175387         581.990416841477        -546.462713159991        -537.887876531207           1.035606837796          -0.060564885389           0.147865435371
2024-01-05-22-59-59.99     -345620.329324991500     -220627.260496321076      -40701.126625600460         590.802597088131        -540.771777529440        -540.886579132532           1.034965086179          -0.061395512223           0.146107125033
2024-01-06-00-00-00.00     -343477.525876827305     -222563.710383670317      -42653.756029502118         599.649812654327        -535.024269078955        -543.912280738744           1.034310518874          -0.062201041668           0.144300954393
2024-01-06-00-59-59.99     -341302.805517527624     -224479.367107972910      -44617.331084750709         608.534665900207        -529.219990517365        -546.968021364817           1.033643303736          -0.062980571550           0.142446353656
2024-01-06-01-59-59.99     -339096.027737879893     -226374.026000180806      -46591.965738487408         617.459981064664        -523.358784131660        -550.057066161375           1.032963618014          -0.063733165343           0.140542725651
2024-01-06-03-00-00.00     -336857.041425861651     -228247.481903918582      -48577.786129188717         626.428828677364        -517.440538000778        -553.182926683334           1.032271648953          -0.064457849096           0.138589444116
2024-01-06-03-59-59.99     -334585.683931348904     -230099.529352960584      -50574.931515543132         635.444553157195        -511.465193222082        -556.349384519109           1.031567594444          -0.065153608062           0.136585851836
2024-01-06-04-59-59.99     -332281.780025005282     -231929.962776849687      -52583.555295074802         644.510804078968        -505.432752260538        -559.560517650298           1.030851663734          -0.065819383960           0.134531258620
2024-01-06-06-00-00.00     -329945.140737153415     -233738.576738876058      -54603.826123142448         653.631571705109        -499.343288738214        -562.820729822049           1.030124078201          -0.066454070904           0.132424939082
2024-01-06-06-59-59.99     -327575.562060047814     -235525.166212234239      -56635.929143746020         662.811227452358        -493.196958802465        -566.134783445068           1.029385072201          -0.067056510921           0.130266130229
2024-01-06-07-59-59.99     -325172.823494366428     -237289.526900512748      -58680.067345769363         672.054570122805        -486.994014465714        -569.507836454532           1.028634893996          -0.067625489932           0.128054028827
2024-01-06-09-00-00.00     -322736.686417475576     -239031.455610189732      -60736.463059993257         681.366878870217        -480.734819281702        -572.945483706326           1.027873806776          -0.068159732232           0.125787788502
2024-01-06-09-59-59.99     -320266.892247167823     -240750.750684506958      -62805.359614235058         690.753974064663        -474.419866779388        -576.453803620667           1.027102089783          -0.068657894340           0.123466516578
2024-01-06-10-59-59.99     -317763.160370003781     -242447.212509533740      -64887.023166976076         700.222287464352        -468.049802278156        -580.039410802490           1.026320039553          -0.069118559076           0.121089270609
2024-01-06-12-00-00.00     -315225.185797795304     -244120.644105790969      -66981.744742625990         709.778943386063        -461.625448756450        -583.709515581941           1.025527971289          -0.069540227841           0.118655054554
2024-01-06-12-59-59.99     -312652.636509049276     -245770.851821683696      -69089.842495061850         719.431852932440        -455.147837641890        -587.471991557865           1.024726220395          -0.069921311928           0.116162814582
2024-01-06-13-59-59.99     -310045.150424009131     -247397.646148161904      -71211.664230667317         729.189823784538        -448.618245606011        -591.335452415554           1.023915144175          -0.070260123662           0.113611434452
2024-01-06-15-00-00.00     -307402.331951910048     -249000.842678619811      -73347.590226855900         739.062688634316        -442.038238755977        -595.309339480212           1.023095123739          -0.070554865255           0.110999730411
2024-01-06-15-59-59.99     -304723.748036768229     -250580.263243744441      -75498.036387679851         749.061456044374        -435.409725867501        -599.404021865646           1.022266566143          -0.070803616123           0.108326445565
2024-01-06-16-59-59.99     -302008.923612826038     -252135.737257422472      -77663.457785797989         759.198488426398        -428.735022888005        -603.630911258840           1.021429906792          -0.071004319339           0.105590243661
2024-01-06-18-00-00.00     -299257.336361889902     -253667.103319170012      -79844.352647743435         769.487712987559        -422.016931409251        -608.002593944139           1.020585612166          -0.071154764974           0.102789702204
2024-01-06-18-59-59.99     -296468.410641192517     -255174.211129462114      -82041.266849842505         779.944872970365        -415.258834729232        -612.532982979837           1.019734182908          -0.071252570886           0.099923304836
2024-01-06-19-59-59.99     -293641.510420717008     -256656.923789102089      -84254.799003725464         790.587828438809        -408.464816010918        -617.237494225949           1.018876157352          -0.071295161410           0.096989432903
2024-01-06-21-00-00.00     -290775.931031334389     -258115.120572547254      -86485.606224663978         801.436918357706        -401.639804557036        -622.133250462203           1.018012115556          -0.071279741436           0.093986356098
2024-01-06-21-59-59.99     -287870.889477154822     -259548.700289798435      -88734.410692950172         812.515399005482        -394.789757999058        -627.239318800983           1.017142683960          -0.071203266059           0.090912222105
2024-01-06-22-59-59.99     -284925.513003894594     -260957.585383940925      -91002.007138911678         823.849978099953        -387.921890811455        -632.576987485698           1.016268540767          -0.071062405825           0.087765045142
2024-01-07-00-00-00.00     -281938.825535323529     -262341.726954764512      -93289.271406260727         835.471469857766        -381.044962927510        -638.170089527001           1.015390422216          -0.070853504453           0.084542693300
2024-01-07-00-59-59.99     -278909.731485706870     -263701.110956839111      -95597.170277411613         847.415604023730        -374.169647182324        -644.045381774612           1.014509129936          -0.070572528489           0.081242874598
2024-01-07-01-59-59.99     -275836.996318890539     -265035.765898981132      -97926.772778602972         859.724032607236        -367.309000961124        -650.232989682663           1.013625539609          -0.070215007909           0.077863121714
2024-01-07-03-00-00.00     -272719.223042308120     -266345.772479977342     -100279.263221763205         872.445592755322        -360.479077050499        -656.766929516419           1.012740611282          -0.069775963279           0.074400775379
2024-01-07-03-59-59.99     -269554.823579105141     -267631.275744504179     -102655.956285140142         885.637904675105        -353.699722372714        -663.685721281017           1.011855401706          -0.069249817153           0.070852966535
2024-01-07-04-59-59.99     -266341.983628426096     -268892.500551883248     -105058.314484949980         899.369412190400        -346.995633428932        -671.033106087538           1.010971079242          -0.068630286455           0.067216597545
2024-01-07-06-00-00.00     -263078.619167683821     -270129.771448226587     -107487.968437671123         913.722014705948        -340.397766515876        -678.858881595941           1.010088942032          -0.067910248221           0.063488322989
2024-01-07-06-59-59.99     -259762.322114630137     -271343.538459106931     -109946.740357469214         928.794498295154        -333.945245300160        -687.219864457081           1.009210440383          -0.067081572083           0.059664531093
2024-01-07-07-59-59.99     -256390.291773921403     -272534.410946293676     -112436.671247640945         944.707060374841        -327.687975474459        -696.180978596361           1.008337204623          -0.066134910123           0.055741327636
2024-01-07-09-00-00.00     -252959.247416914935     -273703.202601019409     -114960.052203527492         961.607350680742        -321.690280913869        -705.816443646573           1.007471080223          -0.065059427943           0.051714525500
2024-01-07-09-59-59.99     -249465.315497914125     -274850.992052643036     -117519.460071415277         979.678644567196        -316.036040976002        -716.210987387428           1.006614172644          -0.063842458056           0.047579645326
2024-01-07-10-59-59.99     -245903.882299199351     -275979.205739623809     -120117.797269526156         999.151059726024        -310.836075464171        -727.460902648312           1.005768905458          -0.062469048478           0.043331936646
2024-01-07-12-00-00.00     -242269.398755226459     -277089.733102532569     -122758.334598678892        1020.317184449133        -306.238964147283        -739.674560298333           1.004938096916          -0.060921364171           0.038966435610
2024-01-07-12-59-59.99     -238555.118089006603     -278185.089651916351     -125444.753798411984        1043.554201950368        -302.447231800672        -752.971565748361           1.004125062640          -0.059177883386           0.034478087498
2024-01-07-13-59-59.99     -234752.737506315752     -279268.652518670657     -128181.182298413885        1069.355728020629        -299.742118081709        -767.478874286253           1.003333756133          -0.057212302465           0.029861984063
2024-01-07-15-00-00.00     -230851.900631077908     -280345.008402084990     -130972.203664463537        1098.378369725993        -298.522439226217        -783.320349695531           1.002568965330          -0.054992015903           0.025113806447
2024-01-07-15-59-59.99     -226839.494689400191     -281420.480390788580     -133822.808396182925        1131.510788589808        -299.367209826261        -800.592305676836           1.001836594343          -0.052475973169           0.020230642507
2024-01-07-16-59-59.99     -222698.641563202400     -282503.947398363438     -136738.209216689953        1169.977073419324        -303.139415357632        -819.308806148100           1.001144078209          -0.049611609733           0.015212502104
2024-01-07-18-00-00.00     -218407.230881642492     -283608.155883879110     -139723.355407273892        1215.490831004230        -311.162776874436        -839.280369019155           1.000501010843          -0.046330396648           0.010065171011
2024-01-07-18-59-59.99     -213935.781172276824     -284751.881186289364     -142781.776342196070        1270.476278493752        -325.529774253910        -859.841998014415           0.999920122780          -0.042541378676           0.004805716035
2024-01-07-19-59-59.99     -209244.393305461766     -285963.578002331371     -145912.904290997278        1338.342600444459        -349.641981239575        -879.231124434677           0.999418838759          -0.038122034201          -0.000526586131
2024-01-07-21-00-00.00     -204278.832716847130     -287287.600766174670     -149105.884802520828        1423.633290642458        -389.118465246770        -893.143496612500           0.999021770295          -0.032906690805          -0.005847960231
2024-01-07-21-59-59.99     -198967.392433122965     -288794.368763594422     -152325.291009616776        1531.177844342819        -453.015662341580        -891.454723970900           0.998764494604          -0.026677835685          -0.010984314944
2024-01-07-22-59-59.99     -193226.841916314414     -290593.601158405421     -155479.713186348032        1661.001980225046        -553.726673519380        -851.903539533951           0.998697869275          -0.019186290145          -0.015582727355
2024-01-08-00-00-00.00     -187005.162477604201     -292834.451089473849     -158366.964023065491        1791.681776818701        -697.597255626807        -735.730848453412           0.998886168751          -0.010285408444          -0.018987770368
2024-01-08-00-59-59.99     -180400.637894375774     -295634.391276234644     -160650.048581334151        1860.622677332849        -854.516820250630        -517.239356533611           0.999377918552          -0.000297168316          -0.020282422389
2024-01-08-01-59-59.99     -173751.396380110440     -298915.433420786343     -162037.672044336476        1814.931124724319        -953.832375650324        -256.102251908657           1.000145411289           0.009724411213          -0.018913497234
2024-01-08-03-00-00.00     -167421.922492838436     -302399.119129190862     -162565.844375063491        1695.878068858264        -969.835417011621         -51.315352074319           1.001085193659           0.018663715599          -0.015332501243
2024-01-08-03-59-59.99     -161545.532402310870     -305840.638665634324     -162505.227305392793        1571.350882877925        -937.418196729678          73.238520069793           1.002102537771           0.026126968100          -0.010474412915
2024-01-08-04-59-59.99     -156081.200109479309     -309130.610780284624     -162105.334780996258        1468.523572132378        -889.394555268842         141.924132453999           1.003148382689           0.032253553541          -0.005046071520
2024-01-08-06-00-00.00     -150944.012689588737     -312243.321221874736     -161521.129215472843        1388.995703947748        -840.264544619125         178.795460877973           1.004203079179           0.037312282157           0.000569884902
2024-01-08-06-59-59.99     -146058.268708711577     -315184.835690459528     -160838.621234051534        1327.952817529523        -794.626069781873         198.272235228543           1.005259384628           0.041540149850           0.006188191243
2024-01-08-07-59-59.99     -141366.415563582414     -317969.939879598562     -160104.965480732673        1280.566390908093        -753.379964619945         208.137716254994           1.006314637124           0.045116588872           0.011722517848
2024-01-08-09-00-00.00     -136826.242401394236     -320614.123737143062     -159346.471904313250        1243.172508060443        -716.253045588242         212.575269758571           1.007367791741           0.048173020578           0.017134294595
2024-01-08-09-59-59.99     -132406.738862475904     -323131.225870079361     -158578.132361927710        1213.166212022941        -682.679984043876         213.890583816162           1.008418346119           0.050806033626           0.022408164201
2024-01-08-10-59-59.99     -128084.803373706993     -325532.994949180749     -157808.612075858633        1188.712529939393        -652.089054657579         213.394936637587           1.009465955615           0.053087717288           0.027540185967
2024-01-08-12-00-00.00     -123842.925822396108     -327829.244838014361     -157042.928434778674        1168.506374055327        -623.982539239340         211.856448329981           1.010510300033           0.055072890391           0.032532027582
2024-01-08-12-59-59.99     -119667.602250924698     -330028.153425021970     -156283.936591366539        1151.604401618400        -597.948772778682         209.736419479907           1.011551042772           0.056804027090           0.037388028664
2024-01-08-13-59-59.99     -115548.249001905366     -332136.559463067562     -155533.181028298335        1137.312415000968        -573.653348743292         207.317248660627           1.012587823475           0.058314620175           0.042113685337
2024-01-08-15-00-00.00     -111476.449752076151     -334160.216886113922     -154791.398695798242        1125.110422562639        -550.825747449942         204.774030379592           1.013620261668           0.059631508838           0.046714860298
2024-01-08-15-59-59.99     -107445.424801363464     -336104.001429611817     -154058.824277016247        1114.602343601043        -529.246643901763         202.215913378230           1.014647963182           0.060776516373           0.051197373369
2024-01-08-16-59-59.99     -103449.650478309108     -337972.075139804161     -153335.379625847097        1105.481770138150        -508.737284317385         199.710683326581           1.015670526510           0.061767621836           0.055566795808
2024-01-08-18-00-00.00      -99484.581510748729     -339768.016571083223     -152620.793534942815        1097.508276842182        -489.151013282477         197.299750299276           1.016687547956           0.062619814311           0.059828355178
2024-01-08-18-59-59.99      -95546.445201123177     -341494.923913018312     -151914.678579593805        1090.490754094683        -470.366646407984         195.007492288058           1.017698625570           0.063345725497           0.063986900399
2024-01-08-19-59-59.99      -91632.086509544883     -343155.497025290737     -151216.580954303790        1084.275490391744        -452.283320054776         192.847194333156           1.018703362128           0.063956104337           0.068046899277
2024-01-08-21-00-00.00      -87738.849807835664     -344752.103086258227     -150526.013006145426        1078.737518044113        -434.816488277105         190.824886889749           1.019701367143           0.064460179723           0.072012452971
2024-01-08-21-59-59.99      -83864.487449120978     -346286.829486177245     -149842.474509832769        1073.774236769800        -417.894800437725         188.941861598579           1.020692258187           0.064865940729           0.075887318722
2024-01-08-22-59-59.99      -80007.088224049236     -347761.526746678632     -149165.466522578092        1069.300651512151        -401.457652544737         187.196339238831           1.021675661853           0.065180354729           0.079674935927
2024-01-09-00-00-00.00      -76165.020759876643     -349177.843594867794     -148494.500297924882        1065.245770687909        -385.453254692625         185.584585502730           1.022651214216           0.065409540660           0.083378452830
2024-01-09-00-59-59.99      -72336.888285365640     -350537.255825998203     -147829.102883392683        1061.549849984092        -369.837095530214         184.101662176106           1.023618561021           0.065558907424           0.087000752384
2024-01-09-01-59-59.99      -68521.492139313646     -351841.090213914867     -147168.820481801755        1058.162260088794        -354.570713682199         182.741934555871           1.024577357813           0.065633264495           0.090544476530
2024-01-09-03-00-00.00      -64717.802076672182     -353090.544446383312     -146513.220301202848        1055.039820322409        -339.620708049199         181.499414269573           1.025527269802           0.065636912726           0.094012048566
2024-01-09-03-59-59.99      -60924.931911355859     -354286.703847611963     -145861.891385398834        1052.145484035538        -324.957935142195         180.367989916895           1.026467971630           0.065573718838           0.097405693529
2024-01-09-04-59-59.99      -57142.119387264138     -355430.555487373436     -145214.444760863757        1049.447292352108        -310.556853986681         179.341580871252           1.027399147215           0.065447175969           0.100727456635
2024-01-09-06-00-00.00      -53368.709427849186     -356523.000150098815     -144570.513131671963        1046.917534629231        -296.394988014388         178.414237986376           1.028320489418           0.065260454917           0.103979219884
2024-01-09-06-59-59.99      -49604.140106889019     -357564.862541476206     -143929.750281749148        1044.532069602848        -282.452480479617         177.580207651215           1.029231699696           0.065016447103           0.107162716967
2024-01-09-07-59-59.99      -45847.930827344659     -358556.900034628634     -143291.830295076274        1042.269772507698        -268.711725037604         176.833970461370           1.030132487872           0.064717799750           0.110279546659
2024-01-09-09-00-00.00      -42099.672304494270     -359499.810199668747     -142656.446670128673        1040.112081750141        -255.157057121576         176.170262363751           1.031022571774           0.064366946613           0.113331184819
2024-01-09-09-59-59.99      -38359.018033014989     -360394.237314181344     -142023.311381323787        1038.042624853645        -241.774494764779         175.584083738785           1.031901676878           0.063966134191           0.116318995153
2024-01-09-10-59-59.99      -34625.676982118290     -361240.778015953547     -141392.153923438484        1036.046907968313        -228.551519892552         175.070700289327           1.032769536101           0.063517443155           0.119244238891
2024-01-09-12-00-00.00      -30899.407312806543     -362039.986230103706     -140762.720363480737        1034.112056704017        -215.476892878193         174.625638416522           1.033625889457           0.063022807726           0.122108083468
2024-01-09-12-59-59.99      -27180.010950625423     -362792.377479893388     -140134.772415922838        1032.226598632016        -202.540494658923         174.244677055376           1.034470483751           0.062484032445           0.124911610344
2024-01-09-13-59-59.99      -23467.328877878816     -363498.432671191986     -139508.086552097433        1030.380279887049        -189.733191649306         173.923837196940           1.035303072399           0.061902805715           0.127655822047
2024-01-09-15-00-00.00      -19761.237034265792     -364158.601426449255     -138882.453149413574        1028.563909735073        -177.046719813859         173.659370188594           1.036123415145           0.061280712551           0.130341648532
2024-01-09-15-59-59.99      -16061.642733973338     -364773.305030663498     -138257.675684340182        1026.769228295647        -164.473584704974         173.447745350381           1.036931277793           0.060619245761           0.132969952919
2024-01-09-16-59-59.99      -12368.481523367813     -365342.939042532409     -137633.569970312325        1024.988793472690        -152.006974993177         173.285637419733           1.037726432076           0.059919814743           0.135541536705
2024-01-09-18-00-00.00       -8681.714416094042     -365867.875615506840     -137009.963440569554        1023.215883905288        -139.640687416337         173.169914142792           1.038508655425           0.059183754190           0.138057144468
2024-01-09-18-59-59.99       -5001.325452559334     -366348.465566401137     -136386.694475276745        1021.444415370097        -127.369061389450         173.097624180177           1.039277730746           0.058412331823           0.140517468155
2024-01-09-19-59-59.99       -1327.319539498659     -366785.040223949472     -135763.611771253753        1019.668868485536        -115.186921883046         173.065985501465           1.040033446335           0.057606754212           0.142923150979
2024-01-09-21-00-00.00        2340.279467947035     -367177.913084676140     -135140.573752593511        1017.884225996552        -103.089529339462         173.072374310324           1.040775595687           0.056768172926           0.145274790966
2024-01-09-21-59-59.99        6001.430473301221     -367527.381299744826     -134517.448019981966        1016.085918154352         -91.072535675045         173.114314593607           1.041503977319           0.055897690051           0.147572944191
2024-01-09-22-59-59.99        9656.076662041753     -367833.727012956515     -133894.110836626933        1014.269775039420         -79.131945467926         173.189468250617           1.042218394724           0.054996362085           0.149818127746
2024-01-10-00-00-00.00       13304.146864179325     -368097.218567304662     -133270.446648640442        1012.431984783986         -67.264081669279         173.295625850372           1.042918656215           0.054065204413           0.152010822446
2024-01-10-00-59-59.99       16945.556775776753     -368318.111595345486     -132646.347637559025        1010.569056883784         -55.465555206363         173.430697973009           1.043604574787           0.053105195371           0.154151475310
2024-01-10-01-59-59.99       20580.210056393855     -368496.650006427430     -132021.713302953198        1008.677789858740         -43.733237999725         173.592707146108           1.044275968099           0.052117278844           0.156240501846
2024-01-10-03-00-00.00       24207.999317227775     -368633.066882071726     -131396.450073225453        1006.755242720869         -32.064238905685         173.779780296941           1.044932658355           0.051102367624           0.158278288148
2024-01-10-03-59-59.99       27828.807012408441     -368727.585289656243     -130770.470942486907        1004.798709686034         -20.455882269791         173.990141748075           1.045574472195           0.050061346474           0.160265192818
2024-01-10-04-59-59.99       31442.506244572833     -368780.419022975431     -130143.695131845030        1002.805697743419          -8.905688729061         174.222106684063           1.046201240699           0.048995073853           0.162201548754
2024-01-10-06-00-00.00       35048.961494232142     -368791.773277359724     -129516.047773368584        1000.773906689712           2.588641987507         174.474075081620           1.046812799298           0.047904384491           0.164087664791
2024-01-10-06-59-59.99       38648.029281235205     -368761.845266098564     -128887.459615125888         998.701211341121          14.029246520301         174.744526053035           1.047408987689           0.046790091763           0.165923827208
2024-01-10-07-59-59.99       42239.558765669484     -368690.824784047261     -128257.866745865773         996.585645622799          25.418111782795         175.032012596089           1.047989649862           0.045652988801           0.167710301143
2024-01-10-09-00-00.00       45823.392294570971     -368578.894723665260     -127627.210337943470         994.425388340010          36.757087515098         175.335156698064           1.048554634030           0.044493850514           0.169447331887
2024-01-10-09-59-59.99       49399.365900093486     -368426.231548086565     -126995.436407251240         992.218750389525          48.047897610888         175.652644794467           1.049103792566           0.043313435484           0.171135146088
2024-01-10-10-59-59.99       52967.309753986265     -368233.005725400697     -126362.495588908030         989.964163292589          59.292150393668         175.983223525314           1.049636982045           0.042112486620           0.172773952872
2024-01-10-12-00-00.00       56527.048582947093     -367999.382127649151     -125728.342927723294         987.660168848507          70.491347923363         176.325695795229           1.050154063193           0.040891732798           0.174363944879
2024-01-10-12-59-59.99       60078.402048490236     -367725.520397940883     -125092.937682310294         985.305409813012          81.646894461393         176.678917096860           1.050654900843           0.039651890393           0.175905299230
2024-01-10-13-59-59.99       63621.185095039800     -367411.575288398075     -124456.243142040112         982.898621473112          92.760104175352         177.041792083477           1.051139363986           0.038393663619           0.177398178423
2024-01-10-15-00-00.00       67155.208269047958     -367057.696971683530     -123818.226455866912         980.438624026406         103.832208167211         177.413271369879           1.051607325736           0.037117745873           0.178842731174
2024-01-10-15-59-59.99       70680.278012080133     -366664.031328281504     -123178.858472319873         977.924315676320         114.864360895226         177.792348543147           1.052058663299           0.035824821014           0.180239093192
2024-01-10-16-59-59.99       74196.196930125778     -366230.720211711887     -122538.113589875225         975.354666363721         125.857646049351         178.178057369338           1.052493258034           0.034515563456           0.181587387906
2024-01-10-18-00-00.00       77702.764041490329     -365757.901693428808     -121895.969617085386         972.728712071820         136.813081939095         178.569469177741           1.052910995430           0.033190639307           0.182887727147
2024-01-10-18-59-59.99       81199.775005039904     -365245.710289179115     -121252.407641798854         970.045549646350         147.731626443305         178.965690410130           1.053311765084           0.031850707451           0.184140211775
2024-01-10-19-59-59.99       84687.022330705426     -364694.277168226778     -120607.411908943774         967.304332073412         158.614181563527         179.365860322836           1.053695460772           0.030496419459           0.185344932273
2024-01-10-21-00-00.00       88164.295573672513     -364103.730346877943     -119960.969706308591         964.504264175468         169.461597624192         179.769148829036           1.054061980431           0.029128420570           0.186501969298
2024-01-10-21-59-59.99       91631.381513873275     -363474.194867408019     -119313.071257878764         961.644598674022         180.274677149670         180.174754472034           1.054411226154           0.027747350628           0.187611394193
2024-01-10-22-59-59.99       95088.064321670288     -362805.792963704502     -118663.709624195864         958.724632600427         191.054178459197         180.581902517861           1.054743104253           0.026353843854           0.188673269473
2024-01-11-00-00-00.00       98534.125711905886     -362098.644214000087     -118012.880609539890         955.743703997682         201.800818997242         180.989843156612           1.055057525262           0.024948529710           0.189687649270
2024-01-11-00-59-59.99      101969.345085274908     -361352.865682846634     -117360.582675113386         952.701188918432         212.515278437260         181.397849812131           1.055354403926           0.023532033720           0.190654579750
2024-01-11-01-59-59.99      105393.499660610411     -360568.572051524476     -116706.816858414197         949.596498656585         223.198201569547         181.805217540005           1.055633659279           0.022104977141           0.191574099513
2024-01-11-03-00-00.00      108806.364596984189     -359745.875738794159     -116051.586698077997         946.429077216398         233.850201002277         182.211261515329           1.055895214643           0.020667977733           0.192446239948
2024-01-11-03-59-59.99      112207.713107296804     -358884.887012108695     -115394.898164066806         943.198398996481         244.471859695373         182.615315598057           1.056138997629           0.019221650496           0.193271025575
2024-01-11-04-59-59.99      115597.316563758708     -357985.714090052177     -114736.759592861767         939.903966653774         255.063733334507         183.016730973342           1.056364940213           0.017766607263           0.194048474365
2024-01-11-06-00-00.00      118974.944596038084     -357048.463236463780     -114077.181627440223         936.545309148964         265.626352570349         183.414874857640           1.056572978737           0.016303457395           0.194778598032
2024-01-11-06-59-59.99      122340.365182685608     -356073.238846716878     -113416.177161802465         933.121979946717         276.160225131332         183.809129266206           1.056763053922           0.014832808457           0.195461402300
2024-01-11-07-59-59.99      125693.344736339845     -355060.143526599335     -112753.761289828690         929.633555367233         286.665837828231         184.198889836680           1.056935110934           0.013355265748           0.196096887164
2024-01-11-09-00-00.00      129033.648183278623     -354009.278164141288     -112089.951258277782         926.079633076536         297.143658462769         184.583564704708           1.057089099396           0.011871432946           0.196685047115
2024-01-11-09-59-59.99      132361.039037617360     -352920.741994798009     -111424.766423744673         922.459830674313         307.594137637878         184.962573427389           1.057224973402           0.010381912731           0.197225871360
2024-01-11-10-59-59.99      135675.279470822861     -351794.632660162752     -110758.228213416340         918.773784427400         318.017710508328         185.335345949987           1.057342691581           0.008887306274           0.197719344013
2024-01-11-12-00-00.00      138976.130376728950     -350631.046260557952     -110090.360089473543         915.021148086397         328.414798456315         185.701321612904           1.057442217113           0.007388213835           0.198165444282
2024-01-11-12-59-59.99      142263.351432503609     -349430.077401680697     -109421.187517000741         911.201591807600         338.785810715725         186.059948195089           1.057523517742           0.005885235359           0.198564146620
2024-01-11-13-59-59.99      145536.701155914256     -348191.819235479459     -108750.737935279394         907.314801161694         349.131145948511         186.410680989729           1.057586565846           0.004378969924           0.198915420882
2024-01-11-15-00-00.00      148795.936959178158     -346916.363495427009     -108079.040732353911         903.360476234264         359.451193786143         186.752981910253           1.057631338446           0.002870016314           0.199219232452
2024-01-11-15-59-59.99      152040.815199663659     -345603.800526325358     -107406.127222774463         899.338330790531         369.746336334388         187.086318620201           1.057657817228           0.001358973590           0.199475542354
2024-01-11-16-59-59.99      155271.091227802564     -344254.219308700238     -106732.030628421999         895.248091531805         380.016949662919         187.410163688001           1.057665988605          -0.000153559488           0.199684307360
2024-01-11-18-00-00.00      158486.519432387257     -342867.707477890362     -106056.786062347586         891.089497406609         390.263405273144         187.723993759163           1.057655843731          -0.001666983899           0.199845480070
2024-01-11-18-59-59.99      161686.853283545031     -341444.351337853703     -105380.430515555025         886.862298996506         400.486071561917         188.027288746906           1.057627378528          -0.003180699817           0.199959008983
2024-01-11-19-59-59.99      164871.845373584365     -339984.235869719763     -104703.002846675794         882.566257956992         410.685315281982         188.319531035843           1.057580593737          -0.004694107190           0.200024838554
2024-01-11-21-00-00.00      168041.247455951700     -338487.444735065626     -104024.543774485530         878.201146517091         420.861503009801         188.600204697539           1.057515494939          -0.006206605200           0.200042909239
2024-01-11-21-59-59.99      171194.810482473229     -336954.060273890151     -103345.095873229206         873.766747037534         431.015002629582         188.868794716952           1.057432092584          -0.007717591714           0.200013157514
2024-01-11-22-59-59.99      174332.284639108519     -335384.163497202564     -102664.703570715166         869.262851610450         441.146184836139         189.124786223049           1.057330402038          -0.009226463876           0.199935515898
2024-01-12-00-00-00.00      177453.419380350155     -333777.834074149956     -101983.413149168817         864.689261718386         451.255424672346         189.367663727615           1.057210443607          -0.010732617563           0.199809912943
2024-01-12-00-59-59.99      180557.963462464162     -332135.150313547056     -101301.272748828691         860.045787935276         461.343103103655         189.596910365343           1.057072242569          -0.012235446839           0.199636273220
2024-01-12-01-59-59.99      183645.664975771244     -330456.189139643509     -100618.332374262434         855.332249676598         471.409608641423         189.812007135439           1.056915829214          -0.013734344539           0.199414517290
2024-01-12-03-00-00.00      186716.271376083692     -328741.026061957295      -99934.643903425342         850.548474986022         481.455339019567         190.012432137934           1.056741238877          -0.015228701718           0.199144561656
2024-01-12-03-59-59.99      189769.529515443573     -326989.735138960066      -99250.261099483789         845.694300378146         491.480702940467         190.197659810392           1.056548511966          -0.016717907096           0.198826318695
2024-01-12-04-59-59.99      192805.185672412044     -325202.388935335388      -98565.239625376344         840.769570718081         501.486121892894         190.367160154552           1.056337694007          -0.018201347625           0.198459696591
2024-01-12-06-00-00.00      195822.985581984831     -323379.058472548670      -97879.637061186804         835.774139144607         511.472032054104         190.520397953412           1.056108835673          -0.019678407928           0.198044599230
2024-01-12-06-59-59.99      198822.674465274060     -321519.813172413735      -97193.512924374547         830.707867034875         521.438886286044         190.656831975446           1.055861992823          -0.021148469713           0.197580926095
2024-01-12-07-59-59.99      201803.997059215384     -319624.720793262823      -96506.928692854504         825.570624019092         531.387156240001         190.775914167566           1.055597226539          -0.022610912328           0.197068572134
2024-01-12-09-00-00.00      204766.697646308021     -317693.847358359490      -95819.947831066340         820.362288025470         541.317334575966         190.877088825241           1.055314603165          -0.024065112164           0.196507427615
2024-01-12-09-59-59.99      207710.520084678748     -315727.257076060865      -95132.635819016388         815.082745380767         551.229937318726         190.959791750053           1.055014194347          -0.025510442039           0.195897377959
2024-01-12-10-59-59.99      210635.207838540315     -313725.012251251086      -94445.060184415663         809.731890937273         561.125506357027         191.023449376328           1.054696077076          -0.026946271724           0.195238303554
2024-01-12-12-00-00.00      213540.504009189288     -311687.173187484324      -93757.290538003159         804.309628260124         571.004612112149         191.067477883655           1.054360333725          -0.028371967293           0.194530079551
2024-01-12-12-59-59.99      216426.151366768434     -309613.798079196014      -93069.398612103658         798.815869848346         580.867856386089         191.091282275785           1.054007052105          -0.029786890477           0.193772575633
2024-01-12-13-59-59.99      219291.892382888647     -307504.942893305852      -92381.458302570303         793.250537409618         590.715875413934         191.094255434624           1.053636325501          -0.031190399130           0.192965655767
2024-01-12-15-00-00.00      222137.469264461048     -305360.661239384266      -91693.545714146516         787.613562173290         600.549343137421         191.075777132955           1.053248252726          -0.032581846528           0.192109177929
2024-01-12-15-59-59.99      224962.623988213716     -303181.004227831727      -91005.739209562089         781.904885261397         610.368974726539         191.035213018114           1.052842938181          -0.033960580664           0.191202993804
2024-01-12-16-59-59.99      227767.098337628762     -300966.020314445486      -90318.119462188697         776.124458121325         620.175530376337         190.971913555616           1.052420491898          -0.035325944638           0.190246948457
2024-01-12-18-00-00.00      230550.633940665575     -298715.755131211947      -89630.769512661514         770.272243016467         629.969819403323         190.885212935380           1.051981029604          -0.036677275895           0.189240879981
2024-01-12-18-59-59.99      233312.972309643548     -296430.251301586046      -88943.774829592701         764.348213556355         639.752704669540         190.774427911607           1.051524672793          -0.038013905424           0.188184619110
2024-01-12-19-59-59.99      236053.854883237393     -294109.548239196651      -88257.223374429610         758.352355319343         649.525107380250         190.638856613039           1.051051548780          -0.039335158071           0.187077988800
2024-01-12-21-00-00.00      238773.023070736555     -291753.681928582198      -87571.205670771102         752.284666528073         659.288012284683         190.477777285549           1.050561790776          -0.040640351666           0.185920803777
2024-01-12-21-59-59.99      241470.218298978987     -289362.684686385328      -86885.814878221005         746.145158820281         669.042473331731         190.290446994342           1.050055537979          -0.041928796121           0.184712870046
2024-01-12-22-59-59.99      244145.182061998261     -286936.584901340539      -86201.146871199147         739.933858070352         678.789619820621         190.076100238671           1.049532935640          -0.043199793620           0.183453984364
2024-01-13-00-00-00.00      246797.655974051857     -284475.406751083501      -85517.300322626543         733.650805330037         688.530663114036         189.833947528417           1.048994135159          -0.044452637615           0.182143933667
2024-01-13-00-59-59.99      249427.381825987250     -281979.169893741549      -84834.376793045143         727.296057845463         698.266903966524         189.563173875389           1.048439294198          -0.045686611778           0.180782494450
2024-01-13-01-59-59.99      252034.101645592687     -279447.889131897886      -84152.480825175124         720.869690188932         707.999740544308         189.262937220437           1.047868576760          -0.046900990027           0.179369432100
2024-01-13-03-00-00.00      254617.557762113982     -276881.574046342692      -83471.720044382135         714.371795498647         717.730677212632         188.932366777002           1.047282153319          -0.048095035355           0.177904500179
2024-01-13-03-59-59.99      257177.492875586642     -274280.228596657340      -82792.205265121680         707.802486859000         727.461334182982         188.570561307035           1.046680200956          -0.049267998579           0.176387439637
2024-01-13-04-59-59.99      259713.650131280941     -271643.850685387210      -82114.050603852011         701.161898811585         737.193458118090         188.176587301881           1.046062903470          -0.050419118156           0.174817977981
2024-01-13-06-00-00.00      262225.773199952790     -268972.431682131137      -81437.373598557417         694.450189034465         746.928933811797         187.749477087252           1.045430451533          -0.051547618766           0.173195828356
2024-01-13-06-59-59.99      264713.606364368112     -266265.955903464695      -80762.295335344897         687.667540189487         756.669797072376         187.288226830354           1.044783042875          -0.052652709810           0.171520688568
2024-01-13-07-59-59.99      267176.894612899574     -263524.400044090406      -80088.940582295661         680.814161975995         766.418248959396         186.791794467649           1.044120882419          -0.053733584922           0.169792240017
2024-01-13-09-00-00.00      269615.383740889258     -260747.732554050745      -79417.437930952510         673.890293403951         776.176671543549         186.259097542308           1.043444182495          -0.054789420234           0.168010146544
2024-01-13-09-59-59.99      272028.820460596820     -257935.912956173735      -78747.919945796006         666.896205309418         785.947645385321         185.689010947886           1.042753163062          -0.055819372512           0.166174053188
2024-01-13-10-59-59.99      274416.952520739695     -255088.891097169486      -78080.523321937144         659.832203157043         795.733968957523         185.080364599925           1.042048051902          -0.056822578263           0.164283584829
2024-01-13-12-00-00.00      276779.528836660495     -252206.606324923021      -77415.389051350387         652.698630154367         805.538680271107         184.431941028955           1.041329084888          -0.057798151555           0.162338344722
2024-01-13-12-59-59.99      279116.299632339273     -249288.986583524878      -76752.662597885967         645.495870726010         815.365081003836         183.742472914036           1.040596506281          -0.058745181646           0.160337912901
2024-01-13-13-59-59.99      281427.016595631314     -246335.947416421928      -76092.494081245110         638.224354395897         825.216763478959         183.010640571614           1.039850568984          -0.059662731532           0.158281844447
2024-01-13-15-00-00.00      283711.433048303530     -243347.390866718313      -75435.038470041152         630.884560130953         835.097640898026         182.235069415063           1.039091534898          -0.060549835134           0.156169667599
2024-01-13-15-59-59.99      285969.304132630641     -240323.204262085463      -74780.455784026446         623.477021236477         845.011981292170         181.414327452114           1.038319675302          -0.061405494214           0.154000881701
2024-01-13-16-59-59.99      288200.387016754830     -237263.258869954734      -74128.911305152564         616.002330836251         854.964445752148         180.546922784488           1.037535271207          -0.062228676122           0.151774954954
2024-01-13-18-00-00.00      290404.441120940435     -234167.408406422706      -73480.575797585057         608.461148105995         864.960131559851         179.631301291587           1.036738613820          -0.063018310071           0.149491321971
2024-01-13-18-59-59.99      292581.228367775504     -231035.487379939965      -72835.625735642971         600.854205293794         875.004621000317         178.665844440398           1.035930005046          -0.063773283029           0.147149381089
2024-01-13-19-59-59.99      294730.513459328969     -227867.309247760044      -72194.243539123709         593.182315716075         885.104036731899         177.648867416409           1.035109757977          -0.064492436293           0.144748491433
2024-01-13-21-00-00.00      296852.064185004216     -224662.664359659975      -71556.617814730853         585.446382877605         895.265104773183         176.578617694252           1.034278197502          -0.065174560428           0.142287969698
2024-01-13-21-59-59.99      298945.651764567767     -221421.317659358727      -70922.943601529842         577.647410883107         905.495226378423         175.453274175703           1.033435660984          -0.065818389637           0.139767086599
2024-01-13-22-59-59.99      301011.051231342775     -218143.006108980742      -70293.422618110548         569.786516401190         915.802560291857         174.270947182881           1.032582498934          -0.066422596580           0.137185062980
2024-01-14-00-00-00.00      303048.041861619684     -214827.435796033242      -69668.263507916141         561.864942446480         926.196117188725         173.029679584335           1.031719075833          -0.066985785305           0.134541065509
2024-01-14-00-59-59.99      305056.407657521311     -211474.278675306967      -69047.682077761958         553.884074313674         936.685868481804         171.727449432920           1.030845771056          -0.067506483288           0.131834201937
2024-01-14-01-59-59.99      307035.937891675043     -208083.168889331078      -68431.901523459455         545.845458081353         947.282872119886         170.362174638248           1.029962979806          -0.067983133563           0.129063515840
2024-01-14-03-00-00.00      308986.427723861416     -204653.698600652278      -67821.152634007522         537.750822214041         957.999418557948         168.931720395630           1.029071114253          -0.068414084521           0.126227980802
2024-01-14-03-59-59.99      310907.678901957755     -201185.413256609580      -67215.673962702960         529.602102855947         968.849200833357         167.433910179803           1.028170604803          -0.068797578293           0.123326493948
2024-01-14-04-59-59.99      312799.500561714056     -197677.806191387324      -66615.711950585013         521.401473633295         979.847513510940         165.866541567752           1.027261901435          -0.069131738595           0.120357868750
2024-01-14-06-00-00.00      314661.710143362929     -194130.312451215752      -66021.520981944908         513.151380908088         991.011486452859         164.227408370945           1.026345475292          -0.069414555476           0.117320827008
2024-01-14-06-59-59.99      316494.134446788172     -190542.301704574667      -65433.363345673730         504.854585753829        1002.360360721542         162.514331274834           1.025421820483          -0.069643867743           0.114213989894
2024-01-14-07-59-59.99      318296.610852113517     -186913.070069763926      -64851.509067101622         496.514214163217        1013.915815855489         160.725199670007           1.024491456023          -0.069817343700           0.111035867932
2024-01-14-09-00-00.00      320068.988738815009     -183241.830654959311      -64276.235563449438         488.133817504610        1025.702360038454         158.858028542310           1.023554928134          -0.069932457429           0.107784849755
2024-01-14-09-59-59.99      321811.131144615239     -179527.702559010329      -63707.827060000236         479.717445747265        1037.747797836595         156.911035472956           1.022612812872          -0.069986461036           0.104459189491
2024-01-14-10-59-59.99      323522.916715780098     -175769.698021444463      -63146.573682738672         471.269736788813        1050.083794112327         154.882744865436           1.021665719024          -0.069976353082           0.101056992560
2024-01-14-12-00-00.00      325204.242014269170     -171966.707334265753      -62592.770112728911         462.796026132220        1062.746558223500         152.772128853129           1.020714291557          -0.069898839921           0.097576199690
2024-01-14-12-59-59.99      326855.024264645122     -168117.481028814160      -62046.713647714168         454.302482663424        1075.777679448436         150.578798531775           1.019759215590          -0.069750289646           0.094014568882
2024-01-14-13-59-59.99      328475.204647681909     -164220.608723537589      -61508.701457772411         445.796278026470        1089.225154363848         148.303264111162           1.018801220907          -0.069526677978           0.090369655069
2024-01-14-15-00-00.00      330064.752279015316     -160274.493849823863      -60979.026741761649         437.285799792299        1103.144659637265         145.947290714577           1.017841087343          -0.069223521607           0.086638787175
2024-01-14-15-59-59.99      331623.669054088648     -156277.323250488756      -60457.973375675312         428.780922207569        1117.601141566803         143.514387814216           1.016879651104          -0.068835797109           0.082819042282
2024-01-14-16-59-59.99      333151.995598948502     -152227.030346485612      -59945.808479090345         420.293353585610        1132.670817950026         141.010487757386           1.015917812156          -0.068357842598           0.078907216620
2024-01-14-18-00-00.00      334649.818647945067     -148121.250166013342      -59442.772081809409         411.837086759021        1148.443722629347         138.444894187489           1.014956543150          -0.067783234705           0.074899793190
2024-01-14-18-59-59.99      336117.280282631807     -143957.263977418392      -58949.062716896005         403.428990077721        1165.026971181238         135.831621480251           1.013996900161          -0.067104634941           0.070792905964
2024-01-14-19-59-59.99      337554.589628584683     -139731.930508023244      -58464.817225902734         395.089592561088        1182.548996279440         133.191307895447           1.013040035630          -0.066313596929           0.066582300963
2024-01-14-21-00-00.00      338962.037840711942     -135441.599665214482      -57990.082241417229         386.844141355078        1201.165102095748         130.553984076535           1.012087214387          -0.065400319062           0.062263295114
2024-01-14-21-59-59.99      340340.017551869969     -131082.003169192903      -57524.773532954983         378.724047280068        1221.064835377537         127.963138778696           1.011139833560          -0.064353325047           0.057830734987
2024-01-14-22-59-59.99      341689.048474451352     -126648.114345402049      -57068.617373861765         370.768893220228        1242.481890850098         125.481789794995           1.010199447564          -0.063159046871           0.053278959621
2024-01-15-00-00-00.00      343009.811629963981     -122133.966188379884      -56621.064796523635         363.029274411685        1265.707598024724         123.201720882002           1.009267800211          -0.061801269499           0.048601775624
2024-01-15-00-59-59.99      344303.195904509572     -117532.412207496513      -56181.164134592080         355.570893784248        1291.109532363923         121.257837031098           1.008346866533          -0.060260381483           0.043792460071
2024-01-15-01-59-59.99      345570.362574548228     -112834.807759135554      -55747.367914120776         348.480592961143        1319.157538699136         119.851014991432           1.007438908297          -0.058512346814           0.038843820618
2024-01-15-03-00-00.00      346812.836617605877     -108030.579479718115      -55317.233734045352         341.875439401534        1350.460551855090         119.285473959415           1.006546549709          -0.056527263950           0.033748369055
2024-01-15-03-59-59.99      348032.638907885645     -103106.635636703708      -54886.948932019775         335.916757278316        1385.819119104346         120.031788100968           1.005672883358          -0.054267306026           0.028498717848
2024-01-15-04-59-59.99      349232.482402971946      -98046.549397417490      -54450.552618489201         330.832347326292        1426.300267383487         122.836842461691           1.004821623272          -0.051683711748           0.023088418568
2024-01-15-06-00-00.00      350416.071030570893      -92829.421317019252      -53998.618648847500         326.952542289690        1473.341871017863         128.923155190016           1.003997334947          -0.048712286503           0.017513694470
2024-01-15-06-59-59.99      351588.567051821388      -87428.309918967992      -53515.939204024071         324.769815304156        1528.886689953713         140.365357291068           1.003205796762          -0.045266540831           0.011777038931
2024-01-15-07-59-59.99      352757.337704371079      -81808.171968964540      -52977.276731823491         325.037360697023        1595.506905245206         160.831134684308           1.002454598397          -0.041227104767           0.005894860882
2024-01-15-09-00-00.00      353933.153257763304      -75923.628948142330      -52339.240414956046         328.922959863435        1676.311866584415         197.086583881343           1.001754192005          -0.036425646784          -0.000085714297
2024-01-15-09-59-59.99      355132.010962407861      -69718.557965669796      -51524.275815900153         338.185529219061        1773.766590561991         262.032264002906           1.001119848533          -0.030622939038          -0.006048625833
2024-01-15-10-59-59.99      356377.200570513902      -63136.125662635663      -50389.762289671344         355.002820875404        1884.140838871781         379.896020778601           1.000575407593          -0.023492998898          -0.011721266290
2024-01-15-12-00-00.00      357697.720778032206      -56169.464612047428      -48680.713197569181         379.559236200503        1978.447680318204         587.576252992548           1.000159746021          -0.014685291040          -0.016495224106
2024-01-15-12-59-59.99      359107.620304101962      -49011.320801813781      -46034.844187434377         401.444062788174        1972.018421692908         893.740586594541           0.999931071921          -0.004197986547          -0.019247279141
2024-01-15-13-59-59.99      360556.814427392615      -42187.028710306855      -42266.376447980838         398.184296986818        1793.704410152802        1181.297790692112           0.999942618907           0.006924164131          -0.018856608582
2024-01-15-15-00-00.00      361941.900503330864      -36183.808701651869      -37719.319758112855         368.553958013305        1542.565366247412        1318.472153932877           1.000187863245           0.017034739062          -0.015534265216
2024-01-15-15-59-59.99      363202.686763735313      -31020.540193796889      -32916.556117376407         331.980780182646        1337.259301598889        1336.775820036370           1.000609636071           0.025400335794          -0.010523359172
2024-01-15-16-59-59.99      364336.426443641190      -26477.920549360319      -28150.672398501149         298.680932920826        1195.752498745837        1306.835755963413           1.001153581206           0.032173888244          -0.004813600356
2024-01-15-18-00-00.00      365358.982808320376      -22356.148556434546      -23522.121544245063         270.150494360142        1100.209260729347        1263.862975691641           1.001783959987           0.037713250475           0.001095846343
2024-01-15-18-59-59.99      366286.225922004553      -18521.370512473273      -19051.194626198612         245.549851568435        1034.079344589423        1220.353268662649           1.002478356551           0.042320273083           0.006984485319
2024-01-15-19-59-59.99      367130.436030646437      -14888.405714128325      -14731.598303605932         223.869933036567         986.729435812646        1180.073234019124           1.003222037483           0.046212665722           0.012758557853
2024-01-15-21-00-00.00      367900.652046910021      -11402.220096382171      -10549.822868707144         204.333224320678         951.708478425818        1143.802554158086           1.004004716344           0.049543884153           0.018380393464
2024-01-15-21-59-59.99      368603.540847103286       -8026.118214827202       -6491.621203901110         186.389979547328         925.056347876892        1111.356790495146           1.004818821170           0.052423510036           0.023837591620
2024-01-15-22-59-59.99      369244.106789756042       -4734.811287971060       -2544.004733100624         169.656174511988         904.268082529546        1082.284970745498           1.005658535807           0.054931586452           0.029129308849
2024-01-16-00-00-00.00      369826.188371438009       -1510.337607955700        1304.301030149634         153.860756018124         887.705720488398        1056.106910496695           1.006519239968           0.057127998284           0.034259930704
2024-01-16-00-59-59.99      370352.794623192633        1660.401271410499        5062.913691674357         138.809035691107         874.263797611595        1032.388249835371           1.007397164063           0.059058572710           0.039236055291
2024-01-16-01-59-59.99      370826.333399550756        4787.176276658536        8739.999943622581         124.358478034946         863.174515356116        1010.757902935753           1.008289165930           0.060759103505           0.044065025754
2024-01-16-03-00-00.00      371248.768470447627        7877.418647785837       12342.502336898990         110.402765729515         853.890800190328         990.905773305424           1.009192580257           0.062258063473           0.048754214852
2024-01-16-03-59-59.99      371621.729564678506       10936.874243171484       15876.344950227704          96.861203429906         846.013937145536         972.574637003664           1.010105113344           0.063578473434           0.053310685538
2024-01-16-04-59-59.99      371946.590900221607       13970.048631533997       19346.607562515936          83.671557547643         839.247469412954         955.551225257344           1.011024767324           0.064739217179           0.057741043130
2024-01-16-06-00-00.00      372224.528243270412       16980.517216067470       22757.669059823533          70.785130949544         833.367033790801         939.658187543937           1.011949784098           0.065755987138           0.062051385779
2024-01-16-06-59-59.99      372456.561072298733       19971.146018802607       26113.324212766118          58.163313760665         828.200135538142         924.747352188664           1.012878602942           0.066641976704           0.066247304806
2024-01-16-07-59-59.99      372643.584225909086       22944.251928272355       29416.878505328670          45.775126068321         823.612283649614         910.694248358640           1.013809827829           0.067408394762           0.070333909361
2024-01-16-09-00-00.00      372786.392000124732       25901.721047937594       32671.225252984197          33.595438617661         819.497293380674         897.393711694751           1.014742201777           0.068064855673           0.074315861825
2024-01-16-09-59-59.99      372885.696738831524       28845.097481512301       35878.908552737827          21.603664890705         815.770378579923         884.756375332383           1.015674586416           0.068619678476           0.078197416713
2024-01-16-10-59-59.99      372942.143348847050       31775.650891541860       39042.174921390608           9.782786121038         812.363148918073         872.705867221458           1.016605945515           0.069080118366           0.081982459348
2024-01-16-12-00-00.00      372956.320757968351       34694.428572514626       42163.015888021160          -1.881384969511         809.219931472907         861.176565284138           1.017535331516           0.069452549572           0.085674542432
2024-01-16-12-59-59.99      372928.771051225252       37602.296061482513       45243.203327455827         -13.400766828097         806.295028375550         850.111791794617           1.018461874401           0.069742610767           0.089276919698
2024-01-16-13-59-59.99      372859.996823159454       40499.969150751764       48284.318940368874         -24.785443848333         803.550646233659         839.462353591597           1.019384772450           0.069955320772           0.092792576381
2024-01-16-15-00-00.00      372750.467144813330       43388.039371941923       51287.778989166654         -36.044005769625         800.955314413228         829.185355492847           1.020303284444           0.070095173193           0.096224256545
2024-01-16-15-59-59.99      372600.622444284963       46266.994466870943       54254.855166844201         -47.183815153270         798.482663724915         819.243230292108           1.021216723048           0.070166213790           0.099574487454
2024-01-16-16-59-59.99      372410.878527540306       49137.234968570869       57186.692296599416         -58.211220002688         796.110473914189         809.602941480062           1.022124449202           0.070172103152           0.102845601239
2024-01-16-18-00-00.00      372181.629912919889       51999.087735300680       60084.323418751970         -69.131724191649         793.819923981425         800.235324149339           1.023025867265           0.070116169612           0.106039754128
2024-01-16-18-59-59.99      371913.252613621822       54852.817076138439       62948.682712731119         -79.950125091525         791.594997036212         791.114537282564           1.023920420822           0.070001453465           0.109158943519
2024-01-16-19-59-59.99      371606.106472802756       57698.633957321828       65780.616615103412         -90.670625503696         789.422004068849         782.217606188037           1.024807589064           0.069830743107           0.112205023120
2024-01-16-21-00-00.00      371260.537133720529       60536.703667096241       68580.893427134099        -101.296925279571         787.289200004224         773.524038377734           1.025686883599           0.069606606514           0.115179716415
2024-01-16-21-59-59.99      370876.877710152708       63367.152233787689       71350.211650955622        -111.832296797210         785.186472048544         765.015499459246           1.026557845647           0.069331418039           0.118084628635
2024-01-16-22-59-59.99      370455.450209316215       66190.071828389366       74089.207250957188        -122.279647473718         783.105085015486         756.675538486396           1.027420043601           0.069007380281           0.120921257426
2024-01-17-00-00-00.00      369996.566749172518       69005.525335044702       76798.460002119478        -132.641571835821         781.037471979779         748.489354129781           1.028273070830           0.068636543804           0.123691002360
2024-01-17-00-59-59.99      369500.530604145664       71813.550235358940       79478.499059736598        -142.920395090023         778.977061149989         740.443594830621           1.029116543732           0.068220824186           0.126395173451
2024-01-17-01-59-59.99      368967.637106746202       74614.161924194603       82129.807861779700        -153.118209786772         776.918132000401         732.526187201291           1.029950100021           0.067762015758           0.129034998765
2024-01-17-03-00-00.00      368398.174427936028       77407.356551229095       84752.828457963144        -163.236906768672         774.855695006230         724.726188246416           1.030773397165           0.067261804512           0.131611631254
2024-01-17-03-59-59.99      367792.424254684302       80193.113465726754       87347.965343445074        -173.278201437582         772.785390706840         717.033657521329           1.031586110982           0.066721779409           0.134126154902
2024-01-17-04-59-59.99      367150.662380223628       82971.397327246363       89915.588863662968        -183.243656122764         770.703404571482         709.439546197150           1.032387934405           0.066143441260           0.136579590246
2024-01-17-06-00-00.00      366473.159219850437       85742.159933934337       92456.038246434502        -193.134699194064         768.606394870192         701.935600485598           1.033178576332           0.065528211499           0.138972899361
2024-01-17-06-59-59.99      365760.180262854148       88505.341811406601       94969.624308703991        -202.952641470696         766.491431361161         694.514277244782           1.033957760592           0.064877439973           0.141306990372
2024-01-17-07-59-59.99      365011.986469707103       91260.873597293452       97456.631879011300        -212.698690332725         764.355942918284         687.168670061425           1.034725225024           0.064192410789           0.143582721517
2024-01-17-09-00-00.00      364228.834621976595       94008.677251251342       99917.321970272547        -222.373961906642         762.197672660697         679.892444285165           1.035480720614           0.063474348496           0.145800904850
2024-01-17-09-59-59.99      363410.977631348826       96748.667115164353      102351.933732835620        -231.979491627219         760.014639395863         672.679779756911           1.036224010711           0.062724423614           0.147962309589
2024-01-17-10-59-59.99      362558.664813267242       99480.750844208538      104760.686213786234        -241.516243396047         757.805104328792         665.525320228604           1.036954870326           0.061943756548           0.150067665165
2024-01-17-12-00-00.00      361672.142129764485      102204.830226404621      107143.779944743612        -250.985117561005         755.567542267155         658.424128541169           1.037673085472           0.061133422068           0.152117663996
2024-01-17-12-59-59.99      360751.652405418979      104920.801905593748      109501.398377493271        -260.386957884838         753.300616637283         651.371646811799           1.038378452558           0.060294453366           0.154112964022
2024-01-17-13-59-59.99      359797.435519879509      107628.558020343567      111833.709184422449        -269.722557631047         751.003157711214         644.363661011155           1.039070777842           0.059427844674           0.156054191010
2024-01-17-15-00-00.00      358809.728579812916      110327.986769694020      114140.865438377441        -278.992664918312         748.674143639857         637.396269330276           1.039749876917           0.058534554616           0.157941940667
2024-01-17-15-59-59.99      357788.766072772851      113018.972914987040      116423.006684795546        -288.197987415635         746.312683828499         630.465853912137           1.040415574233           0.057615509264           0.159776780577
2024-01-17-16-59-59.99      356734.780005217413      115701.398225555211      118680.259917526651        -297.339196491456         743.918004378293         623.569055503616           1.041067702670           0.056671603882           0.161559251968
2024-01-17-18-00-00.00      355648.000026497466      118375.141875220404      120912.740468147385        -306.416930864956         741.489435257873         616.702750710283           1.041706103125           0.055703705495           0.163289871338
2024-01-17-18-59-59.99      354528.653540389554      121040.080795592075      123120.552817481061        -315.431799855637         739.026399037318         609.864031507280           1.042330624131           0.054712655266           0.164969131952
2024-01-17-19-59-59.99      353376.965805689222      123696.089991062006      125303.791337173054        -324.384386254762         736.528400917600         603.050186783602           1.042941121515           0.053699269619           0.166597505209
2024-01-17-21-00-00.00      352193.160027015372      126343.042820108065      127462.540968052766        -333.275248883004         733.995019922166         596.258685666057           1.043537458067           0.052664342269           0.168175441905
2024-01-17-21-59-59.99      350977.457436922879      128980.811246728816      129596.877841379523        -342.104924865943         731.425901086467         589.487162433109           1.044119503230           0.051608646114           0.169703373401
2024-01-17-22-59-59.99      349730.077370285348      131609.266065352713      131706.869848379400        -350.873931670765         728.820748536418         582.733402835666           1.044687132822           0.050532933922           0.171181712689
2024-01-18-00-00-00.00      348451.237331711047      134228.277102298947      133792.577162824105        -359.582768921842         726.179319323309         575.995331682382           1.045240228766           0.049437939982           0.172610855384
2024-01-18-00-59-59.99      347141.153056826850      136837.713396180276      135854.052721018001        -368.231920031947         723.501417941210         569.271001546497           1.045778678837           0.048324381631           0.173991180638
2024-01-18-01-59-59.99      345800.038567917014      139437.443359799334      137891.342662921961        -376.821853666311         720.786891435595         562.558582478729           1.046302376435           0.047192959650           0.175323051980
2024-01-18-03-00-00.00      344428.106224625430      142027.334925277188      139904.486737939791        -385.353025063122         718.035625038002         555.856352621012           1.046811220356           0.046044359613           0.176606818096
2024-01-18-03-59-59.99      343025.566770098987      144607.255674387183      141893.518678368855        -393.825877225229         715.247538261014         549.162689629036           1.047305114591           0.044879253179           0.177842813554
2024-01-18-04-59-59.99      341592.629373058735      147177.072955560114      143858.466543312010        -402.240842003607         712.422581408854         542.476062819299           1.047783968132           0.043698298246           0.179031359462
2024-01-18-06-00-00.00      340129.501666149008      149736.653988998703      145799.353035512526        -410.598341077059         709.560732441355         535.795025972894           1.048247694784           0.042502140105           0.180172764093
2024-01-18-06-59-59.99      338636.389780922735      152285.865961086209      147716.195793365419        -418.898786852883         706.661994173391         529.118210724451           1.048696212999           0.041291412534           0.181267323451
2024-01-18-07-59-59.99      337113.498379701923      154824.576109277812      149609.007660091331        -427.142583288496         703.726391756645         522.444320484213           1.049129445706           0.040066737792           0.182315321802
2024-01-18-09-00-00.00      335561.030684648314      157352.651798324514      151477.796931925841        -435.330126650331         700.753970424788         515.772124839385           1.049547320162           0.038828727612           0.183317032159
2024-01-18-09-59-59.99      333979.188504130580      159869.960588928399      153322.567586923309        -443.461806208713         697.744793460874         509.100454391374           1.049949767808           0.037577984165           0.184272716742
2024-01-18-10-59-59.99      332368.172256766818      162376.370299328002      155143.319495921111        -451.538004890071         694.698940385039         502.428195984609           1.050336724128           0.036315099918           0.185182627390
2024-01-18-12-00-00.00      330728.180993135378      164871.749060804170      156940.048616962129        -459.559099878061         691.616505318558         495.754288293948           1.050708128520           0.035040658523           0.186047005948
2024-01-18-12-59-59.99      329059.412415480067      167355.965367475379      158712.747174439515        -467.525463180990         688.497595522599         489.077717735343           1.051063924177           0.033755235663           0.186866084633
2024-01-18-14-00-00.00      327362.062895268144      169828.888121346972      160461.403824034991        -475.437462157371         685.342330075876         482.397514670640           1.051404057965           0.032459398830           0.187640086354
2024-01-18-15-00-00.00      325636.327489088173      172290.386672563269      162186.003804546606        -483.295460026420         682.150838706286         475.712749878058           1.051728480315           0.031153708113           0.188369225027
2024-01-18-15-59-59.99      323882.399952774693      174740.330855782289      163886.529077249026        -491.099816344497         678.923260728840         469.022531265951           1.052037145126           0.029838716978           0.189053705850
2024-01-18-17-00-00.00      322100.472753534967      177178.591023117828      165562.958454194682        -498.850887465605         675.659744101205         462.326000803833           1.052330009653           0.028514971966           0.189693725563
2024-01-18-18-00-00.00      320290.737080841267      179605.038073565083      167215.267715471389        -506.549026988722         672.360444579574         455.622331653991           1.052607034420           0.027183013421           0.190289472687
2024-01-18-18-59-59.99      318453.382855522214      182019.543479727843      168843.429716638988        -514.194586190509         669.025524963304         448.910725482652           1.052868183138           0.025843376207           0.190841127743
2024-01-18-20-00-00.00      316588.598737335880      184421.979311969160      170447.414486751222        -521.787914455270         665.655154430625         442.190409934788           1.053113422609           0.024496589352           0.191348863447
2024-01-18-21-00-00.00      314696.572131032124      186812.218260274181      172027.189317561453        -529.329359698079         662.249507948935         435.460636258245           1.053342722649           0.023143176732           0.191812844893
2024-01-18-21-59-59.99      312777.489190879336      189190.133654145058      173582.718844418618        -536.819268781153         658.808765750789         428.720677062543           1.053556056024           0.021783657738           0.192233229723
2024-01-18-23-00-00.00      310831.534823712311      191555.599480700912      175113.965119323198        -544.257987936462         655.333112883418         421.969824200490           1.053753398360           0.020418546883           0.192610168266
2024-01-19-00-00-00.00      308858.892690428474      193908.490401303570      176620.887676555954        -551.645863187954         651.822738815088         415.207386760341           1.053934728085           0.019048354448           0.192943803676
2024-01-19-00-59-59.99      306859.745205976302      196248.681766840396      178103.443591263320        -558.983240780113         648.277837098825         408.432689158216           1.054100026370           0.017673587116           0.193234272051
2024-01-19-02-00-00.00      304834.273537773348      198576.049631909613      179561.587531340483        -566.270467612356         644.698605085817         401.645069319853           1.054249277055           0.016294747555           0.193481702537
2024-01-19-03-00-00.00      302782.657602540043      200890.470768063533      180995.271802916308        -573.507891688706         641.085243692689         394.843876943367           1.054382466597           0.014912335033           0.193686217415
2024-01-19-03-59-59.99      300705.076061527710      203191.822676252719      182404.446389710647        -580.695862571029         637.437957202136         388.028471831411           1.054499584025           0.013526846032           0.193847932183
2024-01-19-05-00-00.00      298601.706314045819      205479.983598679624      183789.058986505697        -587.834731856864         633.756953115975         381.198222286982           1.054600620872           0.012138773806           0.193966955619
2024-01-19-06-00-00.00      296472.724489239510      207754.832530188258      185149.055026944698        -594.924853673537         630.042442044597         374.352503563165           1.054685571131           0.010748608986           0.194043389832
2024-01-19-06-59-59.99      294318.305436094059      210016.249229275010      186484.377705825929        -601.966585191101         626.294637630620         367.490696358995           1.054754431227           0.009356840173           0.194077330306
2024-01-19-08-00-00.00      292138.622711483156      212264.114228965336      187794.967996068328        -608.960287163602         622.513756513092         360.612185355319           1.054807199945           0.007963953489           0.194068865924
2024-01-19-09-00-00.00      289933.848566274741      214498.308847562002      189080.764660456451        -615.906324495363         618.700018323458         353.716357783226           1.054843878407           0.006570433167           0.194018078984
2024-01-19-09-59-59.99      287704.153929316788      216718.715199471102      190341.704258287005        -622.805066839311         614.853645717234         346.802602019288           1.054864470042           0.005176762140           0.193925045213
2024-01-19-11-00-00.00      285449.708389220992      218925.216206189798      191577.721146994270        -629.656889226754         610.974864436681         339.870306200736           1.054868980526           0.003783421586           0.193789833747
2024-01-19-12-00-00.00      283170.680173806730      221117.695607586415      192788.747478820325        -636.462172736666         607.063903408788         332.918856856347           1.054857417764           0.002390891514           0.193612507121
2024-01-19-12-59-59.99      280867.236127069453      223296.037973584665      193974.713192573225        -643.221305202789         603.120994872721         325.947637545401           1.054829791872           0.000999651350           0.193393121239
2024-01-19-14-00-00.00      278539.541683523858      225460.128716365958      195135.546000492730        -649.934681964921         599.146374538877         318.956027499634           1.054786115120          -0.000389820508           0.193131725329
2024-01-19-15-00-00.00      276187.760839756054      227609.854103199672      196271.171370224300        -656.602706667165         595.140281777752         311.943400261391           1.054726401921          -0.001777046111           0.192828361890
2024-01-19-15-59-59.99      273812.056123026181      229745.101269995299      197381.512501864578        -663.225792111321         591.102959841463         304.909122313505           1.054650668820          -0.003161547358           0.192483066632
2024-01-19-17-00-00.00      271412.588556664821      231865.758235731133      198466.490300066391        -669.804361165379         587.034656113493         297.852551691653           1.054558934447          -0.004542846443           0.192095868390
2024-01-19-18-00-00.00      268989.517622101877      233971.713917826070      199526.023341099848        -676.338847735624         582.935622389546         290.773036574284           1.054451219505          -0.005920465252           0.191666789038
2024-01-19-18-59-59.99      266543.001217302692      236062.858148554689      200560.027834769920        -682.829697807575         578.806115189390         283.669913843105           1.054327546778          -0.007293924762           0.191195843389
2024-01-19-19-59-59.99      264073.195611249947      238139.081692701468      201568.417581131740        -689.277370562557         574.646396101665         276.542507607115           1.054187941075          -0.008662745466           0.190683039075
2024-01-19-21-00-00.00      261580.255394360458      240200.276266435743      202551.103921756177        -695.682339579618         570.456732164059         269.390127686233           1.054032429238          -0.010026446749           0.190128376413
2024-01-19-21-59-59.99      259064.333424322482      242246.334557693248      203507.995685506961        -702.045094125809         566.237396277846         262.212068043910           1.053861040148          -0.011384546278           0.189531848272
2024-01-19-22-59-59.99      256525.580767160020      244277.150248077553      204438.999128546187        -708.366140537923         561.988667654091         255.007605158913           1.053673804678          -0.012736560387           0.188893439903
2024-01-20-00-00-00.00      253964.146633136523      246292.618036436761      205344.017868361581        -714.646003724984         557.710832308855         247.775996341445           1.053470755707          -0.014082003441           0.188213128768
2024-01-20-00-59-59.99      251380.178306994407      248292.633664327237      206222.952811638504        -720.885228770301         553.404183586435         240.516477964923           1.053251928133          -0.015420387186           0.187490884353
2024-01-20-01-59-59.99      248773.821072296967      250277.093943372398      207075.702075551642        -727.084382683203         549.069022740330         233.228263631796           1.053017358831          -0.016751221106           0.186726667952
2024-01-20-03-00-00.00      246145.218129111396      252245.896784862969      207902.160902369069        -733.244056261784         544.705659539385         225.910542227056           1.052767086674          -0.018074011748           0.185920432448
2024-01-20-03-59-59.99      243494.510504784004      254198.941231578006      208702.221566816879        -739.364866136674         540.314412939982         218.562475890064           1.052501152554          -0.019388262030           0.185072122066
2024-01-20-04-59-59.99      240821.836957008491      256136.127492145548      209475.773275983491        -745.447456960482         535.895611793401         211.183197855822           1.052219599345          -0.020693471552           0.184181672105
2024-01-20-06-00-00.00      238127.333868764341      258057.356977998832      210222.702061160729        -751.492503800692         531.449595618118         203.771810184922           1.051922471928          -0.021989135875           0.183249008652
2024-01-20-06-59-59.99      235411.135134387383      259962.532343163097      210942.890661139420        -757.500714714009         526.976715414880         196.327381337314           1.051609817227          -0.023274745769           0.182274048278
2024-01-20-07-59-59.99      232673.372035039269      261851.557527576078      211636.218397476623        -763.472833570779         522.477334563859         188.848943604795           1.051281684169          -0.024549787466           0.181256697700
2024-01-20-09-00-00.00      229914.173105565511      263724.337802703260      212302.561038154847        -769.409643096770         517.951829759791         181.335490365627           1.050938123725          -0.025813741867           0.180196853420
2024-01-20-09-59-59.99      227133.663987853361      265580.779821742617      212941.790653152915        -775.311968218010         513.400592047036         173.785973160241           1.050579188946          -0.027066083725           0.179094401343
2024-01-20-10-59-59.99      224331.967272772425      267420.791673072090      213553.775457954849        -781.180679675834         508.824027908732         166.199298543111           1.050204934935          -0.028306281815           0.177949216358
2024-01-20-12-00-00.00      221509.202328109473      269244.282937992655      214138.379645703128        -787.016697999754         504.222560455468         158.574324727190           1.049815418894          -0.029533798045           0.176761161889
2024-01-20-12-59-59.99      218665.485111717047      271051.164752812008      214695.463206686021        -792.820997832750         499.596630695310         150.909857964953           1.049410700172          -0.030748086554           0.175530089417
2024-01-20-13-59-59.99      215800.927968264819      272841.349875735119      215224.881734400813        -798.594612672089         494.946698906373         143.204648660071           1.048990840238          -0.031948593761           0.174255837955
2024-01-20-15-00-00.00      212915.639408207993      274614.752758839808      215726.486216999008        -804.338640056999         490.273246112337         135.457387169047           1.048555902744          -0.033134757372           0.172938233494
2024-01-20-15-59-59.99      210009.723867097957      276371.289625614067      216200.122813112248        -810.054247269705         485.576775678104         127.666699275416           1.048105953574          -0.034306005342           0.171577088401
2024-01-20-16-59-59.99      207083.281443453132      278110.878554423980      216645.632610649773        -815.742677589632         480.857815026644         119.831141283411           1.047641060839          -0.035461755779           0.170172200771
2024-01-20-18-00-00.00      204136.407612943352      279833.439568433794      217062.851367268624        -821.405257182869         476.116917496337         111.949194707544           1.047161294936          -0.036601415800           0.168723353729
2024-01-20-18-59-59.99      201169.192916592408      281538.894732449844      217451.609230856353        -827.043402687823         471.354664345161         104.019260499680           1.046666728619          -0.037724380316           0.167230314680
2024-01-20-19-59-59.99      198181.722620231099      283227.168257294514      217811.730438390077        -832.658629594754         466.571666921738          96.039652777513           1.046157436997          -0.038830031747           0.165692834496
2024-01-20-21-00-00.00      195174.076342227374      284898.186612310179      218143.032991224871        -838.252561510955         461.768569016651          88.008591994463           1.045633497609          -0.039917738663           0.164110646642
2024-01-20-21-59-59.99      192146.327646163612      286551.878646658792      218445.328304624156        -843.826940410087         456.946049408010          79.924197473918           1.045094990509          -0.040986854338           0.162483466233
2024-01-20-22-59-59.99      189098.543594505347      288188.175720218453      218718.420829349634        -849.383638026892         452.104824633172          71.784479280618           1.044541998271          -0.042036716205           0.160810989011
2024-01-21-00-00-00.00      186030.784259195672      289807.011844819877      218962.107642410381        -854.924668493926         447.245651991883          63.587329291624           1.043974606084          -0.043066644205           0.159092890236
2024-01-21-00-59-59.99      182943.102184068586      291408.323836820433      219176.178004339861        -860.452202430654         442.369332820613          55.330511430363           1.043392901849          -0.044075939026           0.157328823501
2024-01-21-01-59-59.99      179835.541793726879      292992.051481960516      219360.412879568757        -865.968582660449         437.476716058601          47.011650943912           1.042796976199          -0.045063881193           0.155518419420
2024-01-21-03-00-00.00      176708.138742624462      294558.137713620323      219514.584416233876        -871.476341768895         432.568702134381          38.628222593926           1.042186922612          -0.046029729024           0.153661284236
2024-01-21-03-59-59.99      173560.919197148469      296106.528805718641      219638.455381455045        -876.978221786004         427.646247213113          30.177537663650           1.041562837526          -0.046972716416           0.151756998283
2024-01-21-04-59-59.99      170393.899042635312      297637.174581594649      219731.778547406720        -882.477196275730         422.710367838254          21.656729607268           1.040924820381          -0.047892051442           0.149805114330
2024-01-21-06-00-00.00      167207.083006001543      299150.028640375589      219794.296023042640        -887.976495196798         417.762146013209          13.062738189536           1.040272973747          -0.048786913736           0.147805155768
2024-01-21-06-59-59.99      164000.463683265843      300645.048602505994      219825.738525739376        -893.479632938170         412.802734770222           4.392291905998           1.039607403467          -0.049656451656           0.145756614643
2024-01-21-07-59-59.99      160774.020459698222      302122.196376277367      219825.824586268543        -898.990440029846         407.833364282963          -4.358111511242           1.038928218719          -0.050499780155           0.143658949498
2024-01-21-09-00-00.00      157527.718308400363      303581.438447439868      219794.259679657232        -904.513099077186         402.855348581756         -13.192226797999           1.038235532173          -0.051315977374           0.141511583022
2024-01-21-09-59-59.99      154261.506450873654      305022.746194170439      219730.735273612576        -910.052185636385         397.870092943813         -22.114085290719           1.037529460161          -0.052104080876           0.139313899475
2024-01-21-10-59-59.99      150975.316860384744      306446.096229977440      219634.927785139938        -915.612714779679         392.879102033364         -31.128021928562           1.036810122768          -0.052863084491           0.137065241860
2024-01-21-12-00-00.00      147669.062586036016      307851.470777392446      219506.497434220568        -921.200194362008         387.883988880438         -40.238705407663           1.036077644025          -0.053591933708           0.134764908820
2024-01-21-12-59-59.99      144342.635871308215      309238.858075634518      219345.086982651876        -926.820686097224         382.886484796105         -49.451172016868           1.035332152112          -0.054289520576           0.132412151229
2024-01-21-13-59-59.99      140995.906036680943      310608.252825820644      219150.320343589061        -932.480875837993         377.888450332338         -58.770863640077           1.034573779491          -0.054954678974           0.130006168423
2024-01-21-15-00-00.00      137628.717090208927      311959.656677690451      218921.801045939501        -938.188154717687         372.891887408438         -68.203670544270           1.033802663138          -0.055586178238           0.127546104050
2024-01-21-15-59-59.99      134240.885023485753      313293.078762285179      218659.110535035812        -943.950713167481         367.898952737813         -77.755979665620           1.033018944799          -0.056182715989           0.125031041477
2024-01-21-16-59-59.99      130832.194742374006      314608.536275526159      218361.806288321153        -949.777650261988         362.911972702610         -87.434729226694           1.032222771168          -0.056742911025           0.122459998695
2024-01-21-18-00-00.00      127402.396572079713      315906.055118185177      218029.419721606624        -955.679101386833         357.933459840984         -97.247470696602           1.031414294180          -0.057265294172           0.119831922664
2024-01-21-18-59-59.99      123951.202264200881      317185.670598364435      217661.453857413493        -961.666387952383         352.966131111846        -107.202439158328           1.030593671327          -0.057748297883           0.117145683021
2024-01-21-19-59-59.99      120478.280418459748      318447.428203214717      217257.380722726870        -967.752193695783         348.012928128733        -117.308633535341           1.029761065908          -0.058190245340           0.114400065058
2024-01-21-21-00-00.00      116983.251213494455      319691.384447305347      216816.638437978341        -973.950773294657         343.077039539599        -127.575908183054           1.028916647395          -0.058589336842           0.111593761877
2024-01-21-21-59-59.99      113465.680318052036      320917.607805696898      216338.627953024959        -980.278200409304         338.161925738981        -138.015077788047           1.028060591843          -0.058943634147           0.108725365602
2024-01-21-22-59-59.99      109925.071825083389      322126.179740420950      215822.709378256695        -986.752664175204         333.271346050748        -148.638037672251           1.027193082227          -0.059251043303           0.105793357503
2024-01-22-00-00-00.00      106360.860014545688      323317.195829415810      215268.197851114499        -993.394825537046         328.409388511258        -159.457902275764           1.026314308925          -0.059509293578           0.102796096891
2024-01-22-00-59-59.99      102772.399704317737      324490.767007383693      214674.358866911731       -1000.228248080271         323.580502223379        -170.489164638535           1.025424470248          -0.059715912826           0.099731808586
2024-01-22-01-59-59.99       99158.954888557666      325647.020927579026      214040.402992263524       -1007.279922167482         318.789532151310        -181.747880622275           1.024523772920          -0.059868199497           0.096598568739
2024-01-22-03-00-00.00       95519.685285466985      326786.103452632145      213365.479864836147       -1014.580906890420         314.041755900789        -193.251881873047           1.023612432727          -0.059963188408           0.093394288779
2024-01-22-03-59-59.99       91853.630315172049      327908.180280097818      212648.671367798379       -1022.167121947930         309.342921623360        -205.021022358487           1.022690675234          -0.059997610032           0.090116697173
2024-01-22-04-59-59.99       88159.689895083095      329013.438704250730      211888.983848306059       -1030.080331981414         304.699285391765        -217.077463536271           1.021758736499          -0.059967842694           0.086763318675
2024-01-22-06-00-00.00       84436.601262564407      330102.089507528348      211085.339231462422       -1038.369380226987         300.117645335240        -229.446004122537           1.020816863985          -0.059869853771           0.083331450686
2024-01-22-06-59-59.99       80682.910796064942      331174.368962456530      210236.564858195954       -1047.091748360158         295.605367845865        -242.154459912784           1.019865317617          -0.059699128232           0.079818136293
2024-01-22-07-59-59.99       76896.939481219568      332230.540902826062      209341.381857889995       -1056.315547661238         291.170398268819        -255.234098811030           1.018904370901          -0.059450582041           0.076220133520
2024-01-22-09-00-00.00       73076.740221644737      333270.898787637940      208398.391851198365       -1066.122087062436         286.821243570917        -268.720133585372           1.017934312367          -0.059118453931           0.072533880304
2024-01-22-09-59-59.99       69220.044571073202      334295.767623236228      207406.061777701660       -1076.609222341388         282.566906583761        -282.652269682115           1.016955447301          -0.058696170358           0.068755454726
2024-01-22-10-59-59.99       65324.195582630135      335305.505513906013      206362.706670534739       -1087.895777276658         278.416738287845        -297.075294354127           1.015968099781          -0.058176176152           0.064880530165
2024-01-22-12-00-00.00       61386.062206783034      336300.504454291426      205266.470284507843       -1100.127457228557         274.380152518611        -312.039671373145           1.014972615377          -0.057549717338           0.060904325288
2024-01-22-12-59-59.99       57401.928825056340      337281.189715166111      204115.303680257261       -1113.484873478392         270.466109910180        -327.602063740898           1.013969364663          -0.056806560732           0.056821549465
2024-01-22-13-59-59.99       53367.350768874501      338248.016731520358      202906.942277171271       -1128.194604043732         266.682212221616        -343.825625233726           1.012958747867          -0.055934627869           0.052626345415
2024-01-22-15-00-00.00       49276.962531002951      339201.463640422618      201638.882711928192       -1144.544704378095         263.033131423807        -360.779744723779           1.011941201530          -0.054919507431           0.048312233381
2024-01-22-15-59-59.99       45124.218983295919      340142.016278495896      200308.362470451801       -1162.906871246206         259.517884233445        -378.538618401038           1.010917208212          -0.053743796722           0.043872065918
2024-01-22-16-59-59.99       40901.039828773588      341070.140041107661      198912.348492977006       -1183.768771749069         256.125060811062        -397.177407628817           1.009887311216          -0.052386196827           0.039298011809
2024-01-22-18-00-00.00       36597.311239721275      341986.228547561623      197447.547433497268       -1207.782264789453         252.824333871808        -416.763468625343           1.008852138171          -0.050820241359           0.034581606299
2024-01-22-18-59-59.99       32200.171756519056      342890.510526883532      195910.463546146173       -1235.837073002977         249.550995308091        -437.337441580261           1.007812440402          -0.049012472128           0.029713942927
2024-01-22-19-59-59.99       27692.964148306226      343782.879400371574      194297.558228187350       -1269.176186716954         246.176943398117        -458.873026748694           1.006769161775          -0.046919757558           0.024686162087
2024-01-22-21-00-00.00       23053.657016962141      344662.574942885200      192605.626729507087       -1309.581097256226         242.454220104635        -481.190519888723           1.005723565792          -0.044485244233           0.019490565533
2024-01-22-21-59-59.99       18252.405694116434      345527.570186147816      190832.648349306546       -1359.674943543881         237.900250440581        -503.765816957591           1.004677483350          -0.041632083486           0.014123082884
2024-01-22-22-59-59.99       13247.699180448548      346373.342631270760      188979.705524072371       -1423.420017637331         231.552764764740        -525.291343944058           1.003633826373          -0.038253485091           0.008588767438
2024-01-23-00-00-00.00        7980.232045359394      347190.291477462975      187055.427219124627       -1506.893649957569         221.418670384712        -542.617301462980           1.002597727964          -0.034196807718           0.002914400296
2024-01-23-00-59-59.99        2363.593599007300      347958.033125702001      185086.681740386673       -1619.200782508035         203.183915795060        -548.085054410402           1.001579261502          -0.029239136758          -0.002821412611
2024-01-23-01-59-59.99       -3726.479423363382      348632.408214212279      183145.108802884177       -1771.710951597783         167.257711798531        -522.823382677329           1.000600337291          -0.023058205761          -0.008414092766
2024-01-23-03-00-00.00      -10444.344678965052      349117.789479830535      181410.054136512015       -1965.342499562523          93.878068169066        -423.261933279518           0.999712104297          -0.015248288964          -0.013358647370
2024-01-23-03-59-59.99      -17856.579337419320      349233.392841789697      180267.725402360520       -2137.165543592967         -40.157265459352        -184.908526996921           0.999027425570          -0.005615132642          -0.016579461002
2024-01-23-04-59-59.99      -25614.936751380163      348790.256346259732      180208.909816356696       -2134.637621116276        -203.010167313379         153.545262905201           0.998710597076           0.004981431957          -0.016728965211
2024-01-23-06-00-00.00      -33008.982044324817      347844.518900551368      181257.288643356849       -1957.860277239230        -309.396590318990         403.291510105797           0.998816989538           0.014724240804          -0.013773813761
2024-01-23-06-59-59.99      -39692.690941709050      346641.200897741015      182942.557747606828       -1760.483815870634        -351.336228006421         514.680802238976           0.999235812881           0.022694609076          -0.009037320923
2024-01-23-07-59-59.99      -45737.818326852008      345351.257993240375      184871.441937279626       -1605.651808859431        -362.295521619997         548.672288075238           0.999842848361           0.029047774627          -0.003610018728
2024-01-23-09-00-00.00      -51302.893447911229      344045.651266005298      186854.033054924657       -1491.899947794773        -362.053651337592         549.374965883489           1.000562462777           0.034175470330           0.001986868566
2024-01-23-09-59-59.99      -56514.504544013063      342748.375824915536      188811.098313062626       -1407.434449322672        -358.410377770791         536.523355835035           1.001353251529           0.038395907277           0.007538474448
2024-01-23-10-59-59.99      -61460.237463558165      341465.700517598831      190710.803402195859       -1342.923178817320        -354.209258874067         518.363697365931           1.002191625747           0.041931169836           0.012960031127
2024-01-23-12-00-00.00      -66199.982081112103      340197.511509122211      192541.235425565246       -1292.175253119581        -350.452327936334         498.409159792539           1.003063167487           0.044934097133           0.018220955065
2024-01-23-12-59-59.99      -70775.539087439407      338941.525783466059      194299.068346478802       -1251.171513346163        -347.452554724821         478.193874041681           1.003958443636           0.047511986348           0.023313745366
2024-01-23-13-59-59.99      -75216.894250809652      337694.879180913442      195984.736872500565       -1217.259913451955        -345.261509677111         458.387700897194           1.004870910761           0.049742256390           0.028240835925
2024-01-23-15-00-00.00      -79546.144198553084      336454.725584238186      197600.289757943508       -1188.644157843966        -343.833995860892         439.267442464229           1.005795804139           0.051682311138           0.033008796765
2024-01-23-15-59-59.99      -83779.972669476498      335218.449955160380      199148.400562039082       -1164.073771564487        -343.093409482150         420.926239308710           1.006729512971           0.053375786692           0.037625691303
2024-01-23-16-59-59.99      -87931.248419443829      333983.727185400436      200631.903123030759       -1142.655444038372        -342.957882598361         403.370836856170           1.007669209635           0.054856594055           0.042099854707
2024-01-23-18-00-00.00      -92010.083840836232      332748.519941390841      202053.574705436273       -1123.735841262174        -343.350353331581         386.568354650007           1.008612619000           0.056151604500           0.046439337585
2024-01-23-18-59-59.99      -96024.554771578129      331511.054086179065      203416.039562248247       -1106.826975914346        -344.201914168299         370.469291716619           1.009557868804           0.057282479139           0.050651669796
2024-01-23-19-59-59.99      -99981.201973728079      330269.787821151607      204721.732026766927       -1091.557458735629        -345.452363089543         355.018936675675           1.010503389066           0.058266944817           0.054743780273
2024-01-23-21-00-00.00     -103885.388358441778      329023.381158774020      205972.889032615902       -1077.639873640348        -347.049647083823         340.162959135762           1.011447842261           0.059119705047           0.058721992356
2024-01-23-21-59-59.99     -107741.558631836830      327770.668209117139      207171.556818811543       -1064.848445569072        -348.948932661596         325.850025667674           1.012390073487           0.059853103028           0.062592054288
2024-01-23-22-59-59.99     -111553.431483390101      326510.632976034365      208319.603987498995       -1053.003433634372        -351.111617810783         312.032881112817           1.013329074045           0.060477612133           0.066359184380
2024-01-24-00-00-00.00     -115324.144201971649      325242.388609350077      209418.736878057214       -1041.960015540421        -353.504412184116         298.668642298609           1.014263954201           0.061002206132           0.070028120510
2024-01-24-00-59-59.99     -119056.363127193821      323965.159773956286      210470.515205660777       -1031.600232657237        -356.098528472615         285.718697985498           1.015193922432           0.061434642316           0.073603168823
2024-01-24-01-59-59.99     -122752.369154308719      322678.267717280134      211476.366963198845       -1021.827060069844        -358.868991258829         273.148424417541           1.016118269357           0.061781679999           0.077088249260
2024-01-24-03-00-00.00     -126414.124745248686      321381.117625502869      212437.602143300202       -1012.559977459100        -361.794054609742         260.926827505089           1.017036355069           0.062049252718           0.080486936966
2024-01-24-03-59-59.99     -130043.327037792435      320073.187901170808      213355.425132425618       -1003.731616873489        -364.854714626189         249.026169702985           1.017947599020           0.062242604871           0.083802499368
2024-01-24-04-59-59.99     -133641.450370892417      318754.021046211070      214230.945781686867        -995.285194541994        -368.034302590896         237.421611069680           1.018851471868           0.062366400361           0.087037929079
2024-01-24-06-00-00.00     -137209.780657300202      317423.215885056707      215065.189231968019        -987.172521168732        -371.318145314421         226.090877758250           1.019747488790           0.062424811285           0.090195972971
2024-01-24-06-59-59.99     -140749.443408183462      316080.420906902640      215859.104604157066        -979.352444416204        -374.693281215641         215.013963223407           1.020635203952           0.062421590357           0.093279157779
2024-01-24-07-59-59.99     -144261.426765397657      314725.328544835385      216613.572673178220        -971.789617978035        -378.148222339581         204.172862498731           1.021514205932           0.062360129611           0.096289812651
2024-01-24-09-00-00.00     -147746.600571184215      313357.670241096523      217329.412643349235        -964.453520101118        -381.672754324181         193.551338076708           1.022384113835           0.062243509863           0.099230089004
2024-01-24-09-59-59.99     -151205.732265594212      311977.212174493237      218007.388133121625        -957.317664528458        -385.257767626748         183.134714460479           1.023244574011           0.062074542029           0.102101978030
2024-01-24-10-59-59.99     -154639.500223992974      310583.751547255961      218648.212467740872        -950.358961248735        -388.895114647770         172.909698500040           1.024095257270           0.061855800950           0.104907326148
2024-01-24-12-00-00.00     -158048.505013397080      309177.113346483908      219252.553366647044        -943.557194889539        -392.577488302143         162.864222371763           1.024935856465           0.061589654790           0.107647848673
2024-01-24-12-59-59.99     -161433.278945046855      307757.147509560105      219821.037102386472        -936.894596234057        -396.298318453649         152.987306448150           1.025766084408           0.061278290063           0.110325141925
2024-01-24-13-59-59.99     -164794.294223152916      306323.726434901881      220354.252197205467        -930.355488031163        -400.051683226786         143.268939350076           1.026585672074           0.060923732114           0.112940693986
2024-01-24-15-00-00.00     -168131.969929785759      304876.742788767675      220852.752715831070        -923.925990475918        -403.832232809426         133.699973021237           1.027394367012           0.060527863548           0.115495894266
2024-01-24-15-59-59.99     -171446.678039389517      303416.107566993101      221317.061204301019        -917.593774945896        -407.635123743053         124.272030778363           1.028191931951           0.060092440143           0.117992042044
2024-01-24-16-59-59.99     -174738.748619869526      301941.748376939795      221747.671318319073        -911.347857020540        -411.455962051408         114.977426548967           1.028978143586           0.059619103763           0.120430354093
2024-01-24-18-00-00.00     -178008.474348256626      300453.607910269115      222145.050179087499        -905.178421641413        -415.290753870062         105.809093887847           1.029752791489           0.059109394416           0.122811971512
2024-01-24-18-59-59.99     -181256.114446176391      298951.642581742315      222509.640488863515        -899.076674749289        -419.135862431651          96.760523387236           1.030515677133           0.058564760825           0.125137965862
2024-01-24-19-59-59.99     -184481.898121826409      297435.821312818269      222841.862434845825        -893.034716821100        -422.987970481720          87.825707432162           1.031266613046           0.057986568805           0.127409344680
2024-01-24-21-00-00.00     -187686.027590506594      295906.124442000873      223142.115405799501        -887.045434634376        -426.844047332708          78.999091295816           1.032005422033           0.057376109471           0.129627056454
2024-01-24-21-59-59.99     -190868.680733685091      294362.542746424500      223410.779542931326        -881.102408250022        -430.701319906599          70.275529806428           1.032731936471           0.056734606521           0.131791995111
2024-01-24-22-59-59.99     -194030.013446911675      292805.076561372378      223648.217143560236        -875.199830789287        -434.557247204475          61.650248817729           1.033445997704           0.056063221787           0.133905004079
2024-01-25-00-00-00.00     -197170.161718856689      291233.734986233758      223854.773933908320        -869.332438984849        -438.409497742116          53.118810920486           1.034147455466           0.055363061019           0.135966879972
2024-01-25-00-59-59.99     -200289.243477230659      289648.535166964051      224030.780225214694        -863.495452867195        -442.255929551820          44.677084831510           1.034836167363           0.054635179071           0.137978375930
2024-01-25-01-59-59.99     -203387.360231872182      288049.501646422606      224176.551965711871        -857.684523193428        -446.094572418485          36.321218065490           1.035511998422           0.053880583630           0.139940204663
2024-01-25-03-00-00.00     -206464.598540855892      286436.665775089466      224292.391699347558        -851.895685515145        -449.923612056753          28.047612410629           1.036174820659           0.053100239422           0.141853041218
2024-01-25-03-59-59.99     -209521.031321700313      284810.065175620490      224378.589440835873        -846.125319897644        -453.741375989018          19.852901953890           1.036824512687           0.052295072012           0.143717525516
2024-01-25-04-59-59.99     -212556.719026507373      283169.743255488807      224435.423475798598        -840.370115519753        -457.546320911450          11.733933299945           1.037460959374           0.051465970331           0.145534264649
2024-01-25-06-00-00.00     -215571.710697424016      281515.748762720963      224463.161093211384        -834.627039456600        -461.337021366638           3.687747778175           1.038084051511           0.050613789814           0.147303835009
2024-01-25-06-59-59.99     -218566.044916419109      279848.135380291147      224462.059256978886        -828.893309105520        -465.112159566908          -4.288434642725           1.038693685508           0.049739355275           0.149026784216
2024-01-25-07-59-59.99     -221539.750661612721      278166.961355286709      224432.365222387423        -823.166367749245        -468.870516232788         -12.197229880392           1.039289763133           0.048843462598           0.150703632900
2024-01-25-09-00-00.00     -224492.848080581025      276472.289159405336      224374.317102958739        -817.443862855998        -472.610962330332         -20.041102893946           1.039872191252           0.047926881160           0.152334876337
2024-01-25-09-59-59.99     -227425.349190042209      274764.185177734937      224288.144391972688        -811.723626768347        -476.332451604278         -27.822379625444           1.040440881587           0.046990356043           0.153920985949
2024-01-25-10-59-59.99     -230337.258509782579      273042.719423118455      224174.068443143973        -806.003659474294        -480.034013819179         -35.543257844403           1.040995750516           0.046034609167           0.155462410691
2024-01-25-12-00-00.00     -233228.573637961788      271307.965273690934      224032.302913969819        -800.282113210131        -483.714748631156         -43.205817025605           1.041536718864           0.045060341184           0.156959578327
2024-01-25-12-59-59.99     -236099.285773925541      269559.999231447699      223863.054175143770        -794.557278668641        -487.373820022339         -50.812027353304           1.042063711710           0.044068233249           0.158412896610
2024-01-25-13-59-59.99     -238949.380193978024      267798.900699924387      223666.521688969544        -788.827572622852        -491.010451238569         -58.363757945229           1.042576658229           0.043058947727           0.159822754367
2024-01-25-15-00-00.00     -241778.836684883572      266024.751779278391      223442.898359469487        -783.091526798791        -494.623920177958         -65.862784374589           1.043075491524           0.042033129734           0.161189522508
2024-01-25-15-59-59.99     -244587.629939346050      264237.637077228283      223192.370856561174        -777.347777856698        -498.213555184940         -73.310795565563           1.043560148468           0.040991408570           0.162513554958
2024-01-25-16-59-59.99     -247375.729917252000      262437.643534456787      222915.119916408905        -771.595058346439        -501.778731206019         -80.709400112264           1.044030569580           0.039934398136           0.163795189517
2024-01-25-18-00-00.00     -250143.102175879438      260624.860263279232      222611.320620060724        -765.832188544440        -505.318866276809         -88.060132099456           1.044486698885           0.038862698201           0.165034748663
2024-01-25-18-59-59.99     -252889.708172207553      258799.378398394882      222281.142651890317        -760.058069056637        -508.833418301019         -95.364456448230           1.044928483787           0.037776895600           0.166232540290
2024-01-25-19-59-59.99     -255615.505539840495      256961.290958754980      221924.750539590925        -754.271674118049        -512.321882098062        -102.623773850882           1.045355874968           0.036677564429           0.167388858397
2024-01-25-21-00-00.00     -258320.448342960502      255110.692719607177      221542.303877075989        -748.472045504972        -515.783786690018        -109.839425321761           1.045768826269           0.035565267121           0.168503983729
2024-01-25-21-59-59.99     -261004.487309335062      253247.680093929288      221133.957531668682        -742.658287005596        -519.218692810134        -117.012696413757           1.046167294592           0.034440555457           0.169578184365
2024-01-25-22-59-59.99     -263667.570044360531      251372.351022450544      220699.861836639844        -736.829559382080        -522.626190608670        -124.144821120957           1.046551239809           0.033303970608           0.170611716274
2024-01-26-00-00-00.00     -266309.641227794637      249484.804871594388      220240.162770195573        -730.985075775824        -526.005897539162        -131.236985499672           1.046920624670           0.032156044055           0.171604823823
2024-01-26-00-59-59.99     -268930.642794597428      247585.142338774778      219755.002121984755        -725.124097515738        -529.357456412095        -138.290331038669           1.047275414719           0.030997298473           0.172557740255
2024-01-26-01-59-59.99     -271530.514101502835      245673.465364331700      219244.517647722067        -719.245930283337        -532.680533597168        -145.305957795950           1.047615578216           0.029828247647           0.173470688130
2024-01-26-03-00-00.00     -274109.192080193374      243749.877049791743      218708.843213100889        -713.349920601691        -535.974817364095        -152.284927323404           1.047941086063           0.028649397284           0.174343879733
2024-01-26-03-59-59.99     -276666.611378497677      241814.481581799511      218148.108927393478        -707.435452626693        -539.240016354114        -159.228265410946           1.048251911730           0.027461245795           0.175177517463
2024-01-26-04-59-59.99     -279202.704490477860      239867.384161365742      217562.441267535440        -701.501945191685        -542.475858160861        -166.136964643141           1.048548031196           0.026264284117           0.175971794177
2024-01-26-06-00-00.00     -281717.401876314601      237908.690938031534      216951.963193302450        -695.548849102698        -545.682088023153        -173.011986808320           1.048829422878           0.025058996442           0.176726893527
2024-01-26-06-59-59.99     -284210.632072889654      235938.508948532486      216316.794254042965        -689.575644645815        -548.858467611518        -179.854265157746           1.049096067579           0.023845860922           0.177442990260
2024-01-26-07-59-59.99     -286682.321795699594      233956.946059737355      215657.050687551498        -683.581839298643        -552.004773909033        -186.664706539665           1.049347948425           0.022625349423           0.178120250503
2024-01-26-09-00-00.00     -289132.396032901248      231964.110915370577      214972.845511483640        -677.566965613206        -555.120798168287        -193.444193407273           1.049585050819           0.021397928186           0.178758832021
2024-01-26-09-59-59.99     -291560.778132069274      229960.112886396557      214264.288607653754        -671.530579274765        -558.206344953781        -200.193585731395           1.049807362386           0.020164058479           0.179358884463
2024-01-26-10-59-59.99     -293967.389880123781      227945.062024759245      213531.486799763457        -665.472257295123        -561.261231245757        -206.913722802528           1.050014872925           0.018924196290           0.179920549579
2024-01-26-12-00-00.00     -296352.151577115059      225919.069020164112      212774.543924682308        -659.391596352211        -564.285285616820        -213.605424956885           1.050207574368           0.017678792949           0.180443961430
2024-01-26-12-59-59.99     -298714.982104200230      223882.245159746963      211993.560897713760        -653.288211249398        -567.278347467840        -220.269495220542           1.050385460737           0.016428295725           0.180929246574
2024-01-26-13-59-59.99     -301055.798986309383      221834.702290368470      211188.635772042267        -647.161733487948        -570.240266321558        -226.906720884411           1.050548528097           0.015173147491           0.181376524236
2024-01-26-15-00-00.00     -303374.518449796014      219776.552783400606      210359.863792683493        -641.011809940733        -573.170901169006        -233.517875015115           1.050696774527           0.013913787296           0.181785906468
2024-01-26-15-59-59.99     -305671.055475633766      217707.909501665155      209507.337444962672        -634.838101628855        -576.070119872594        -240.103717918385           1.050830200079           0.012650650942           0.182157498292
2024-01-26-16-59-59.99     -307945.323848149856      215628.885768594453      208631.146498009417        -628.640282570332        -578.937798606283        -246.664998540594           1.050948806746           0.011384170607           0.182491397823
2024-01-26-18-00-00.00     -310197.236199959822      213539.595339176449      207731.378043107747        -622.418038723857        -581.773821352105        -253.202455841157           1.051052598424           0.010114775404           0.182787696390
2024-01-26-18-59-59.99     -312426.704053106601      211440.152372732351      206808.116527282516        -616.171066995854        -584.578079431609        -259.716820119565           1.051141580893           0.008842891918           0.183046478635
2024-01-26-19-59-59.99     -314633.637856825837      209330.671407245740      205861.443782102375        -609.899074319792        -587.350471081231        -266.208814315637           1.051215761778           0.007568943823           0.183267822603
2024-01-26-21-00-00.00     -316817.947022053762      207211.267335196724      204891.439047893771        -603.601776793792        -590.090901063121        -272.679155281476           1.051275150525           0.006293352408           0.183451799820
2024-01-26-21-59-59.99     -318979.539952967898      205082.055380702484      203898.178993386391        -597.278898876636        -592.799280313956        -279.128555035124           1.051319758382           0.005016537112           0.183598475359
2024-01-26-22-59-59.99     -321118.324075694371      202943.151077887771      202881.737730897759        -590.930172632572        -595.475525626404        -285.557721997723           1.051349598365           0.003738915113           0.183707907895
2024-01-27-00-00-00.00     -323234.205864434189      200794.670250294963      201842.186827043945        -584.555337026180        -598.119559367144        -291.967362223848           1.051364685241           0.002460901854           0.183780149746
2024-01-27-00-59-59.99     -325327.090865064703      198636.728991305979      200779.595309077849        -578.154137256792        -600.731309225201        -298.358180625349           1.051365035516           0.001182911559           0.183815246911
2024-01-27-01-59-59.99     -327396.883716457989      196469.443645377120      199694.029666789051        -571.726324132603        -603.310707992968        -304.730882196932           1.051350667401          -0.000094643179           0.183813239084
2024-01-27-03-00-00.00     -329443.488169610791      194292.930790001381      198585.553849985386        -565.271653483263        -605.857693382006        -311.086173249121           1.051321600803          -0.001371350884           0.183774159670
2024-01-27-03-59-59.99     -331466.807104701758      192107.307218296599      197454.229261529603        -558.789885602113        -608.372207867370        -317.424762649900           1.051277857313          -0.002646800681           0.183698035785
2024-01-27-04-59-59.99     -333466.742546208494      189912.689922082471      196300.114745870873        -552.280784719979        -610.854198564697        -323.747363082708           1.051219460185          -0.003920582711           0.183584888244
2024-01-27-06-00-00.00     -335443.195676171628      187709.196075355925      195123.266573017929        -545.744118508815        -613.303617141181        -330.054692325722           1.051146434324          -0.005192287617           0.183434731541
2024-01-27-06-59-59.99     -337396.066845735128      185496.943018009595      193923.738417854940        -539.179657603605        -615.720419749828        -336.347474553248           1.051058806282          -0.006461506027           0.183247573815
2024-01-27-07-59-59.99     -339325.255584987579      183276.048239754222      192701.581334727292        -532.587175160364        -618.104567010497        -342.626441673835           1.050956604239          -0.007727828965           0.183023416814
2024-01-27-09-00-00.00     -341230.660611262370      181046.629364036839      191456.843727141182        -525.966446417111        -620.456024002361        -348.892334696867           1.050839858000          -0.008990847329           0.182762255834
2024-01-27-09-59-59.99     -343112.179835883901      178808.804131936398      190189.571312472195        -519.317248292866        -622.774760312337        -355.145905149905           1.050708598995          -0.010250151372           0.182464079661
2024-01-27-10-59-59.99     -344969.710369510809      176562.690385811351      188899.807081481355        -512.639358983359        -625.060750093921        -361.387916536884           1.050562860261          -0.011505331098           0.182128870491
2024-01-27-12-00-00.00     -346803.148526031000      174308.406052696228      187587.591252490442        -505.932557587058        -627.313972181212        -367.619145858052           1.050402676444          -0.012755975733           0.181756603847
2024-01-27-12-59-59.99     -348612.389825171151      172046.069127169874      186252.961219963414        -499.196623729105        -629.534410221992        -373.840385187759           1.050228083813          -0.014001673189           0.181347248477
2024-01-27-13-59-59.99     -350397.328993699106      169775.797653772519      184895.951497304020        -492.431337211642        -631.722052871390        -380.052443327084           1.050039120234          -0.015242010445           0.180900766247
2024-01-27-15-00-00.00     -352157.859965462529      167497.709708544397      183516.593653544434        -485.636477651202        -633.876893998599        -386.256147528710           1.049835825190          -0.016476573002           0.180417112012
2024-01-27-15-59-59.99     -353893.875880081381      165211.923379813379      182114.916243684274        -478.811824143958        -635.998932966094        -392.452345313784           1.049618239791          -0.017704944325           0.179896233485
2024-01-27-16-59-59.99     -355605.269080483413      162918.556747839553      180690.944732315169        -471.957154919230        -638.088174932977        -398.641906379868           1.049386406762          -0.018926706201           0.179338071085
2024-01-27-18-00-00.00     -357291.931109142723      160617.727863361593      179244.701410196751        -465.072247010338        -640.144631227883        -404.825724616232           1.049140370461          -0.020141438167           0.178742557771
2024-01-27-18-59-59.99     -358953.752703203878      158309.554724606132      177776.205303365918        -458.156875912531        -642.168319753998        -411.004720231873           1.048880176902          -0.021348716930           0.178109618866
2024-01-27-19-59-59.99     -360590.623788329132      155994.155252806959      176285.472074367950        -451.210815257254        -644.159265474942        -417.179842012148           1.048605873744          -0.022548116687           0.177439171860
2024-01-27-21-00-00.00     -362202.433471400000      153671.647265819047      174772.513915114774        -444.233836470925        -646.117500942138        -423.352069712310           1.048317510322          -0.023739208519           0.176731126202
2024-01-27-21-59-59.99     -363789.070031947282      151342.148449775152      173237.339430857566        -437.225708440358        -648.043066904800        -429.522416604408           1.048015137673          -0.024921559775           0.175985383071
2024-01-27-22-59-59.99     -365350.420912327245      149005.776328460139      171679.953514709545        -430.186197168472        -649.936012987549        -435.691932190803           1.047698808533          -0.026094734352           0.175201835128
2024-01-28-00-00-00.00     -366886.372707041854      146662.648229563871      170100.357211992581        -423.115065416103        -651.796398436299        -441.861705105441           1.047368577378          -0.027258292038           0.174380366255
2024-01-28-00-59-59.99     -368396.811149898393      144312.881249267317      168498.547573943157        -416.012072344906        -653.624292976325        -448.032866210295           1.047024500458          -0.028411787851           0.173520851267
2024-01-28-01-59-59.99     -369881.621100737189      141956.592212355055      166874.517499714653        -408.876973138248        -655.419777747455        -454.206591921569           1.046666635805          -0.029554772260           0.172623155608
2024-01-28-03-00-00.00     -371340.686530295468      139593.897629432176      165228.255566052714        -401.709518606510        -657.182946349322        -460.384107776384           1.046295043276          -0.030686790473           0.171687135017
2024-01-28-03-59-59.99     -372773.890503758914      137224.913649960945      163559.745843642391        -394.509454780182        -658.913906014138        -466.566692268120           1.045909784608          -0.031807381705           0.170712635175
2024-01-28-04-59-59.99     -374181.115162767645      134849.756010915298      161868.967699122644        -387.276522475317        -660.612778899637        -472.755680976571           1.045510923431          -0.032916079330           0.169699491328
2024-01-28-06-00-00.00     -375562.241705816879      132468.539980525093      160155.895581657183        -380.010456834609        -662.279703525955        -478.952471022448           1.045098525324          -0.034012410091           0.168647527874
2024-01-28-06-59-59.99     -376917.150367024879      130081.380296443953      158420.498792850354        -372.710986851304        -663.914836390935        -485.158525876314           1.044672657881          -0.035095893282           0.167556557928
2024-01-28-07-59-59.99     -378245.720393008785      127688.391098001099      156662.741238634102        -365.377834845472        -665.518353735646        -491.375380562953           1.044233390739          -0.036166040805           0.166426382847
2024-01-28-09-00-00.00     -379547.830017916393      125289.685851565766      154882.581161669863        -358.010715917481        -667.090453530631        -497.604647296846           1.043780795650          -0.037222356277           0.165256791730
2024-01-28-09-59-59.99     -380823.356436382921      122885.377268431621      153079.970852609316        -350.609337354705        -668.631357673059        -503.848021597707           1.043314946559          -0.038264334103           0.164047560868
2024-01-28-10-59-59.99     -382072.175774279807      120475.577214334859      151254.856338407495        -343.173397996891        -670.141314441423        -510.107288933681           1.042835919651          -0.039291459400           0.162798453169
2024-01-28-12-00-00.00     -383294.163057041122      118060.396609727497      149407.177045665216        -335.702587540731        -671.620601213189        -516.384331954406           1.042343793437          -0.040303206981           0.161509217524
2024-01-28-12-59-59.99     -384489.192175454285      115639.945319581893      147536.865436804248        -328.196585792803        -673.069527510703        -522.681138372075           1.041838648860          -0.041299040266           0.160179588137
2024-01-28-13-59-59.99     -385657.135848562117      113214.332031756188      145643.846616563242        -320.655061845778        -674.488438382474        -528.999809569577           1.041320569354          -0.042278411052           0.158809283799
2024-01-28-15-00-00.00     -386797.865583606763      110783.664122204733      143728.037906152138        -313.077673196997        -675.877718220669        -535.342570002752           1.040789640957          -0.043240758308           0.157398007103
2024-01-28-15-59-59.99     -387911.251632379950      108348.047506183706      141789.348381837015        -305.464064749015        -677.237794966448        -541.711777515197           1.040245952442          -0.044185506891           0.155945443611
2024-01-28-16-59-59.99     -388997.162944124604      105907.586472778086      139827.678374790907        -297.813867744196        -678.569144889081        -548.109934636130           1.039689595400          -0.045112067093           0.154451260939
2024-01-28-18-00-00.00     -390055.467114182713      103462.383501645847      137842.918928185682        -290.126698571579        -679.872297910737        -554.539701003711           1.039120664387          -0.046019833191           0.152915107781
2024-01-28-18-59-59.99     -391086.030328209919      101012.539059270814      135834.951207391947        -282.402157453734        -681.147843599955        -561.003907037237           1.038539257079          -0.046908181893           0.151336612851
2024-01-28-19-59-59.99     -392088.717301409109       98558.151372320383      133803.645858482574        -274.639826994673        -682.396437922587        -567.505569010256           1.037945474398          -0.047776471587           0.149715383742
2024-01-28-21-00-00.00     -393063.391212251503       96099.316175193846      131748.862309687247        -266.839270568061        -683.618810854453        -574.047905699872           1.037339420690          -0.048624040546           0.148051005682
2024-01-28-21-59-59.99     -394009.913630076102       93636.126428425516      129670.448009778673        -259.000030521955        -684.815774977448        -580.634356813880           1.036721203929          -0.049450205017           0.146343040200
2024-01-28-22-59-59.99     -394928.144435880706       91168.672004098320      127568.237596615349        -251.121626178357        -685.988235215558        -587.268603420965           1.036090935880          -0.050254258035           0.144591023667
2024-01-29-00-00-00.00     -395817.941735395929       88697.039334158748      125442.051987983912        -243.203551603800        -687.137199900503        -593.954590635510           1.035448732337          -0.051035467179           0.142794465719
2024-01-29-00-59-59.99     -396679.161763896991       86221.311015620377      123291.697386621294        -235.245273082329        -688.263793283975        -600.696552915036           1.034794713374          -0.051793072128           0.140952847534
2024-01-29-01-59-59.99     -397511.658781056060       83741.565368453172      121116.964188527141        -227.246226321609        -689.369269917400        -607.499042212204           1.034129003578          -0.052526282892           0.139065619967
2024-01-29-03-00-00.00     -398315.284955343115       81257.875937516495      118917.625784434553        -219.205813258752        -690.455030964921        -614.366959521639           1.033451732347          -0.053234276908           0.137132201504
2024-01-29-03-59-59.99     -399089.890236115083       78770.310931823609      116693.437240878411        -211.123398479205        -691.522642959864        -621.305590193451           1.032763034227          -0.053916195846           0.135151976038
2024-01-29-04-59-59.99     -399835.322211982450       76278.932591387900      114444.133846477678        -202.998305156369        -692.573859337533        -628.320643607936           1.032063049220          -0.054571143001           0.133124290428
2024-01-29-06-00-00.00     -400551.425953611324       73783.796470776259      112169.429506627799        -194.829810433350        -693.610645217386        -635.418297869374           1.031351923187          -0.055198179428           0.131048451832
2024-01-29-06-59-59.99     -401238.043838759477       71284.950626750360      109869.014967119147        -186.617140179725        -694.635206073734        -642.605250239238           1.030629808281          -0.055796319660           0.128923724776
2024-01-29-07-59-59.99     -401895.015357152908       68782.434694683005      107542.555844549410        -178.359462994731        -695.650020935176        -649.888774249503           1.029896863386          -0.056364527856           0.126749327932
2024-01-29-09-00-00.00     -402522.176892243966       66276.278836010679      105189.690437555939        -170.055883347910        -696.657881008577        -657.276784524431           1.029153254648          -0.056901712510           0.124524430573
2024-01-29-09-59-59.99     -403119.361476490390       63766.502535389533      102810.027288936355        -161.705433694060        -697.661934729373        -664.777910597598           1.028399156067          -0.057406720540           0.122248148661
2024-01-29-10-59-59.99     -403686.398516134999       61253.113222240907      100403.142463618657        -153.307065401931        -698.665740563761        -672.401581176987           1.027634750106          -0.057878331552           0.119919540518
2024-01-29-12-00-00.00     -404223.113480880682       58736.104685944381       97968.576501854608        -144.859638244574        -699.673329026434        -680.158120738324           1.026860228425          -0.058315250372           0.117537602036
2024-01-29-12-59-59.99     -404729.327552760427       56215.455248327286       95505.830999326601        -136.361908223003        -700.689275945006        -688.058860513880           1.026075792700          -0.058716098617           0.115101261361
2024-01-29-13-59-59.99     -405204.857227667526       53691.125648739158       93014.364757868621        -127.812513376508        -701.718789296867        -696.116266543173           1.025281655497          -0.059079406010           0.112609372973
2024-01-29-15-00-00.00     -405649.513861612824       51163.056587658291       90493.589439876188        -119.209957191622        -702.767812630482        -704.344087929557           1.024478041310          -0.059403599488           0.110060711093
2024-01-29-15-59-59.99     -406063.103152233409       48631.165862580514       87942.864647017355        -110.552589113969        -703.843148803766        -712.757529187469           1.023665187732          -0.059686990723           0.107453962309
2024-01-29-16-59-59.99     -406445.424544031324       46095.345014959166       85361.492328153021        -101.838581581317        -704.952608858734        -721.373451330316           1.022843346745          -0.059927762690           0.104787717321
2024-01-29-18-00-00.00     -406796.270543557650       43555.455387129165       82748.710403040910         -93.065902801278        -706.105192014366        -730.210607597503           1.022012786236          -0.060123953119           0.102060461667
2024-01-29-18-59-59.99     -407115.425927567354       41011.323463864675       80103.685464539245         -84.232284343459        -707.311304583425        -739.289920984774           1.021173791752          -0.060273435303           0.099270565287
2024-01-29-19-59-59.99     -407402.666823437670       38462.735341091357       77425.504393335927         -75.335182360230        -708.583027869049        -748.634812531755           1.020326668455          -0.060373896607           0.096416270740
2024-01-29-21-00-00.00     -407657.759636291477       35909.430122951926       74713.164682987903         -66.371730913531        -709.934448102158        -758.271591644833           1.019471743465          -0.060422812219           0.093495679874
2024-01-29-21-59-59.99     -407880.459791059431       33351.091994345472       71965.563227393111         -57.338685482146        -711.382065665324        -768.229922576548           1.018609368578          -0.060417414206           0.090506738711
2024-01-29-22-59-59.99     -408070.510249835381       30787.340644339441       69181.483265525079         -48.232354130677        -712.945306387479        -778.543385124678           1.017739923425          -0.060354655674           0.087447220246
2024-01-30-00-00-00.00     -408227.639754511358       28217.719620630807       66359.579104609322         -39.048513104780        -714.647165572172        -789.250152433943           1.016863819250          -0.060231166906           0.084314704851
2024-01-30-00-59-59.99     -408351.560731247766       25641.682066559017       63498.358149052598         -29.782302555565        -716.515026142048        -800.393815554841           1.015981503434          -0.060043202611           0.081106557883
2024-01-30-01-59-59.99     -408441.966775544861       23058.573117043357       60596.159640942729         -20.428096738196        -718.581707709316        -812.024392985158           1.015093464869          -0.059786578886           0.077819904069
2024-01-30-03-00-00.00     -408498.529613057151       20467.607988237112       57651.129360442399         -10.979341049086        -720.886825174354        -824.199575423154           1.014200240557          -0.059456595129           0.074451598146
2024-01-30-03-59-59.99     -408520.895399092988       17867.844459291031       54661.189325731466          -1.428345679449        -723.478567593893        -836.986271100472           1.013302423686          -0.059047937826           0.070998191216
2024-01-30-04-59-59.99     -408508.680176738882       15258.147966364417       51624.001261937832           8.233978292721        -726.416054680989        -850.462539288620           1.012400673612          -0.058554561753           0.067455892215
2024-01-30-06-00-00.00     -408461.464253052836       12637.146844888761       48536.922242093911          18.018459830956        -729.772499214010        -864.720027534397           1.011495728438          -0.057969539584           0.063820523927
2024-01-30-06-59-59.99     -408378.785169604584       10003.174253951096       45396.950421234673          27.938113363104        -733.639511013861        -879.867068305381           1.010588421015          -0.057284870788           0.060087473081
2024-01-30-07-59-59.99     -408260.128825079068        7354.191829432005       42200.658132197990          38.008727705106        -738.133046012889        -896.032643619921           1.009679699577          -0.056491236681           0.056251634416
2024-01-30-09-00-00.00     -408104.918138259614        4687.687857307815       38944.108738648050          48.249654842174        -743.401770665717        -913.371498037589           1.008770654876          -0.055577679939           0.052307349331
2024-01-30-09-59-59.99     -407912.498393058602        2000.539268226524       35622.752471107284          58.684880999495        -749.639046655505        -932.070772774603           1.007862556485          -0.054531180557           0.048248341310
2024-01-30-10-59-59.99     -407682.118043646449        -711.178776413073       32231.294931489731          69.344502469895        -757.100467010509        -952.358646634880           1.006956902321          -0.053336086375           0.044067653426
2024-01-30-12-00-00.00     -407412.903213965008       -3452.460928629213       28763.529995040117          80.266790286602        -766.130123074658        -974.515581476916           1.006055487933          -0.051973331869           0.039757599572
2024-01-30-12-59-59.99     -407103.823303712183       -6229.757590303261       25212.126571919078          91.501123328487        -777.200994012685        -998.888809999369           1.005160505910          -0.050419346191           0.035309753732
2024-01-30-13-59-59.99     -406753.643861704331       -9051.544959955065       21568.356711703156         103.112215302631        -790.978904945132       -1025.910441946442           1.004274692871          -0.048644492852           0.030715027830
2024-01-30-15-00-00.00     -406360.860995023453      -11929.191765930067       17821.752937329580         115.186273226484        -808.427202167918       -1056.118321049868           1.003401554468          -0.046610780800           0.025963943892
2024-01-30-15-59-59.99     -405923.608819049550      -14878.321192074020       13959.692009842449         127.839986762740        -830.984485850084       -1090.174509583474           1.002545723627          -0.044268414283           0.021047327394
2024-01-30-16-59-59.99     -405439.527889458754      -17921.032099212960        9966.940526591954         141.233365793373        -860.878809302107       -1128.862780486230           1.001713557499          -0.041550435800           0.015957925878
2024-01-30-18-00-00.00     -404905.580036203901      -21089.674885579185        5825.327127872006         155.586439867970        -901.707033846112       -1173.003757289850           1.000914185966          -0.038364151302           0.010694126655
2024-01-30-18-59-59.99     -404317.803591460572      -24433.557032212713        1514.129472135009         171.193318352143        -959.544321730782       -1223.086355055025           1.000161466289          -0.034577064632           0.005268664555
2024-01-30-19-59-59.99     -403671.069181681261      -28031.321366484128       -2986.821829032358         188.395561184919       -1045.096686788614       -1277.933332914771           0.999477868087          -0.029993781732          -0.000270112819
2024-01-30-21-00-00.00     -402959.229674242670      -32013.951804911678       -7684.434047141507         207.332986437766       -1177.500145504353       -1330.024076318238           0.998902636070          -0.024321420656          -0.005783646767
2024-01-30-21-59-59.99     -402177.557458749507      -36601.866113985394      -12526.648023565136         226.691866101135       -1386.951576064670       -1349.865663560413           0.998508822240          -0.017144158427          -0.010900370733
2024-01-30-22-59-59.99     -401334.544835560373      -42113.517848182863      -17262.879993078372         239.388873990681       -1686.044526961177       -1250.162458410633           0.998428506430          -0.008072563619          -0.014702462201
2024-01-31-00-00-00.00     -400480.099832644220      -48696.353571160711      -21249.165233125830         231.073779821917       -1941.525147149605        -930.043725266259           0.998818995787           0.002437444261          -0.015618079792
2024-01-31-00-59-59.99     -399690.208796640509      -55785.570905003478      -23883.649105080254         207.383582185050       -1957.394971602072        -548.272066811348           0.999655402898           0.012431909256          -0.013001834133
2024-01-31-01-59-59.99     -398978.267079667654      -62621.611959532245      -25377.096564053318         189.991026775794       -1831.677790866805        -306.915000362003           1.000716743328           0.020509959942          -0.008201445560
2024-01-31-03-00-00.00     -398310.088355136104      -68966.538657688361      -26237.174615963177         182.591251322498       -1696.349773266917        -185.249171693612           1.001845553488           0.026762343763          -0.002597943132
2024-01-31-03-59-59.99     -397656.060286460095      -74864.922544592599      -26783.850606331009         181.535911721437       -1584.803995188503        -125.411512697154           1.002982517584           0.031669710009           0.003166316743
2024-01-31-04-59-59.99     -396998.803371644928      -80405.207920004512      -27175.675348051940         184.045134076748       -1496.563067352749         -95.722882841040           1.004109254901           0.035614931101           0.008850833545
2024-01-31-06-00-00.00     -396328.510638666281      -85661.489222261385      -27491.155118545023         188.597260970205       -1426.121856763772         -81.354998589590           1.005220645604           0.038853890650           0.014372046553
2024-01-31-06-59-59.99     -395639.446179946011      -90688.894676717144      -27771.156469763915         194.374821887263       -1368.734414527698         -75.199560093329           1.006315747544           0.041556192651           0.019705866817
2024-01-31-07-59-59.99     -394928.097494543996      -95527.889479201869      -28038.055021837092         200.920365218226       -1320.974754760010         -73.648784795058           1.007394897393           0.043837428918           0.024851153987
2024-01-31-09-00-00.00     -394192.224908532866     -100208.559517463393      -28304.595405207099         207.964730590876       -1280.443807185895         -74.764360106008           1.008458756097           0.045779093116           0.029815505848
2024-01-31-09-59-59.99     -393430.354371950321     -104753.711462312232      -28578.228207612381         215.341882533637       -1245.450633715944         -77.452428165421           1.009507993019           0.047440509906           0.034609478545
2024-01-31-10-59-59.99     -392641.493519083248     -109180.981312082891      -28863.358803596035         222.945045505240       -1214.782459274035         -81.070172276976           1.010543189982           0.048866109386           0.039244177022
2024-01-31-12-00-00.00     -391824.965113191342     -113504.261349546490      -29162.575104885469         230.703038439420       -1187.551805783737         -85.227366599806           1.011564822416           0.050089999080           0.043730262809
2024-01-31-12-59-59.99     -390980.305141227087     -117734.678161695425      -29477.348198858450         238.566916731355       -1163.096232798636         -89.681060041157           1.012573266565           0.051138929298           0.048077579651
2024-01-31-13-59-59.99     -390107.198104629933     -121881.275360989239      -29808.447462369124         246.502114491973       -1140.912023382810         -94.277145098552           1.013568814104           0.052034274017           0.052295052718
2024-01-31-15-00-00.00     -389205.434570724028     -125951.499580289616      -30156.194397823427         254.483648622912       -1120.609607618064         -98.916664825998           1.014551687240           0.052793391955           0.056390707266
2024-01-31-15-59-59.99     -388274.882521499239     -129951.553084929110      -30520.622009507799         262.493094275078       -1101.883036229279        -103.535725411265           1.015522052110           0.053430584611           0.060371735955
2024-01-31-16-59-59.99     -387315.467523875122     -133886.654230184300      -30901.577094533874         270.516621269705       -1084.488678887815        -108.093169585534           1.016480030048           0.053957784736           0.064244582066
2024-01-31-18-00-00.00     -386327.158697654260     -137761.233056641388      -31298.787087241857         278.543685967206       -1068.230088122886        -112.562820931281           1.017425706663           0.054385062211           0.068015023615
2024-01-31-18-59-59.99     -385309.958588433918     -141579.080420350161      -31711.904371382989         286.566139506912       -1052.947059447520        -116.928497482960           1.018359139122           0.054721001932           0.071688251919
2024-01-31-19-59-59.99     -384263.895729021344     -145343.463283461548      -32140.535975741772         294.577607197342       -1038.507598193290        -121.180745291452           1.019280362017           0.054972989700           0.075268942225
2024-01-31-21-00-00.00     -383189.019088542671     -149057.214980264253      -32584.263621349626         302.573048516439       -1024.801933651321        -125.314664079373           1.020189391981           0.055147433031           0.078761315943
2024-01-31-21-59-59.99     -382085.393870780710     -152722.806714338309      -33042.657303599808         310.548439864457       -1011.737998047485        -129.328439906686           1.021086231350           0.055249933403           0.082169194929
2024-01-31-22-59-59.99     -380953.098292491166     -156342.404793982685      -33515.284487275538         318.500542310889        -999.237968993736        -133.222343569895           1.021970871163           0.055285421335           0.085496048569
2024-02-01-00-00-00.00     -379792.221084003570     -159917.916899630247      -34001.716293242243         326.426729170198        -987.235594636670        -136.998040469598           1.022843293492           0.055258264894           0.088745034538
2024-02-01-00-59-59.99     -378602.859529316018     -163451.029822079494      -34501.531605035096         334.324856365651        -975.674102139820        -140.658111684227           1.023703473307           0.055172357158           0.091919034087
2024-02-01-01-59-59.99     -377385.117914135568     -166943.240499563399      -35014.319728147362         342.193163800570        -964.504546104351        -144.205719887840           1.024551380048           0.055031186476           0.095020682611
2024-02-01-03-00-00.00     -376139.106285921880     -170395.881739621953      -35539.682038221559         350.030199519282        -953.684492386325        -147.644375714313           1.025386978822           0.054837894835           0.098052396194
2024-02-01-03-59-59.99     -374864.939455017447     -173810.143687552743      -36077.232921944094         357.834760785655        -943.176960269464        -150.977774306081           1.026210231367           0.054595326141           0.101016394693
2024-02-01-04-59-59.99     -373562.736183872272     -177187.091863079113      -36626.600223861700         365.605847901901        -932.949565495019        -154.209681391450           1.027021096906           0.054306065529           0.103914721888
2024-02-01-06-00-00.00     -372232.618524392426     -180527.682406888722      -37187.425349673184         373.342627684964        -922.973820885162        -157.343854427754           1.027819532766           0.053972473094           0.106749263097
2024-02-01-06-59-59.99     -370874.711272821529     -183832.775042361231      -37759.363133251696         381.044404350693        -913.224561618768        -160.383988735966           1.028605494877           0.053596712368           0.109521760636
2024-02-01-07-59-59.99     -369489.141518727411     -187103.144153829373      -38342.081543592620         388.710596124671        -903.679469883728        -163.333681485332           1.029378938257           0.053180773604           0.112233827412
2024-02-01-09-00-00.00     -368076.038269780227     -190339.488302365207      -38935.261286491223         396.340716330767        -894.318679323989        -166.196408482351           1.030139817321           0.052726494431           0.114886958928
2024-02-01-09-59-59.99     -366635.532138092734     -193542.438437795790      -39538.595339904910         403.934357974667        -885.124444020489        -168.975510060185           1.030888086145           0.052235577597           0.117482543886
2024-02-01-10-59-59.99     -365167.755076807283     -196712.565016726818      -40151.788451066095         411.491181124051        -876.080859971783        -171.674183531666           1.031623698736           0.051709605377           0.120021873607
2024-02-01-12-00-00.00     -363672.840158050589     -199850.384197860083      -40774.556615053232         419.010902490328        -867.173629574560        -174.295480233878           1.032346609193           0.051150052861           0.122506150407
2024-02-01-12-59-59.99     -362150.921384954592     -202956.363255144330      -41406.626549218410         426.493286810130        -858.389861498948        -176.842305874165           1.033056771825           0.050558299525           0.124936495059
2024-02-01-13-59-59.99     -360602.133532197739     -206030.925324941287      -42047.735172774213         433.938139632006        -849.717899886919        -179.317423057756           1.033754141320           0.049935638464           0.127313953476
2024-02-01-15-00-00.00     -359026.612010175944     -209074.453583482304      -42697.629098787584         441.345301301240        -841.147177935247        -181.723455409314           1.034438672813           0.049283285293           0.129639502691
2024-02-01-15-59-59.99     -357424.492749157187     -212087.294935058890      -43356.064142704250         448.714641877782        -832.668091885239        -184.062892643837           1.035110321931           0.048602386016           0.131914056226
2024-02-01-16-59-59.99     -355795.912100250425     -215069.763278301834      -44022.804850383429         456.046056846964        -824.271892150951        -186.338096267000           1.035769044902           0.047894023080           0.134138468939
2024-02-01-18-00-00.00     -354141.006750618049     -218022.142407284729      -44697.624047313984         463.339463469890        -815.950588912202        -188.551305593147           1.036414798572           0.047159221578           0.136313541382
2024-02-01-18-59-59.99     -352459.913650801638     -220944.688595425629      -45380.302409841068         470.594797680174        -807.696869965034        -190.704643913690           1.037047540410           0.046398954785           0.138440023745
2024-02-01-19-59-59.99     -350752.769952434115     -223837.632902926300      -46070.628058530216         477.812011418951        -799.504029001872        -192.800124638339           1.037667228585           0.045614148200           0.140518619435
2024-02-01-21-00-00.00     -349019.712954819610     -226701.183242466504      -46768.396173532550         484.991070350663        -791.365902799069        -194.839657340096           1.038273821956           0.044805684014           0.142549988314
2024-02-01-21-59-59.99     -347260.880059195275     -229535.526232864853      -47473.408631338294         492.131951884272        -783.276816038972        -196.825053608838           1.038867280050           0.043974405131           0.144534749648
2024-02-01-22-59-59.99     -345476.408729534189     -232340.828866220429      -48185.473662379700         499.234643474475        -775.231532700930        -198.758032711110           1.039447563129           0.043121117900           0.146473484794
2024-02-02-00-00-00.00     -343666.436459185730     -235117.240010505251      -48904.405528328563         506.299141132767        -767.225213119026        -200.640226977101           1.040014632157           0.042246595425           0.148366739649
2024-02-02-00-59-59.99     -341831.100742411159     -237864.891766603250      -49630.024218522900         513.325448132839        -759.253375945212        -202.473186934118           1.040568448775           0.041351580580           0.150215026885
2024-02-02-01-59-59.99     -339970.539050339023     -240583.900696269033      -50362.155164283453         520.313573881170        -751.311864373667        -204.258386175115           1.041108975350           0.040436787854           0.152018827999
2024-02-02-03-00-00.00     -338084.888810677454     -243274.368935328443      -51100.628970358383         527.263532930059        -743.396816075208        -205.997225964009           1.041636174945           0.039502905874           0.153778595193
2024-02-02-03-59-59.99     -336174.287390836864     -245936.385204585589      -51845.281162350839         534.175344099057        -735.504636367755        -207.691039560377           1.042150011280           0.038550599738           0.155494753087
2024-02-02-04-59-59.99     -334238.872083940427     -248570.025729379995      -52595.951949379974         541.049029715316        -727.631974226522        -209.341096310917           1.042650448784           0.037580512238           0.157167700312
2024-02-02-06-00-00.00     -332278.780097449548     -251175.355077347602      -53352.486000954748         547.884614935660        -719.775700781384        -210.948605482975           1.043137452555           0.036593265844           0.158797810961
2024-02-02-06-59-59.99     -330294.148544074735     -253752.426922800310      -54114.732237241071         554.682127152162        -711.932890006651        -212.514719870829           1.043610988331           0.035589464549           0.160385435928
2024-02-02-07-59-59.99     -328285.114434693300     -256301.284745141369      -54882.543631919129         561.441595466562        -704.100801343813        -214.040539180461           1.044071022528           0.034569694662           0.161930904148
2024-02-02-09-00-00.00     -326251.814673029934     -258821.962467872712      -55655.777026860640         568.163050222079        -696.276864032305        -215.527113202591           1.044517522212           0.033534526405           0.163434523741
2024-02-02-09-59-59.99     -324194.386051972862     -261314.485043950262      -56434.292957828780         574.846522594871        -688.458662958017        -216.975444797459           1.044950455061           0.032484515417           0.164896583062
2024-02-02-10-59-59.99     -322112.965251236339     -263778.868992681906      -57217.955490625456         581.492044228818        -680.643925845686        -218.386492692795           1.045369789411           0.031420203228           0.166317351679
2024-02-02-12-00-00.00     -320007.688836245798     -266215.122892721789      -58006.632067019214         588.099646909944        -672.830511647427        -219.761174109352           1.045775494228           0.030342118582           0.167697081280
2024-02-02-12-59-59.99     -317878.693258229410     -268623.247835170361      -58800.193359736462         594.669362281766        -665.016400000520        -221.100367230750           1.046167539069           0.029250778689           0.169036006504
2024-02-02-13-59-59.99     -315726.114855076594     -271003.237840568996      -59598.513136259025         601.201221589139        -657.199681635211        -222.404913522082           1.046545894136           0.028146689476           0.170334345725
2024-02-02-15-00-00.00     -313550.089853290585     -273355.080242809199      -60401.468130506481         607.695255450903        -649.378549634727        -223.675619907841           1.046910530244           0.027030346699           0.171592301766
2024-02-02-15-59-59.99     -311350.754370560287     -275678.756043054047      -61208.937922264493         614.151493669677        -641.551291463170        -224.913260832342           1.047261418792           0.025902237017           0.172810062570
2024-02-02-16-59-59.99     -309128.244419023162     -277974.240236187645      -62020.804823766048         620.569965052247        -633.716281671304        -226.118580186652           1.047598531818           0.024762838069           0.173987801823
2024-02-02-18-00-00.00     -306882.695909138187     -280241.502112130867      -62836.953773000954         626.950697263860        -625.871975223392        -227.292293134875           1.047921841964           0.023612619440           0.175125679531
2024-02-02-18-59-59.99     -304614.244654005626     -282480.505534168275      -63657.272233447860         633.293716698874        -618.016901375529        -228.435087833284           1.048231322461           0.022452043595           0.176223842553
2024-02-02-19-59-59.99     -302323.026374162990     -284691.209196127660      -64481.650099780578         639.599048373300        -610.149658054906        -229.547627055524           1.048526947178           0.021281565829           0.177282425108
2024-02-02-21-00-00.00     -300009.176702707307     -286873.566860164923      -65309.979609288021         645.866715839651        -602.268906692625        -230.630549732865           1.048808690602           0.020101635120           0.178301549234
2024-02-02-21-59-59.99     -297672.831190690573     -289027.527576696593      -66142.155258691258         652.096741113127        -594.373367461723        -231.684472408481           1.049076527814           0.018912694965           0.179281325217
2024-02-02-22-59-59.99     -295314.125312750635     -291153.035887866339      -66978.073726059447         658.289144620167        -586.461814888725        -232.709990621839           1.049330434551           0.017715183226           0.180221852003
2024-02-03-00-00-00.00     -292933.194472885865     -293250.032015811885      -67817.633797655362         664.443945163050        -578.533073801030        -233.707680224999           1.049570387186           0.016509532903           0.181123217566
2024-02-03-00-59-59.99     -290530.174010468123     -295318.452036935661      -68660.736299003984         670.561159886495        -570.586015573002        -234.678098625726           1.049796362711           0.015296172892           0.181985499250
2024-02-03-01-59-59.99     -288105.199206023419     -297358.228043124836      -69507.284031169329         676.640804284574        -562.619554660219        -235.621785994792           1.050008338802           0.014075527757           0.182808764103
2024-02-03-03-00-00.00     -285658.405287352158     -299369.288290957862      -70357.181710398872         682.682892193455        -554.632645371328        -236.539266397039           1.050206293799           0.012848018441           0.183593069173
2024-02-03-03-59-59.99     -283189.927435317950     -301351.557339783991      -71210.335912287919         688.687435821066        -546.624278878893        -237.431048892043           1.050390206704           0.011614062961           0.184338461781
2024-02-03-04-59-59.99     -280699.900789793115     -303304.956179273548      -72066.655019565544         694.654445770423        -538.593480425068        -238.297628575839           1.050560057239           0.010374076127           0.185044979786
2024-02-03-06-00-00.00     -278188.460455255408     -305229.402347391471      -72926.049173717780         700.583931097063        -530.539306726289        -239.139487595338           1.050715825838           0.009128470207           0.185712651822
2024-02-03-06-59-59.99     -275655.741506298771     -307124.810039252217      -73788.430230099955         706.475899369915        -522.460843541889        -239.957096118431           1.050857493646           0.007877655572           0.186341497517
2024-02-03-07-59-59.99     -273101.878992805607     -308991.090207561909      -74653.711716536214         712.330356754758        -514.357203402569        -240.750913275619           1.050985042586           0.006622040380           0.186931527700
2024-02-03-09-00-00.00     -270527.007944854151     -310828.150655103032      -75521.808795217876         718.147308109734        -506.227523478559        -241.521388069986           1.051098455351           0.005362031196           0.187482744586
2024-02-03-09-59-59.99     -267931.263377209194     -312635.896119808196      -76392.638227854331         723.926757101120        -498.070963579821        -242.268960263605           1.051197715413           0.004098033614           0.187995141945
2024-02-03-10-59-59.99     -265314.780293405463     -314414.228352825972      -77266.118343954338         729.668706332872        -489.886704272615        -242.994061240109           1.051282807087           0.002830451901           0.188468705267
2024-02-03-12-00-00.00     -262677.693689268024     -316163.046190045192      -78142.169012209270         735.373157498136        -481.673945106659        -243.697114850610           1.051353715538           0.001559689595           0.188903411900
2024-02-03-12-59-59.99     -260020.138555942016     -317882.245617359760      -79020.711614849643         741.040111543812        -473.431902936964        -244.378538241250           1.051410426788           0.000286150103           0.189299231175
2024-02-03-13-59-59.99     -257342.249882216362     -319571.719830106304      -79901.669024995179         746.669568858067        -465.159810336673        -245.038742669976           1.051452927791          -0.000989763678           0.189656124532
2024-02-03-15-00-00.00     -254644.162656202709     -321231.359286890249      -80784.965586898179         752.261529474667        -456.856914087613        -245.678134311766           1.051481206439          -0.002267648783           0.189974045616
2024-02-03-15-59-59.99     -251926.011866156739     -322861.051758164540      -81670.527099102808         757.815993303488        -448.522473745441        -246.297115058542           1.051495251580          -0.003547101592           0.190252940368
2024-02-03-16-59-59.99     -249187.932500543218     -324460.682369685033      -82558.280800434382         763.332960375915        -440.155760263332        -246.896083311427           1.051495053096          -0.004827718233           0.190492747109
2024-02-03-18-00-00.00     -246430.059547059442     -326030.133641189837      -83448.155358874981         768.812431126403        -431.756054679874        -247.475434774700           1.051480601918          -0.006109094005           0.190693396608
2024-02-03-18-59-59.99     -243652.527990699367     -327569.285520380014      -84340.080863267547         774.254406684822        -423.322646846274        -248.035563246019           1.051451890047          -0.007390822810           0.190854812127
2024-02-03-19-59-59.99     -240855.472810616542     -329078.015412463923      -85233.988817895617         779.658889215661        -414.854834209781        -248.576861414690           1.051408910639          -0.008672497558           0.190976909480
2024-02-03-21-00-00.00     -238039.028975783178     -330556.198205344437      -86129.812139928690         785.025882275725        -406.351920626982        -249.099721662967           1.051351658027          -0.009953709599           0.191059597059
2024-02-03-21-59-59.99     -235203.331439274509     -332003.706290613569      -87027.485159775315         790.355391209399        -397.813215213184        -249.604536877719           1.051280127750          -0.011234048157           0.191102775852
2024-02-03-22-59-59.99     -232348.515131065389     -333420.409580458305      -87926.943624379230         795.647423577226        -389.238031218363        -250.091701274167           1.051194316642          -0.012513100735           0.191106339467
2024-02-04-00-00-00.00     -229474.714949237125     -334806.175520548190      -88828.124703506081         800.901989627996        -380.625684930295        -250.561611235594           1.051094222863          -0.013790452555           0.191070174120
2024-02-04-00-59-59.99     -226582.065749355912     -336160.869099049887      -89730.966999088196         806.119102799456        -371.975494587297        -251.014666171206           1.050979845936          -0.015065685978           0.190994158628
2024-02-04-01-59-59.99     -223670.702332076180     -337484.352851675998      -90635.410557694355         811.298780282879        -363.286779318693        -251.451269396727           1.050851186840          -0.016338380916           0.190878164387
2024-02-04-03-00-00.00     -220740.759428514371     -338776.486863018072      -91541.396886215822         816.441043605549        -354.558858071962        -251.871829039737           1.050708248053          -0.017608114256           0.190722055341
2024-02-04-03-59-59.99     -217792.371683511767     -340037.128763967019      -92448.868970862924         821.545919293692        -345.791048563527        -252.276758974421           1.050551033594          -0.018874459279           0.190525687927
2024-02-04-04-59-59.99     -214825.673636358813     -341266.133725392399      -93357.771299579152         826.613439566953        -336.982666208839        -252.666479788613           1.050379549129          -0.020136986060           0.190288911028
2024-02-04-06-00-00.00     -211840.799698990711     -342463.354447896068      -94268.049888010384         831.643643112403        -328.133023057775        -253.041419786096           1.050193802013          -0.021395260876           0.190011565899
2024-02-04-06-59-59.99     -208837.884131185128     -343628.641147780640      -95179.652309142024         836.636575903447        -319.241426700047        -253.402016030619           1.049993801358          -0.022648845614           0.189693486079
2024-02-04-07-59-59.99     -205817.061012753926     -344761.841538991546      -96092.527726781263         841.592292113349        -310.307179167945        -253.748715432541           1.049779558130          -0.023897298150           0.189334497303
2024-02-04-09-00-00.00     -202778.464212261635     -345862.800811099703      -97006.626933032036         846.510855087192        -301.329575799151        -254.081975886656           1.049551085214          -0.025140171746           0.188934417390
2024-02-04-09-59-59.99     -199722.227352151007     -346931.361603092751      -97921.902389973053         851.392338413200        -292.307904079631        -254.402267462773           1.049308397487          -0.026377014419           0.188493056116
2024-02-04-10-59-59.99     -196648.483769777842     -347967.363972990774      -98838.308275715797         856.236827081719        -283.241442446241        -254.710073657303           1.049051511925          -0.027607369315           0.188010215078
2024-02-04-12-00-00.00     -193557.366474140465     -348970.645363040676      -99755.800535093513         861.044418737212        -274.129459040512        -255.005892712435           1.048780447687          -0.028830774059           0.187485687543
2024-02-04-12-59-59.99     -190449.008097898972     -349941.040560343536     -100674.336935228130         865.815225058147        -264.971210426564        -255.290239004671           1.048495226187          -0.030046760108           0.186919258267
2024-02-04-13-59-59.99     -187323.540844185976     -350878.381652786804     -101593.877126227846         870.549373234086        -255.765940233959        -255.563644518068           1.048195871227          -0.031254853075           0.186310703322
2024-02-04-15-00-00.00     -184181.096427934011     -351782.497979923210     -102514.382707363868         875.247007602068        -246.512877756926        -255.826660397522           1.047882409083          -0.032454572056           0.185659789877
2024-02-04-15-59-59.99     -181021.806010875647     -352653.216078833560     -103435.817298913782         879.908291393995        -237.211236452419        -256.079858606862           1.047554868601          -0.033645428923           0.184966275975
2024-02-04-16-59-59.99     -177845.800130517950     -353490.359623924887     -104358.146620517626         884.533408677449        -227.860212383021        -256.323833677758           1.047213281339          -0.034826928617           0.184229910292
2024-02-04-18-00-00.00     -174653.208620845631     -354293.749361880764     -105281.338575347341         889.122566433275        -218.458982531626        -256.559204588995           1.046857681667          -0.035998568410           0.183450431866
2024-02-04-18-59-59.99     -171444.160526104795     -355063.203039490269     -106205.363341920500         893.675996864828        -209.006703044011        -256.786616751240           1.046488106886          -0.037159837150           0.182627569799
2024-02-04-19-59-59.99     -168218.784005535679     -355798.535325302393     -107130.193472997984         898.193959881683        -199.502507320310        -257.006744141959           1.046104597381          -0.038310215482           0.181761042951
2024-02-04-21-00-00.00     -164977.206228761323     -356499.557724149781     -108055.804002468067         902.676745843646        -189.945503995025        -257.220291578565           1.045707196745          -0.039449175050           0.180850559591
2024-02-04-21-59-59.99     -161719.553260846820     -357166.078484133875     -108982.172560705163         907.124678549957        -180.334774758130        -257.427997158434           1.045295951914          -0.040576177657           0.179895817022
2024-02-04-22-59-59.99     -158445.949936095276     -357797.902495474613     -109909.279499023920         911.538118523339        -170.669372019402        -257.630634872214           1.044870913342          -0.041690675410           0.178896501182
2024-02-05-00-00-00.00     -155156.519719521253     -358394.831180576526     -110837.108023912573         915.917466598476        -160.948316380137        -257.829017416884           1.044432135150          -0.042792109823           0.177852286209
2024-02-05-00-59-59.99     -151851.384554684715     -358956.662374718522     -111765.644341731881         920.263167872616        -151.170593911486        -258.023999217530           1.043979675282          -0.043879910881           0.176762833962
2024-02-05-01-59-59.99     -148530.664696710592     -359483.190196466749     -112694.877814747204         924.575716033813        -141.335153197080        -258.216479688896           1.043513595705          -0.044953497070           0.175627793515
2024-02-05-03-00-00.00     -145194.478528850974     -359974.204907089937     -113624.801129303320         928.855658141801        -131.440902141203        -258.407406743594           1.043033962587          -0.046012274360           0.174446800606
2024-02-05-03-59-59.99     -141842.942361123976     -360429.492757866741     -114555.410477204248         933.103599864584        -121.486704472902        -258.597780597220           1.042540846484          -0.047055635128           0.173219477029
2024-02-05-04-59-59.99     -138476.170209029748     -360848.835824358102     -115486.705751276502         937.320211273253        -111.471375953599        -258.788657873410           1.042034322569          -0.048082958048           0.171945429998
2024-02-05-06-00-00.00     -135094.273550418089     -361232.011826339294     -116418.690756360258         941.506233226664        -101.393680222954        -258.981156057994           1.041514470845          -0.049093606897           0.170624251440
2024-02-05-06-59-59.99     -131697.361058090115     -361578.793932166300     -117351.373436943963         945.662484447912         -91.252324267964        -259.176458318770           1.040981376370          -0.050086929307           0.169255517232
2024-02-05-07-59-59.99     -128285.538305757495     -361888.950545898580     -118284.766123001202         949.789869330884         -81.045953427586        -259.375818759909           1.040435129525          -0.051062256443           0.167838786385
2024-02-05-09-00-00.00     -124858.907444160315     -362162.245075786952     -119218.885795398935         953.889386630893         -70.773145935382        -259.580568114642           1.039875826268          -0.052018901597           0.166373600148
2024-02-05-09-59-59.99     -121417.566844403656     -362398.435681957460     -120153.754372836644         957.962139091549         -60.432406888962        -259.792119963802           1.039303568411          -0.052956158679           0.164859481040
2024-02-05-10-59-59.99     -117961.610704618623     -362597.275001395785     -121089.399022094411         962.009344171008         -50.022161615591        -260.011977507931           1.038718463929          -0.053873301628           0.163295931800
