2024-01-01-00-00-00.00     -237341.676118262054     -309857.184382543957     -135787.190206135565         880.196567017503        -261.839557428574        -328.713476553107           0.189222108978           1.002436487810           0.047028701299
2024-01-01-00-59-59.99     -234164.054171393305     -310788.534092462680     -136965.614997518569         885.142296389099        -255.568196297632        -325.960460657650           0.189241102610           1.000587938979           0.045796762683
2024-01-01-02-00-00.00     -230968.700047744525     -311697.212352400413     -138134.058592036687         890.047639138448        -249.244299173118        -323.168335803774           0.189227219854           0.998745128724           0.044561785702
2024-01-01-03-00-00.00     -227755.760627882497     -312583.029947966745     -139292.379859819775         894.911766261744        -242.867820183930        -320.336914786279           0.189180509411           0.996908209821           0.043323829339
2024-01-01-03-59-59.99     -224525.385797705239     -313445.797513268539     -140440.437001048878         899.733837124282        -236.438721077476        -317.466012640877           0.189101020994           0.995077332757           0.042082953375
2024-01-01-05-00-00.00     -221277.728490420326     -314285.325558819342     -141578.087554288271         904.512999401423        -229.956971488747        -314.555446792024           0.188988805893           0.993252645621           0.040839218412
2024-01-01-06-00-00.00     -218012.944728729344     -315101.424500427500     -142705.188405357971         909.248389023407        -223.422549214819        -311.605037205223           0.188843916680           0.991434294158           0.039592685881
2024-01-01-06-59-59.99     -214731.193667203246     -315893.904689081130     -143821.595796761685         913.939130124455        -216.835440494371        -308.614606543535           0.188666406911           0.989622421828           0.038343418064
2024-01-01-08-00-00.00     -211432.637634832470     -316662.576441848243     -144927.165337686078         918.584334996714        -210.195640292108        -305.583980328127           0.188456331693           0.987817169699           0.037091478106
2024-01-01-09-00-00.00     -208117.442177733436     -317407.250073809701     -146021.752014584607         923.183104049645        -203.503152587710        -302.512987102530           0.188213747389           0.986018676501           0.035836930035
2024-01-01-09-59-59.99     -204785.776101989730     -318127.735931039613     -147105.210202358809         927.734525775454        -196.757990669943        -299.401458600823           0.187938711332           0.984227078693           0.034579838774
2024-01-01-11-00-00.00     -201437.811516607704     -318823.844424656534     -148177.393676153501         932.237676720996        -189.960177435429        -296.249229919438           0.187631282386           0.982442510348           0.033320270159
2024-01-01-12-00-00.00     -198073.723876559234     -319495.386065957253     -149238.155623776693         936.691621466499        -183.109745693425        -293.056139693359           0.187291520658           0.980665103220           0.032058290956
2024-01-01-12-59-59.99     -194693.692025890196     -320142.171502657875     -150287.348658761097         941.095412611233        -176.206738476242        -289.822030276692           0.186919487216           0.978894986804           0.030793968878
2024-01-01-14-00-00.00     -191297.898240866634     -320764.011556267098     -151324.824834086321         945.448090766130        -169.251209355292        -286.546747927776           0.186515244649           0.977132288227           0.029527372599
2024-01-01-15-00-00.00     -187886.528273135773     -321360.717260603793     -152350.435656574467         949.748684553502        -162.243222763878        -283.230142999663           0.186078856788           0.975377132317           0.028258571771
2024-01-01-15-59-59.99     -184459.771392875147     -321932.099901489739     -153364.032101981138         953.996210613790        -155.182854325566        -279.872070135564           0.185610388423           0.973629641662           0.026987637042
2024-01-01-17-00-00.00     -181017.820431904081     -322477.971057634684     -154365.464630800358         958.189673619502        -148.070191188424        -276.472388469554           0.185109905868           0.971889936506           0.025714640073
2024-01-01-18-00-00.00     -177560.871826732269     -322998.142642734223     -155354.583204800292         962.328066296608        -140.905332364689        -273.030961832376           0.184577476683           0.970158134819           0.024439653551
2024-01-01-18-59-59.99     -174089.125661517202     -323492.426948799693     -156331.237304308976         966.410369453742        -133.688389075492        -269.547658962159           0.184013169396           0.968434352356           0.023162751209
2024-01-01-20-00-00.00     -170602.785710901371     -323960.636690737854     -157295.275946267444         970.435552019695        -126.419485100123        -266.022353719707           0.183417054073           0.966718702560           0.021884007842
2024-01-01-21-00-00.00     -167102.059482699202     -324402.585052195995     -158246.547703065415         974.402571089843        -119.098757129892        -262.454925308264           0.182789202038           0.965011296627           0.020603499321
2024-01-01-21-59-59.99     -163587.158260399447     -324818.085732687672     -159184.900722176157         978.310371982106        -111.726355126001        -258.845258497355           0.182129685607           0.963312243572           0.019321302611
2024-01-01-23-00-00.00     -160058.297145448043     -325206.952996015083     -160110.182746603212         982.157888303114        -104.302442681942        -255.193243850918           0.181438578652           0.961621650133           0.018037495788
2024-01-02-00-00-00.00     -156515.695099273900     -325569.001720004948     -161022.241136158322         985.944042025109         -96.827197389886        -251.498777959405           0.180715956330           0.959939620839           0.016752158057
2024-01-02-00-59-59.99     -152959.574985016894     -325904.047447569785     -161920.922889581387         989.667743574139         -89.300811212290        -247.761763676685           0.179961894821           0.958266258073           0.015465369761
2024-01-02-02-00-00.00     -149390.163608918840     -326211.906439116225     -162806.074667521520         993.327891929645         -81.723490857899        -243.982110361500           0.179176471890           0.956601661984           0.014177212406
2024-01-02-03-00-00.00     -145807.691761337512     -326492.395726314106     -163677.542816395551         996.923374735483         -74.095458162687        -240.159734123873           0.178359766627           0.954945930556           0.012887768671
2024-01-02-03-59-59.99     -142212.394257324049     -326745.333167259872     -164535.173393152247        1000.453068423748         -66.416950476830        -236.294558078355           0.177511859181           0.953299159667           0.011597122427
2024-01-02-05-00-00.00     -138604.509976765985     -326970.537503010652     -165378.812190939032        1003.915838348056         -58.688221053954        -232.386512599807           0.176632831333           0.951661443013           0.010305358748
2024-01-02-06-00-00.00     -134984.281903996598     -327167.828415559721     -166208.304765718960        1007.310538931000         -50.909539446940        -228.435535587473           0.175722766232           0.950032872170           0.009012563935
2024-01-02-06-59-59.99     -131351.957166867913     -327337.026587224042     -167023.496463835821        1010.636013822547         -43.081191905578        -224.441572732297           0.174781748139           0.948413536661           0.007718825521
2024-01-02-08-00-00.00     -127707.787075228218     -327477.953761476558     -167824.232450553216        1013.891096071558         -35.203481777982        -220.404577789369           0.173809862996           0.946803523880           0.006424232297
2024-01-02-09-00-00.00     -124052.027158755882     -327590.432805225370     -168610.357739583735        1017.074608310588         -27.276729913822        -216.324512854135           0.172807198175           0.945202919156           0.005128874316
2024-01-02-09-59-59.99     -120384.937204105416     -327674.287772547686     -169381.717223615095        1020.185362954909         -19.301275069754        -212.201348642412           0.171773842218           0.943611805822           0.003832842915
2024-01-02-11-00-00.00     -116706.781291308755     -327729.343969887937     -170138.155705853394        1023.222162416499         -11.277474316660        -208.035064773930           0.170709885414           0.942030265143           0.002536230729
2024-01-02-12-00-00.00     -113017.827829378730     -327755.428022724343     -170879.517932592891        1026.183799333654          -3.205703448690        -203.825650059456           0.169615419546           0.940458376383           0.001239131701
2024-01-02-12-59-59.99     -109318.349591056642     -327752.367943712568     -171605.648626826413        1029.069056816727           4.913642605883        -199.573102791663           0.168490537643           0.938896216872          -0.000058358902
2024-01-02-14-00-00.00     -105608.623746646015     -327719.993202309764     -172316.392522909242        1031.876708710373          13.080149371936        -195.277431040032           0.167335334552           0.937343861940          -0.001356144473
2024-01-02-15-00-00.00     -101888.931896872047     -327658.134795889375     -173011.594402293325        1034.605519872505          21.293382413068        -190.938652949985           0.166149906692           0.935801384986          -0.002654127056
2024-01-02-15-59-59.99      -98159.560104706165     -327566.625322350301     -173691.099130345479        1037.254246470113          29.552886915630        -186.556797046395           0.164934351814           0.934268857544          -0.003952207331
2024-01-02-17-00-00.00      -94420.798926096017     -327445.299054224102     -174354.751694265724        1039.821636291999          37.858187271912        -182.131902541315           0.163688769568           0.932746349225          -0.005250284603
2024-01-02-18-00-00.00      -90672.943439537805     -327293.992014286050     -175002.397242122039        1042.306429078730          46.208786662638        -177.664019645931           0.162413261266           0.931233927783          -0.006548256787
2024-01-02-18-59-59.99      -86916.293274430296     -327112.542052667413     -175633.881123013765        1044.707356869908          54.604166639892        -173.153209886114           0.161107929643           0.929731659190          -0.007846020399
2024-01-02-20-00-00.00      -83151.152638146465     -326900.788925467932     -176249.048928377772        1047.023144369228          63.043786711006        -168.599546421215           0.159772879429           0.928239607573          -0.009143470547
2024-01-02-21-00-00.00      -79377.830341758643     -326658.574374862830     -176847.746534446429        1049.252509327752          71.527083924260        -164.003114365468           0.158408217114           0.926757835288          -0.010440500915
2024-01-02-21-59-59.99      -75596.639824349651     -326385.742210698605     -177429.820145867125        1051.394162946051          80.053472457053        -159.364011111483           0.157014050714           0.925286402994          -0.011737003757
2024-01-02-23-00-00.00      -71807.899175841623     -326082.138393563859     -177995.116340489330        1053.446810295895          88.622343207137        -154.682346655366           0.155590490343           0.923825369596          -0.013032869885
2024-01-03-00-00-00.00      -68011.931158270425     -325747.611119327426     -178543.482115324150        1055.409150762155          97.233063387447        -149.958243923135           0.154137647985           0.922374792324          -0.014327988664
2024-01-03-00-59-59.99      -64209.063225431732     -325382.010905126459     -179074.764933681407        1057.279878505620         105.884976124786        -145.191839098355           0.152655637260           0.920934726800          -0.015622247999
2024-01-03-02-00-00.00      -60399.627540822716     -324985.190676793281     -179588.812773488607        1059.057682947212         114.577400062628        -140.383281951055           0.151144574004           0.919505226994          -0.016915534330
2024-01-03-03-00-00.00      -56583.960993801265     -324557.005857703567     -180085.474176796270        1060.741249273951         123.309628968294        -135.532736168073           0.149604576036           0.918086345299          -0.018207732624
2024-01-03-03-59-59.99      -52762.405213884660     -324097.314459030458     -180564.598300475249        1062.329258966713         132.080931344943        -130.640379684906           0.148035762937           0.916678132605          -0.019498726369
2024-01-03-05-00-00.00      -48935.306583108963     -323605.977171386417     -181026.034968111722        1063.820390349842         140.890550048741        -125.706405019138           0.146438256622           0.915280638255          -0.020788397569
2024-01-03-06-00-00.00      -45103.016246370673     -323082.857457832259     -181469.634723104944        1065.213319162399         149.737701912087        -120.731019605098           0.144812181120           0.913893910127          -0.022076626736
2024-01-03-06-59-59.99      -41265.890119673175     -322527.821648231067     -181895.248882970714        1066.506719151023         158.621577373740        -115.714446129257           0.143157662350           0.912517994702          -0.023363292889
2024-01-03-08-00-00.00      -37424.288896199840     -321940.739034919010     -182302.729594853212        1067.699262684386         167.541340116992        -110.656922865539           0.141474828697           0.911152937036          -0.024648273551
2024-01-03-09-00-00.00      -33578.578050136028     -321321.481969662535     -182691.929892241838        1068.789621389559         176.496126716885        -105.558704009728           0.139763810792           0.909798780833          -0.025931444742
2024-01-03-09-59-59.99      -29729.127838159871     -320669.925961868837     -183062.703752889443        1069.776466810563         185.485046297775        -100.420060011921           0.138024741296           0.908455568524          -0.027212680982
2024-01-03-11-00-00.00      -25876.313298521942     -319985.949778006820     -183414.906157922174        1070.658471089891         194.507180201746         -95.241277906557           0.136257755475           0.907123341237          -0.028491855289
2024-01-03-12-00-00.00      -22020.514247628991     -319269.435542203602     -183748.393152132834        1071.434307673215         203.561581669202         -90.022661639175           0.134462990982           0.905802138878          -0.029768839175
2024-01-03-12-59-59.99      -18162.115274048225     -318520.268837966258     -184063.021905443777        1072.102652038051         212.647275531784         -84.764532389906           0.132640587646           0.904492000205          -0.031043502655
2024-01-03-14-00-00.00      -14301.505729844956     -317738.338810986665     -184358.650775528717        1072.662182446517         221.763257918368         -79.467228893466           0.130790688045           0.903192962812          -0.032315714241
2024-01-03-15-00-00.00      -10439.079719166972     -316923.538272980135     -184635.139371579571        1073.111580722215         230.908495974822         -74.131107755518           0.128913437294           0.901905063204          -0.033585340951
2024-01-03-15-59-59.99       -6575.236083988385     -316075.763806507865     -184892.348619206226        1073.449533051237         240.081927597872         -68.756543765478           0.127008982833           0.900628336880          -0.034852248307
2024-01-03-17-00-00.00       -2710.378386927390     -315194.915870730241     -185130.140826455056        1073.674730806890         249.282461184019         -63.343930205382           0.125077475004           0.899362818314          -0.036116300346
2024-01-03-18-00-00.00        1155.085108947432     -314280.898908035830     -185348.379750932101        1073.785871397813         258.508975394273         -57.893679154465           0.123119066841           0.898108541041          -0.037377359623
2024-01-03-18-59-59.99        5020.741463405304     -313333.621451487648     -185546.930668013752        1073.781659138975         267.760318935834         -52.406221788723           0.121133913857           0.896865537733          -0.038635287220
2024-01-03-20-00-00.00        8886.173085517752     -312352.996233023179     -185725.660440125881        1073.660806145285         277.035310361662         -46.882008674740           0.119122174621           0.895633840193          -0.039889942750
2024-01-03-21-00-00.00       12750.957763380140     -311338.940292341344     -185884.437587068591        1073.422033247265         286.332737889451         -41.321510056593           0.117084010555           0.894413479440          -0.041141184375
2024-01-03-21-59-59.99       16614.668697169145     -310291.375086405256     -186023.132357360155        1073.064070928814         295.651359240880         -35.725216135023           0.115019585717           0.893204485785          -0.042388868807
2024-01-03-23-00-00.00       20476.874535615534     -309210.226599484391     -186141.616800570191        1072.585660286669         304.989901502735         -30.093637337598           0.112929067384           0.892006888836          -0.043632851328
2024-01-04-00-00-00.00       24337.139415970119     -308095.425453656353     -186239.764840608143        1071.985554011779         314.347061010687         -24.427304579182           0.110812625840           0.890820717576          -0.044872985799
2024-01-04-00-59-59.99       28195.023007540640     -306946.907019685605     -186317.452349929634        1071.262517392301         323.721503257218         -18.726769511554           0.108670434172           0.889646000451          -0.046109124677
2024-01-04-02-00-00.00       32050.080558885445     -305764.611528183625     -186374.557224625838        1070.415329338455         333.111862823588         -12.992604763072           0.106502668846           0.888482765372          -0.047341119029
2024-01-04-03-00-00.00       35901.862948721151     -304548.484180978732     -186410.959460347425        1069.442783428722         342.516743338480          -7.225404165031           0.104309509496           0.887331039802          -0.048568818551
2024-01-04-03-59-59.99       39749.916740649336     -303298.475262578228     -186426.541229030874        1068.343688977244         351.934717461625          -1.425782968535           0.102091138722           0.886190850838          -0.049792071587
2024-01-04-05-00-00.00       43593.784241754918     -302014.540251645842     -186421.186956380086        1067.116872121354         361.364326894989           4.405621951361           0.099847742663           0.885062225224          -0.051010725146
2024-01-04-06-00-00.00       47433.003565156789     -300696.639932388673     -186394.783400062879        1065.761176928600         370.804082421225          10.268151903184           0.097579510791           0.883945189439          -0.052224624929
2024-01-04-06-59-59.99       51267.108696576113     -299344.740505754657     -186347.219728577445        1064.275466521724         380.252463970789          16.161126199305           0.095286635703           0.882839769775          -0.053433615346
2024-01-04-08-00-00.00       55095.629564985975     -297958.813700336032     -186278.387600742164        1062.658624220654         389.707920718349          22.083841989607           0.092969313693           0.881745992365          -0.054637539545
2024-01-04-09-00-00.00       58918.092117400236     -296538.836882870528     -186188.181245758024        1060.909554699984         399.168871210061          28.035574109993           0.090627744552           0.880663883262          -0.055836239434
2024-01-04-09-59-59.99       62734.018397855638     -295084.793168227305     -186076.497543787671        1059.027185161132         408.633703522666          34.015574946864           0.088262131348           0.879593468526          -0.057029555714
2024-01-04-11-00-00.00       66542.926630639078     -293596.671528760518     -185943.236106991564        1057.010466518112         418.100775455874          40.023074319005           0.085872681012           0.878534774250          -0.058217327902
2024-01-04-12-00-00.00       70344.331307806657     -292074.466902909277     -185788.299360956677        1054.858374596299         427.568414759108          46.057279377922           0.083459604116           0.877487826651          -0.059399394366
2024-01-04-12-59-59.99       74137.743281041476     -290518.180302917666     -185611.592626449274        1052.569911343503         437.034919393576          52.117374527459           0.081023114674           0.876452652143          -0.060575592354
2024-01-04-14-00-00.00       77922.669857890884     -288927.818921545928     -185413.024201421300        1050.144106052414         446.498557830697          58.202521363346           0.078563430704           0.875429277384          -0.061745758031
2024-01-04-15-00-00.00       81698.614902424975     -287303.396237641748     -185192.505443198053        1047.580016593730         455.957569387260          64.311858632843           0.076080774023           0.874417729352          -0.062909726511
2024-01-04-15-59-59.99       85465.078940351304     -285644.932120437676     -184949.950850775116        1044.876730658629         465.410164597982          70.444502214750           0.073575370033           0.873418035432          -0.064067331897
2024-01-04-17-00-00.00       89221.559268616882     -283952.452932438697     -184685.278147149918        1042.033367009177         474.854525625859          76.599545119986           0.071047448285           0.872430223455          -0.065218407317
2024-01-04-18-00-00.00       92967.550069524252     -282225.991630765493     -184398.408361613634        1039.049076735029         484.288806710704          82.776057513030           0.068497242273           0.871454321787          -0.066362784964
2024-01-04-18-59-59.99       96702.542529379396     -280465.587866812071     -184089.265911928000        1035.923044514505         493.711134656380          88.973086754775           0.065924989209           0.870490359405          -0.067500296141
2024-01-04-20-00-00.00      100426.024961685092     -278671.288084079511     -183757.778686307953        1032.654489878148         503.119609357199          95.189657467481           0.063330930596           0.869538365946          -0.068630771299
2024-01-04-21-00-00.00      104137.482934883985     -276843.145614043227     -183403.878125129384        1029.242668472672         512.512304364148         101.424771622804           0.060715312004           0.868598371794          -0.069754040089
2024-01-04-21-59-59.99      107836.399404650307     -274981.220769909385     -183027.499302276701        1025.686873323421         521.887267491515         107.677408653877           0.058078382855           0.867670408153          -0.070869931402
2024-01-04-23-00-00.00      111522.254850719939     -273085.580938113155     -182628.581006042572        1021.986436093319         531.242521464691         113.946525592631           0.055420396981           0.866754507106          -0.071978273419
2024-01-05-00-00-00.00      115194.527418244674     -271156.300667410367     -182207.065819485404        1018.140728336597         540.576064609779         120.231057233353           0.052741612401           0.865850701697          -0.073078893664
2024-01-05-00-59-59.99      118852.693063647166     -269193.461755409953     -181762.900200149947        1014.149162745613         549.885871585573         126.529916323379           0.050042291103           0.864959026000          -0.074171619052
2024-01-05-02-00-00.00      122496.225704950179     -267197.153332394490     -181296.034559051768        1010.011194389055         559.169894158488         132.841993781617           0.047322699593           0.864079515187          -0.075256275943
2024-01-05-03-00-00.00      126124.597376544800     -265167.471942273201     -180806.423338823661        1005.726321940190         568.426062020488         139.166158945092           0.044583108668           0.863212205604          -0.076332690198
2024-01-05-03-59-59.99      129737.278388360806     -263104.521620513056     -180294.025090924610        1001.294088893205         577.652283650254         145.501259843732           0.041823793195           0.862357134840          -0.077400687232
2024-01-05-05-00-00.00      133333.737489391031     -261008.413968891953     -179758.802551808767         996.714084766016         586.846447217221         151.846123503074           0.039045032652           0.861514341797          -0.078460092076
2024-01-05-06-00-00.00      136913.442035519052     -258879.268226921209     -179200.722717954894         991.985946287447         596.006421528019         158.199556274668           0.036247110899           0.860683866763          -0.079510729433
2024-01-05-06-59-59.99      140475.858161588316     -256717.211339784990     -178619.756919656444         987.109358566299         605.130057014865         164.560344194066           0.033430315948           0.859865751478          -0.080552423737
2024-01-05-08-00-00.00      144020.450957643916     -254522.378022646939     -178015.880893473368         982.084056239898         614.215186765144         170.927253366382           0.030594940496           0.859060039206          -0.081584999220
2024-01-05-09-00-00.00      147546.684649268078     -252294.910821177444     -177389.074853245897         976.909824599072         623.259627591857         177.299030379944           0.027741281696           0.858266774808          -0.082608279975
2024-01-05-09-59-59.99      151054.022781918960     -250034.960168153979     -176739.323559567478         971.586500687196         632.261181144285         183.674402748519           0.024869640911           0.857486004795          -0.083622090016
2024-01-05-11-00-00.00      154541.928409175220     -247742.684435990930     -176066.616387613176         966.113974370279         641.217635058826         190.052079383085           0.021980324251           0.856717777415          -0.084626253348
2024-01-05-12-00-00.00      158009.864284777490     -245418.249985055154     -175370.947393215116         960.492189376146         650.126764149537         196.430751093725           0.019073642328           0.855962142707          -0.085620594036
2024-01-05-12-59-59.99      161457.293058351526     -243061.831207623385     -174652.315377076447         954.721144300119         658.986331638370         202.809091122344           0.016149910010           0.855219152560          -0.086604936271
2024-01-05-14-00-00.00      164883.677474689204     -240673.610567341442     -173910.723947011400         948.800893575652         667.794090424426         209.185755706183           0.013209446945           0.854488860796          -0.087579104443
2024-01-05-15-00-00.00      168288.480576457281     -238253.778634043090     -173146.181578101910         942.731548407764         676.547784391707         215.559384672032           0.010252577311           0.853771323218          -0.088542923210
2024-01-05-15-59-59.99      171671.165910197451     -235802.534113795118     -172358.701670660288         936.513277667641         685.245149754210         221.928602060415           0.007279629563           0.853066597669          -0.089496217571
2024-01-05-17-00-00.00      175031.197735473572     -233320.083874033240     -171548.302605889825         930.146308746237         693.883916437386         228.292016779216           0.004290936949           0.852374744104          -0.090438812943
2024-01-05-18-00-00.00      178368.041237014899     -230806.642963662744     -170715.007799153944         923.630928365075         702.461809492820         234.648223284700           0.001286837251           0.851695824643          -0.091370535230
2024-01-05-18-59-59.99      181681.162739698251     -228262.434628007002     -169858.845750717592         916.967483341349         710.976550548189         240.995802291883          -0.001732327476           0.851029903611          -0.092291210904
2024-01-05-20-00-00.00      184970.029926199029     -225687.690318479843     -168979.850093909627         910.156381305837         719.425859285552         247.333321509840          -0.004766210395           0.850377047622          -0.093200667079
2024-01-05-21-00-00.00      188234.112057136110     -223082.649696882319     -168078.059640576568         903.198091370246         727.807454950105         253.659336404383          -0.007814460156           0.849737325614          -0.094098731587
2024-01-05-21-59-59.99      191472.880193527264     -220447.560634219990     -167153.518423747271         896.093144742195         736.119057885851         259.972390986476          -0.010876721163           0.849110808886          -0.094985233058
2024-01-05-23-00-00.00      194685.807421358331     -217782.679203943553     -166206.275737412216         888.842135285008         744.358391096950         266.271018626576          -0.013952633076           0.848497571176          -0.095860001003
2024-01-06-00-00-00.00      197872.369078065909     -215088.269669526111     -165236.386173324921         881.445720020266         752.523181832984         272.553742894631          -0.017041831089           0.847897688694          -0.096722865884
2024-01-06-00-59-59.99      201032.042980723025     -212364.604466292105     -164243.909654733550         873.904619570930         760.611163196633         278.819078425576          -0.020143946203           0.847311240141          -0.097573659204
2024-01-06-02-00-00.00      204164.309655710269     -209611.964177421265     -163228.911466951482         866.219618543406         768.620075772090         285.065531809840          -0.023258604740           0.846738306792          -0.098412213581
2024-01-06-03-00-00.00      207268.652569649945     -206830.637504054757     -162191.462284678011         858.391565846761         776.547669272640         291.291602508227          -0.026385428624           0.846178972514          -0.099238362834
2024-01-06-03-59-59.99      210344.558361373958     -204020.921229438361     -161131.638195982727         850.421374947941         784.391704205514         297.495783790081          -0.029524035673           0.845633323779          -0.100051942059
2024-01-06-05-00-00.00      213391.517074695294     -201183.120177045552     -160049.520722873713         842.310024062065         792.149953551777         303.676563693197          -0.032674039110           0.845101449738          -0.100852787716
2024-01-06-06-00-00.00      216409.022391743521     -198317.547162627190     -158945.196838372387         834.058556276366         799.820204459022         309.832426003920          -0.035835047862           0.844583442233          -0.101640737709
2024-01-06-06-59-59.99      219396.571866628015     -195424.522940150724     -157818.758980027051         825.668079607317         807.400259943818         315.961851255374          -0.039006666854           0.844079395793          -0.102415631466
2024-01-06-08-00-00.00      222353.667159183562     -192504.376141596411     -156670.305059802893         817.139766989333         814.887940601104         322.063317742141          -0.042188496533           0.843589407711          -0.103177310024
2024-01-06-09-00-00.00      225279.814268550894     -189557.443210592464     -155499.938470292051         808.474856194315         822.281086317161         328.135302549630          -0.045380133176           0.843113578037          -0.103925616110
2024-01-06-09-59-59.99      228174.523766340659     -186584.068329881469     -154307.768087193195         799.674649680114         829.577557983309         334.176282597032          -0.048581169189           0.842652009561          -0.104660394219
2024-01-06-11-00-00.00      231037.311029122124     -183584.603342620307     -153093.908268013678         790.740514367065         836.775239207219         340.184735692720          -0.051791192648           0.842204807892          -0.105381490701
2024-01-06-12-00-00.00      233867.696469975781     -180559.407667528518     -151858.478846951242         781.673881340977         843.872038019403         346.159141601477          -0.055009787602           0.841772081429          -0.106088753842
2024-01-06-12-59-59.99      236665.205768843065     -177508.848207904230     -150601.605125912989         772.476245481845         850.865888572478         352.097983122721          -0.058236534395           0.841353941340          -0.106782033938
2024-01-06-14-00-00.00      239429.370101405366     -174433.299254539830     -149323.417861634662         763.149165017597         857.754752831084         357.999747178798          -0.061471009204           0.840950501625          -0.107461183381
2024-01-06-15-00-00.00      242159.726366219489     -171333.142382573977     -148024.053248865996         753.694261002782         864.536622250304         363.862925912037          -0.064712784358           0.840561879082          -0.108126056741
2024-01-06-15-59-59.99      244855.817409843934     -168208.766342324961     -146703.652899593086         744.113216722437         871.209519440293         369.686017788813          -0.067961428664           0.840188193265          -0.108776510836
2024-01-06-17-00-00.00      247517.192249683576     -165060.566944160266     -145362.363818276848         734.407777021689         877.771499814529         375.467528708532          -0.071216506954           0.839829566543          -0.109412404817
2024-01-06-18-00-00.00      250143.406294288841     -161888.946937466011     -144000.338373093604         724.579747561825         884.220653218846         381.205973115214          -0.074477580410           0.839486124054          -0.110033600245
2024-01-06-18-59-59.99      252734.021560845926     -158694.315883791627     -142617.734263173072         714.630994003632         890.555105538104         386.899875109301          -0.077744206903           0.839157993641          -0.110639961163
2024-01-06-20-00-00.00      255288.606889596616     -155477.090024254954     -141214.714481836738         704.563441118837         896.773020277225         392.547769557409          -0.081015940539           0.838845305911          -0.111231354174
2024-01-06-21-00-00.00      257806.738154932013     -152237.692141307140     -139791.447275847750         694.379071830374         902.872600113326         398.148203197981          -0.084292332001           0.838548194167          -0.111807648515
2024-01-06-21-59-59.99      260287.998472902604     -148976.551414966758     -138348.106100690988         684.079926182277         908.852088415722         403.699735741002          -0.087572928886           0.838266794334          -0.112368716127
2024-01-06-23-00-00.00      262731.978404896508     -145694.103273643850     -136884.869571906951         673.668100239705         914.709770730855         409.200940960314          -0.090857275266           0.838001245006          -0.112914431730
2024-01-07-00-00-00.00      265138.276157231245     -142390.789239686099     -135401.921412508702         663.145744920232         920.443976229324         414.650407777052          -0.094144912030           0.837751687367          -0.113444672891
2024-01-07-00-59-59.99      267506.497776416596     -139067.056769786985     -133899.450396516360         652.515064756863         926.053079112648         420.046741333097          -0.097435377232           0.837518265094          -0.113959320089
2024-01-07-02-00-00.00      269836.257339843316     -135723.359090406040     -132377.650288646866         641.778316594099         931.535499977535         425.388564053255          -0.100728205654           0.837301124402          -0.114458256790
2024-01-07-03-00-00.00      272127.177141657914     -132360.155028356588     -130836.719780202009         630.937808218322         936.889707135742         430.674516694871          -0.104022929160           0.837100413946          -0.114941369506
2024-01-07-03-59-59.99      274378.887873592437     -128977.908836724993     -129276.862421203172         619.995896924249         942.114217887736         435.903259383356          -0.107319077043           0.836916284709          -0.115408547856
2024-01-07-05-00-00.00      276591.028800521104     -125577.090016290371     -127698.286548825548         608.954988019597         947.207599748440         441.073472631844          -0.110616175598           0.836748890041          -0.115859684637
2024-01-07-06-00-00.00      278763.247930525918     -122158.173132620213     -126101.205212193745         597.817533270499         952.168471623244         446.183858342914          -0.113913748477           0.836598385540          -0.116294675875
2024-01-07-06-59-59.99      280895.202179263986     -118721.637629025645     -124485.836093606515         586.586029290589         956.995504932277         451.233140790134          -0.117211317046           0.836464928925          -0.116713420887
2024-01-07-08-00-00.00      282986.557528438454     -115267.967635564826     -122852.401426267839         575.263015876793         961.687424680730         456.220067577092          -0.120508399959           0.836348680070          -0.117115822334
2024-01-07-09-00-00.00      285036.989178186632     -111797.651774294529     -121201.127908609240         563.851074294853         966.243010472821         461.143410571766          -0.123804513516           0.836249800867          -0.117501786280
2024-01-07-09-59-59.99      287046.181693210674     -108311.182960976366     -119532.246615295880         552.352825517499         970.661097466941         466.001966814333          -0.127099172030           0.836168455081          -0.117871222234
2024-01-07-11-00-00.00      289013.829142483417     -104809.058203453736     -117845.992905014165         540.770928417755         974.940577269690         470.794559397024          -0.130391887397           0.836104808378          -0.118224043209
2024-01-07-12-00-00.00      290939.635232374014     -101291.778396923517     -116142.606325144152         529.108077919875         979.080398766833         475.520038314947          -0.133682169464           0.836059028170          -0.118560165767
2024-01-07-12-59-59.99      292823.313433042320      -97759.848116331865     -114422.330513422072         517.367003109820         983.079568889731         480.177281287247          -0.136969526395           0.836031283460          -0.118879510056
2024-01-07-14-00-00.00      294664.587097963260      -94213.775406128654     -112685.413096701071         505.550465307773         986.937153316323         484.765194547950          -0.140253464247           0.836021744855          -0.119181999863
2024-01-07-15-00-00.00      296463.189576445962      -90654.071567616760     -110932.105586920399         493.661256104775         990.652277106223         489.282713605921          -0.143533487339           0.836030584402          -0.119467562650
2024-01-07-15-59-59.99      298218.864319025539      -87081.250944134066     -109162.663274395702         481.702195366808         994.224125269690         493.728803972928          -0.146809098621           0.836057975412          -0.119736129587
2024-01-07-17-00-00.00      299931.364975615405      -83495.830704306238     -107377.345118547324         469.676129209268         997.651943270426         498.102461858726          -0.150079799250           0.836104092474          -0.119987635597
2024-01-07-18-00-00.00      301600.455486319959      -79898.330623608839     -105576.413636187805         457.585927945818        1000.935037461945         502.402714831689          -0.153345088963           0.836169111269          -0.120222019382
2024-01-07-18-59-59.99      303225.910164823523      -76289.272864478626     -103760.134787495539         445.434484015576        1004.072775457170         506.628622443518          -0.156604466446           0.836253208384          -0.120439223450
2024-01-07-20-00-00.00      304807.513774283521      -72669.181755215483     -101928.777859805981         433.224709892644        1007.064586430680         510.779276816580          -0.159857428914           0.836356561315          -0.120639194153
2024-01-07-21-00-00.00      306345.061595672858      -69038.583567918045     -100082.615349357933         420.959535982218        1009.909961352981         514.853803192641          -0.163103472480           0.836479348275          -0.120821881705
2024-01-07-21-59-59.99      307838.359488529502      -65398.006295699655      -98221.922841135005         408.641908506733        1012.608453156200         518.851360442117          -0.166342092531           0.836621747986          -0.120987240204
2024-01-07-23-00-00.00      309287.223944083671      -61747.979429431631      -96346.978886946017         396.274787385697        1015.159676830757         522.771141533219          -0.169572783303           0.836783939683          -0.121135227656
2024-01-08-00-00-00.00      310691.482130745659      -58089.033734263350      -94458.064881888960         383.861144112304        1017.563309452819         526.612373960727          -0.172795038252           0.836966102908          -0.121265805993
2024-01-08-00-59-59.99      312050.971931947977      -54421.701026167713      -92555.464939344165         371.403959629652        1019.819090142688         530.374320134365          -0.176008350435           0.837168417286          -0.121378941080
2024-01-08-02-00-00.00      313365.541976345412      -50746.513948760177      -90639.465764641922         358.906222209274        1021.926819954597         534.056277726893          -0.179212212076           0.837391062529          -0.121474602737
2024-01-08-03-00-00.00      314635.051660385507      -47064.005750636687      -88710.356527549069         346.370925334506        1023.886361698807         537.657579982138          -0.182406114943           0.837634218217          -0.121552764746
2024-01-08-03-59-59.99      315859.371163271659      -43374.710063472201      -86768.428733718567         333.801065591360        1025.697639697196         541.177595983114          -0.185589550727           0.837898063563          -0.121613404853
2024-01-08-05-00-00.00      317038.381454352348      -39679.160681116489      -84813.976095245613         321.199640569691        1027.360639473854         544.615730880326          -0.188762010607           0.838182777417          -0.121656504781
2024-01-08-06-00-00.00      318171.974292975385      -35977.891339918417      -82847.294400473460         308.569646777846        1028.875407382338         547.971426080179          -0.191922985626           0.838488538032          -0.121682050226
2024-01-08-06-59-59.99      319260.052220866724      -32271.435500503470      -80868.681383193136         295.914077574212        1030.242050171297         551.244159393293          -0.195071967069           0.838815522824          -0.121690030859
2024-01-08-08-00-00.00      320302.528547097405      -28560.326131223555      -78878.436591381935         283.235921119541        1031.460734490059         554.433445142426          -0.198208446027           0.839163908370          -0.121680440324
2024-01-08-09-00-00.00      321299.327325723018      -24845.095493492729      -76876.861255626252         270.538158353855        1032.531686335589         557.538834229801          -0.201331913771           0.839533870171          -0.121653276232
2024-01-08-09-59-59.99      322250.383326189010      -21126.274929217456      -74864.258157375414         257.823761001870        1033.455190441952         560.559914163743          -0.204441862128           0.839925582396          -0.121608540153
2024-01-08-11-00-00.00      323155.641996613005      -17404.394650526920      -72840.931497172380         245.095689609968        1034.231589613305         563.496309044921          -0.207537783045           0.840339217890          -0.121546237604
2024-01-08-12-00-00.00      324015.059420060716      -13679.983532004722      -70807.186763006059         232.356891617952        1034.861284001393         566.347679512741          -0.210619168960           0.840774947919          -0.121466378044
2024-01-08-12-59-59.99      324828.602263946028       -9953.568905619748      -68763.330598926739         219.610299467199        1035.344730328725         569.113722652867          -0.213685513179           0.841232941917          -0.121368974848
2024-01-08-14-00-00.00      325596.247722688247       -6225.676358549103      -66709.670674062814         206.858828747098        1035.682441058995         571.794171866981          -0.216736309434           0.841713367489          -0.121254045300
2024-01-08-15-00-00.00      326317.983453767258       -2496.829534079573      -64646.515552172648         194.105376380597        1035.874983516750         574.388796706020          -0.219771052254           0.842216390153          -0.121121610572
2024-01-08-15-59-59.99      326993.807507319143        1232.450064234016      -62574.174561860571         181.352818850441        1035.922978958765         576.897402667993          -0.222789237343           0.842742173083          -0.120971695694
2024-01-08-17-00-00.00      327623.728249405336        4961.643264980548      -60492.957667587027         168.604010467204        1035.827101600395         579.319830961560          -0.225790361129           0.843290877113          -0.120804329546
2024-01-08-18-00-00.00      328207.764279204479        8690.233417741514      -58403.175341571572         155.861781681597        1035.588077596637         581.655958234905          -0.228773921141           0.843862660482          -0.120619544818
2024-01-08-18-59-59.99      328745.944340052200       12417.706578159294      -56305.138436769514         143.128937442184        1035.206683988559         583.905696273611          -0.231739416378           0.844457678562          -0.120417377991
2024-01-08-20-00-00.00      329238.307224813441       16143.551689184475      -54199.158060956972         130.408255602360        1034.683747607158         586.068991664089          -0.234686346862           0.845076083878          -0.120197869305
2024-01-08-21-00-00.00      329684.901675533270       19867.260758293552      -52085.545452103579         117.702485378238        1034.020143944853         588.145825426313          -0.237614214004           0.845718025844          -0.119961062728
2024-01-08-21-59-59.99      330085.786277646490       23588.329030588124      -49964.611855119590         105.014345859959        1033.216795993519         590.136212615523          -0.240522520984           0.846383650493          -0.119707005919
2024-01-08-23-00-00.00      330441.029348926735       27306.255157654512      -47836.668400090690          92.346524578280        1032.274673051504         592.040201894163          -0.243410772287           0.847073100502          -0.119435750201
2024-01-09-00-00-00.00      330750.708823378023       31020.541362075743      -45702.025982105450          79.701676127797        1031.194789501467         593.857875075314          -0.246278474080           0.847786514926          -0.119147350519
2024-01-09-00-59-59.99      331014.912130272074       34730.693597493875      -43560.995142775828          67.082420847574        1029.978203560914         595.589346639016          -0.249125134582           0.848524028932          -0.118841865398
2024-01-09-02-00-00.00      331233.736068540253       38436.221704128118      -41413.885953545345          54.491343559556        1028.626016007394         597.234763222972          -0.251950263600           0.849285773829          -0.118519356911
2024-01-09-03-00-00.00      331407.286676727643       42136.639559661147      -39261.007900874640          41.930992364677        1027.139368880478         598.794303089144          -0.254753372905           0.850071876804          -0.118179890634
2024-01-09-03-59-59.99      331535.679098716471       45831.465225414322      -37102.669773388421          29.403877496476        1025.519444162849         600.268175567694          -0.257533976601           0.850882460658          -0.117823535600
2024-01-09-05-00-00.00      331619.037445426336       49520.221087740778      -34939.179551062989          16.912470231820        1023.767462443021         601.656620479683          -0.260291590658           0.851717643846          -0.117450364260
2024-01-09-06-00-00.00      331657.494652694149       53202.433994575564      -32770.844296528172           4.459201858620        1021.884681562428         602.959907539801          -0.263025733284           0.852577540220          -0.117060452435
2024-01-09-06-59-59.99      331651.192335542175       56877.635387091148      -30597.970048553834          -7.953537299336        1019.872395249715         604.178335740301          -0.265735925295           0.853462258757          -0.116653879264
2024-01-09-08-00-00.00      331600.280639037432       60545.361426417949      -28420.861717786138         -20.323398800138        1017.731931745076         605.312232717243          -0.268421689648           0.854371903625          -0.116230727165
2024-01-09-09-00-00.00      331504.918085952580       64205.153115398272      -26239.822984795755         -32.648076943056        1015.464652417350         606.361954100135          -0.271082551806           0.855306573918          -0.115791081780
2024-01-09-09-59-59.99      331365.271421439655       67856.556415352752      -24055.156200495509         -44.925309568704        1013.071950376267         607.327882846071          -0.273718040113           0.856266363399          -0.115335031923
2024-01-09-11-00-00.00      331181.515454930835       71499.122357845015      -21867.162288981202         -57.152878799172        1010.555249081859         608.210428559598          -0.276327685319           0.857251360567          -0.114862669532
2024-01-09-12-00-00.00      330953.832899483503       75132.407151437685      -19676.140652844686         -69.328611717685        1007.916000952689         609.010026799623          -0.278911020947           0.858261648411          -0.114374089618
2024-01-09-12-59-59.99      330682.414208786970       78755.972283438037      -17482.389081003217         -81.450380988234        1005.155685974190         609.727138374798          -0.281467583671           0.859297304149          -0.113869390203
2024-01-09-14-00-00.00      330367.457412045856       82369.384616635551      -15286.203659084040         -93.516105415764        1002.275810308430         610.362248628843          -0.283996912832           0.860358399315          -0.113348672276
2024-01-09-15-00-00.00      330009.167946950707       85972.216481039111      -13087.878682397619        -105.523750448852         999.277904906539         610.915866717264          -0.286498550806           0.861444999517          -0.112812039733
2024-01-09-15-59-59.99      329607.758490940265       89564.045760626410      -10887.706571528241        -117.471328626471         996.163524125461         611.388524876809          -0.288972043388           0.862557164184          -0.112259599319
2024-01-09-17-00-00.00      329163.448790953204       93144.455975123812       -8685.977790565721        -129.356899970827         992.934244350879         611.780777688900          -0.291416939296           0.863694946674          -0.111691460576
2024-01-09-18-00-00.00      328676.465491860057       96713.036356843353       -6482.980767997944        -141.178572327809         989.591662628521         612.093201338138          -0.293832790550           0.864858394030          -0.111107735787
2024-01-09-18-59-59.99      328147.041963761556      100269.381922610803       -4279.001820280128        -152.934501656206         986.137395306079         612.326392866895          -0.296219152845           0.866047546749          -0.110508539910
2024-01-09-20-00-00.00      327575.418128339341      103813.093540827351       -2074.325078093124        -164.622892266115         982.573076688037         612.480969426977          -0.298575585061           0.867262438895          -0.109893990529
2024-01-09-21-00-00.00      326961.840284435370      107343.777993714524         130.767584700477        -176.241997007321         978.900357705278         612.557567529337          -0.300901649634           0.868503097873          -0.109264207795
2024-01-09-21-59-59.99      326306.560933046974      110861.048034799227        2335.996619397223        -187.790117407287         975.120904601286         612.556842292890          -0.303196912940           0.869769544202          -0.108619314357
2024-01-09-23-00-00.00      325609.838601912605      114364.522441700872        4541.084868089408        -199.265603759622         971.236397636136         612.479466693470          -0.305460944793           0.871061791649          -0.107959435316
2024-01-10-00-00-00.00      324871.937669868057      117853.826064286186        6745.757626599802        -210.666855163427         967.248529809339         612.326130814061          -0.307693318820           0.872379847012          -0.107284698156
2024-01-10-00-59-59.99      324093.128191148688      121328.589868261988        8949.742704721217        -221.992319514739         963.159005602270         612.097541097342          -0.309893612848           0.873723709907          -0.106595232687
2024-01-10-02-00-00.00      323273.685719805304      124788.450974276187       11152.770483770813        -233.240493451476         958.969539740818         611.794419601622          -0.312061408394           0.875093372915          -0.105891170988
2024-01-10-03-00-00.00      322413.891134399513      128233.052692601923       13354.573971473445        -244.409922253813         954.681855978780         611.417503261081          -0.314196291047           0.876488821385          -0.105172647344
2024-01-10-03-59-59.99      321514.030463135859      131662.044553480169       15554.888854190889        -255.499199702003         950.297685902627         610.967543151202          -0.316297850850           0.877910033221          -0.104439798182
2024-01-10-05-00-00.00      320574.394709576678      135075.082333198661       17753.453546517027        -266.506967894116         945.818767758234         610.445303760109          -0.318365681791           0.879356979061          -0.103692762018
2024-01-10-06-00-00.00      319595.279679084953      138471.828075988305       19950.009238261657        -277.431917025438         941.246845300589         609.851562266525          -0.320399382186           0.880829622083          -0.102931679395
2024-01-10-06-59-59.99      318576.985806125333      141851.950111821003       22144.299938847609        -288.272785131953         936.583666667372         609.187107824901          -0.322398555060           0.882327917811          -0.102156692816
2024-01-10-08-00-00.00      317519.817982551234      145215.123070197442       24336.072519148234        -299.028357799272         931.830983277690         608.452740858343          -0.324362807636           0.883851814311          -0.101367946694
2024-01-10-09-00-00.00      316424.085386999534      148561.027890017111       26525.076750794236        -309.697467838359         926.990548757171         607.649272359917          -0.326291751716           0.885401252009          -0.100565587282
2024-01-10-09-59-59.99      315290.101315512671      151889.351825628255       28711.065342981437        -320.278994928857         922.064117890578         606.777523203005          -0.328185004069           0.886976163513          -0.099749762620
2024-01-10-11-00-00.00      314118.183013500762      155199.788449157961       30893.793976813027        -330.771865230659         917.053445602838         605.838323461412          -0.330042185911           0.888576473825          -0.098920622470
2024-01-10-12-00-00.00      312908.651509158197      158492.037649225851       33073.021337212849        -341.175050964434         911.960285968945         604.832511739924          -0.331862923287           0.890202100179          -0.098078318262
2024-01-10-12-59-59.99      311661.831448445912      161765.805626145564       35248.509142448551        -351.487569961851         906.786391252858         603.760934516024          -0.333646847465           0.891852951871          -0.097223003027
2024-01-10-14-00-00.00      310378.050931744860      165020.804883718316       37420.022171305987        -361.708485186874         901.533510975041         602.624445493313          -0.335393594407           0.893528930493          -0.096354831344
2024-01-10-15-00-00.00      309057.641352282895      168256.754217720183       39587.328287957527        -371.836904229750         896.203391008238         601.423904967126          -0.337102805152           0.895229929785          -0.095473959278
2024-01-10-15-59-59.99      307700.937236428319      171473.378701184120       41750.198464568959        -381.871978776079         890.797772700862         600.160179202561          -0.338774126216           0.896955835479          -0.094580544321
2024-01-10-17-00-00.00      306308.276085936872      174670.409666575550       43908.406801690100        -391.812904053148         885.318392027822         598.834139825148          -0.340407209050           0.898706525557          -0.093674745335
2024-01-10-18-00-00.00      304879.998222229769      177847.584684960922       46061.730546474726        -401.658918255836         879.766978768782         597.446663224234          -0.342001710434           0.900481870109          -0.092756722495
2024-01-10-18-59-59.99      303416.446632770589      181004.647542266554       48209.950108775418        -411.409301954243         874.145255714132         595.998629969181          -0.343557292868           0.902281731202          -0.091826637225
2024-01-10-20-00-00.00      301917.966819606780      184141.348212730343       50352.849075160222        -421.063377484424         868.454937899269         594.490924238581          -0.345073624030           0.904105963148          -0.090884652149
2024-01-10-21-00-00.00      300384.906650132325      187257.442829649430       52490.214220898655        -430.620508323377         862.697731867744         592.924433262734          -0.346550377170           0.905954412385          -0.089930931029
2024-01-10-21-59-59.99      298817.616210128181      190352.693653526367       54621.835519964283        -440.080098449107         856.875334963703         591.300046779712          -0.347987231500           0.907826917354          -0.088965638709
2024-01-10-23-00-00.00      297216.447659132071      193426.869037722412       56747.506153104696        -449.441591686317         850.989434653838         589.618656505392          -0.349383871645           0.909723308791          -0.087988941059
2024-01-11-00-00-00.00      295581.755088188744      196479.743391721800       58867.022514028889        -458.704471038340         845.041707878738         587.881155617790          -0.350739988040           0.911643409622          -0.087001004921
2024-01-11-00-59-59.99      293913.894380029174      199511.097142114537       60980.184213764900        -467.868258006173         839.033820433206         586.088438255949          -0.352055277317           0.913587034850          -0.086001998051
2024-01-11-02-00-00.00      292213.223071722721      202520.716691398091       63086.794083239212        -476.932511895388         832.967426375007         584.241399033608          -0.353329441752           0.915553991872          -0.084992089066
2024-01-11-03-00-00.00      290480.100219844375      205508.394374701486       65186.658174132783        -485.896829112544         826.844167461080         582.340932567600          -0.354562189659           0.917544080384          -0.083971447391
2024-01-11-03-59-59.99      288714.886268192087      208473.928414528084       67279.585758065179        -494.760842452175         820.665672610556         580.387933020980          -0.355753235777           0.919557092285          -0.082940243200
2024-01-11-05-00-00.00      286917.942918084969      211417.122873611457       69365.389324160482        -503.524220376241         814.433557393669         578.383293660645          -0.356902300712           0.921592812012          -0.081898647370
2024-01-11-06-00-00.00      285089.633001266862      214337.787605977646       71443.884575046221        -512.186666287528         808.149423545961         576.327906429221          -0.358009111326           0.923651016457          -0.080846831424
2024-01-11-06-59-59.99      283230.320355433854      217235.738206302776       73514.890421336357        -520.747917798766         801.814858507247         574.222661530927          -0.359073401128           0.925731474890          -0.079784967477
2024-01-11-08-00-00.00      281340.369702399010      220110.795957655908       75578.228974648417        -529.207745998571         795.431434985276         572.068447031252          -0.360094909704           0.927833949308          -0.078713228190
2024-01-11-09-00-00.00      279420.146528903279      222962.787777714810       77633.725539203835        -537.565954715775         789.000710543820         569.866148470242          -0.361073383102           0.929958194363          -0.077631786715
2024-01-11-09-59-59.99      277470.016970076656      225791.546163543331       79681.208602060971        -545.822379782405         782.524227215623         567.616648489512          -0.362008574230           0.932103957308          -0.076540816645
2024-01-11-11-00-00.00      275490.347695554257      228596.909135019901       81720.509822029693        -553.976888296311         776.003511139974         565.320826472994          -0.362900242265           0.934270978351          -0.075440491963
2024-01-11-12-00-00.00      273481.505798247177      231378.720177006093       83751.464017318300        -562.029377883218         769.440072225126         562.979558201696          -0.363748153048           0.936458990608          -0.074330986996
2024-01-11-12-59-59.99      271443.858685770654      234136.828180343815       85773.909151962594        -569.979775958872         762.835403834846         560.593715522515          -0.364552079470           0.938667720049          -0.073212476364
2024-01-11-14-00-00.00      269377.773974527663      236871.087381766090       87787.686321088171        -577.828038991072         756.190982498733         558.164166031265          -0.365311800877           0.940896885880          -0.072085134929
2024-01-11-15-00-00.00      267283.619386450504      239581.357302807388       89792.639735057106        -585.574151762655         749.508267644847         555.691772769623          -0.366027103457           0.943146200501          -0.070949137754
2024-01-11-15-59-59.99      265161.762648388976      242267.502687787986       91788.616702547937        -593.218126635499         742.788701354065         553.177393935915          -0.366697780631           0.945415369470          -0.069804660050
2024-01-11-17-00-00.00      263012.571394149796      244929.393440953107       93775.467612621433        -600.760002817855         736.033708134321         550.621882608983          -0.367323632438           0.947704091890          -0.068651877131
2024-01-11-18-00-00.00      260836.413069156988      247566.904562832467       95753.045915802810        -608.199845634391         729.244694713572         548.026086484234          -0.367904465925           0.950012060391          -0.067490964373
2024-01-11-18-59-59.99      258633.654837746755      250179.916085888544       97721.208104259160        -615.537745802876         722.423049852841         545.390847622938          -0.368440095532           0.952338961094          -0.066322097159
2024-01-11-20-00-00.00      256404.663493041618      252768.313009525125       99679.813691072690        -622.773818715447         715.570144175891         542.717002212069          -0.368930342467           0.954684474024          -0.065145450846
2024-01-11-21-00-00.00      254149.805369406153      255331.985234514432      101628.725188680895        -629.908203727604         708.687330017669         540.005380336165          -0.369375035089           0.957048273089          -0.063961200710
2024-01-11-21-59-59.99      251869.446257448057      257870.827496911661      103567.808086514531        -636.941063454106         701.775941290805         537.256805760565          -0.369774009291           0.959430026069          -0.062769521910
2024-01-11-23-00-00.00      249563.951321541361      260384.739301521215      105496.930827875171        -643.872583072376         694.837293370032         534.472095726051          -0.370127107863           0.961829395027          -0.061570589444
2024-01-12-00-00-00.00      247233.685019843368      262873.624854978931      107415.964786094497        -650.702969633219         687.872682994436         531.652060755034          -0.370434180867           0.964246036310          -0.060364578105
2024-01-12-00-59-59.99      244879.011026781023      265337.392998514464      109324.784240016757        -657.432451378783         680.883388187108         528.797504469301          -0.370695086022           0.966679600538          -0.059151662438
2024-01-12-02-00-00.00      242500.292157977587      267775.957140453276      111223.266348845485        -664.061277068041         673.870668191317         525.909223419129          -0.370909688044           0.969129733034          -0.057932016704
2024-01-12-03-00-00.00      240097.890297595819      270189.235188519000      113111.291126395430        -670.589715309603         666.835763422638         522.988006923668          -0.371077859025           0.971596073824          -0.056705814838
2024-01-12-03-59-59.99      237672.166328068299      272577.149481989793      114988.741414789431        -677.018053902395         659.779895435866         520.034636922137          -0.371199478807           0.974078257648          -0.055473230405
2024-01-12-05-00-00.00      235223.480062187242      274939.626723761205      116855.502857638683        -683.346599184506         652.704266905888         517.049887835419          -0.371274434311           0.976575914384          -0.054234436567
2024-01-12-06-00-00.00      232752.190177521115      277276.597912362195      118711.463872741748        -689.575675391070         645.610061621308         514.034526437393          -0.371302619911           0.979088669068          -0.052989606043
2024-01-12-06-59-59.99      230258.654153128649      279587.998273973761      120556.515624338630        -695.705624021320         638.498444490505         510.989311735644          -0.371283937796           0.981616141904          -0.051738911068
2024-01-12-08-00-00.00      227743.228208531276      281873.767194486514      122390.551994949958        -701.736803215955         631.370561559064         507.914994860845          -0.371218297296           0.984157948704          -0.050482523360
2024-01-12-09-00-00.00      225206.267244909541      284133.848151644226      124213.469556834054        -707.669587144922         624.227540038628         504.812318964599          -0.371105615236           0.986713700907          -0.049220614082
2024-01-12-09-59-59.99      222648.124788482237      286368.188647308736      126025.167543089978        -713.504365406416         617.070488346573         501.682019125319          -0.370945816306           0.989283005598          -0.047953353807
2024-01-12-11-00-00.00      220069.152936031023      288576.740139889996      127825.547818437510        -719.241542436663         609.900496157067         498.524822262357          -0.370738832360           0.991865465955          -0.046680912479
2024-01-12-12-00-00.00      217469.702302528924      290759.457976978505      129614.514849701824        -724.881536930975         602.718634462927         495.341447058169          -0.370484602771           0.994460681272          -0.045403459387
2024-01-12-12-59-59.99      214850.121970833017      292916.301328219706      131391.975676032802        -730.424781275503         595.525955648431         492.132603888760          -0.370183074792           0.997068246987          -0.044121163120
2024-01-12-14-00-00.00      212210.759443405317      295047.233118471107      133157.839878889470        -735.871720989424         588.323493572712         488.898994762433          -0.369834202836           0.999687755126          -0.042834191544
2024-01-12-15-00-00.00      209551.960596022225      297152.219961275812      134912.019551817764        -741.222814177290         581.112263663022         485.641313266697          -0.369437948833           1.002318794334          -0.041542711763
2024-01-12-15-59-59.99      206874.069633438135      299231.232092690363      136654.429270052467        -746.478530991317         573.893263017157         482.360244523072          -0.368994282575           1.004960949908          -0.040246890090
2024-01-12-17-00-00.00      204177.429046966456      301284.243305494601      138384.986059969116        -751.639353103733         566.667470513954         479.056465149245          -0.368503180989           1.007613804242          -0.038946892015
2024-01-12-18-00-00.00      201462.379573942977      303311.230883814278      140103.609368412610        -756.705773189290         559.435846931137         475.730643228043          -0.367964628478           1.010276936863          -0.037642882174
2024-01-12-18-59-59.99      198729.260159031022      305312.175538178184      141810.221031925059        -761.678294418515         552.199335069552         472.383438282505          -0.367378617268           1.012949924463          -0.036335024322
2024-01-12-20-00-00.00      195978.407917333214      307287.061341034365      143504.745245894097        -766.557429961893         544.958859883560         469.015501256660          -0.366745146659           1.015632341347          -0.035023481298
2024-01-12-21-00-00.00      193210.158099266555      309235.875662745966      145187.108533641935        -771.343702505651         537.715328616954         465.627474501464          -0.366064223362           1.018323759471          -0.033708415003
2024-01-12-21-59-59.99      190424.844057160051      311158.609108086617      146857.239715472562        -776.037643779010         530.469630944755         462.219991765938          -0.365335861839           1.021023748476          -0.032389986368
2024-01-12-23-00-00.00      187622.797213533806      313055.255453256657      148515.069877696515        -780.639794093104         523.222639120668         458.793678193388          -0.364560083535           1.023731876134          -0.031068355328
2024-01-13-00-00-00.00      184804.347031016368      314925.811583440343      150160.532341651327        -785.150701891291         515.975208130317         455.349150322837          -0.363736917214           1.026447708386          -0.029743680795
2024-01-13-00-59-59.99      181969.820983861777      316770.277430925111      151793.562632736634        -789.570923310510         508.728175850187         451.887016095782          -0.362866399286           1.029170809377          -0.028416120632
2024-01-13-02-00-00.00      179119.544531025807      318588.655913803203      153414.098449483281        -793.901021753359         501.482363211958         448.407874868268          -0.361948573027           1.031900741900          -0.027085831631
2024-01-13-03-00-00.00      176253.841090765549      320380.952875273186      155022.079632674955        -798.141567470435         494.238574371983         444.912317428244          -0.360983488907           1.034637067433          -0.025752969482
2024-01-13-03-59-59.99      173373.032016721932      322147.177023562312      156617.448134542996        -802.293137152755         486.997596885137         441.400926017902          -0.359971204909           1.037379346173          -0.024417688755
2024-01-13-05-00-00.00      170477.436575453263      323887.339872477576      158200.147988047363        -806.356313533957         479.760201882689         437.874274360740          -0.358911785740           1.040127137474          -0.023080142875
2024-01-13-06-00-00.00      167567.371925383835      325601.455682608008      159770.125276265608        -810.331685002255         472.527144253439         434.332927692855          -0.357805303141           1.042879999884          -0.021740484098
2024-01-13-06-59-59.99      164643.153097130911      327289.541403180920      161327.328101899941        -814.219845222372         465.299162827299         430.777442797865          -0.356651836213           1.045637491180          -0.020398863493
2024-01-13-08-00-00.00      161705.092975174921      328951.616614584345      162871.706556916120        -818.021392767208         458.076980561432         427.208368045295          -0.355451470600           1.048399168794          -0.019055430915
2024-01-13-09-00-00.00      158753.502280836896      330587.703471561312      164403.212692327856        -821.736930759926         450.861304728144         423.626243431786          -0.354204298802           1.051164589851          -0.017710334991
2024-01-13-09-59-59.99      155788.689556529949      332197.826647088921      165921.800488125678        -825.367066525594         443.652827103931         420.031600624722          -0.352910420492           1.053933311202          -0.016363723095
2024-01-13-11-00-00.00      152810.961151238182      333782.013276932470      167427.425823384954        -828.912411254475         436.452224161670         416.424963009038          -0.351569941684           1.056704889840          -0.015015741331
2024-01-13-12-00-00.00      149820.621207197255      335340.292904902424      168920.046446529421        -832.373579674274         429.260157263269         412.806845736077          -0.350182975039           1.059478882937          -0.013666534515
2024-01-13-12-59-59.99      146817.971647732891      336872.697428804939      170399.621945784776        -835.751189733101         422.077272854925         409.177755775549          -0.348749640181           1.062254847868          -0.012316246159
2024-01-13-14-00-00.00      143803.312166223390      338379.261047100066      171866.113719822752        -839.045862291913         414.904202664392         405.538191970485          -0.347270062843           1.065032342628          -0.010965018447
2024-01-13-15-00-00.00      140776.940216153424      339860.020206272777      173319.484948608442        -842.258220826217         407.741563899995         401.888645095217          -0.345744375178           1.067810925849          -0.009612992227
2024-01-13-15-59-59.99      137739.151002224971      341315.013548923424      174759.700564461818        -845.388891136532         400.589959451207         398.229597916384          -0.344172716057           1.070590156838          -0.008260306991
2024-01-13-17-00-00.00      134690.237472496694      342744.281862583710      176186.727223344584        -848.438501067092         393.449978090571         394.561525256814          -0.342555230218           1.073369595967          -0.006907100859
2024-01-13-18-00-00.00      131630.490311519883      344147.868029259378      177600.533276380709        -851.407680232785         386.322194675954         390.884894061666          -0.340892068556           1.076148804695          -0.005553510568
2024-01-13-18-59-59.99      128560.197934443800      345525.816975701076      179001.088741618412        -854.297059754065         379.207170352996         387.200163466509          -0.339183388430           1.078927345597          -0.004199671454
2024-01-13-20-00-00.00      125479.646482061653      346878.175624406198      180388.365276041412        -857.107271999965         372.105452757229         383.507784866841          -0.337429352787           1.081704782741          -0.002845717446
2024-01-13-21-00-00.00      122389.119816762744      348204.992845342727      181762.336147829745        -859.838950339420         365.017576215549         379.808201988619          -0.335630130460           1.084480681710          -0.001491781043
2024-01-13-21-59-59.99      119288.899519372324      349506.319408402313      183122.976208879758        -862.492728900935         357.944061947093         376.101850959750          -0.333785896463           1.087254609616          -0.000137993314
2024-01-13-23-00-00.00      116179.264886834149      350782.207936572144      184470.261867579975        -865.069242340745         350.885418263539         372.389160382403          -0.331896831108           1.090026135473           0.001215516123
2024-01-14-00-00-00.00      113060.492930715773      352032.712859826861      185804.171061849716        -867.569125619412         343.842140768824         368.670551406274          -0.329963120296           1.092794830206           0.002568619106
2024-01-14-00-59-59.99      109932.858376503369      353257.890369741828      187124.683232445008        -869.993013786464         336.814712558922         364.946437803225          -0.327984955810           1.095560266663           0.003921188938
2024-01-14-02-00-00.00      106796.633663656889      354457.798374821956      188431.779296533525        -872.341541773019         329.803604421045         361.217226043095          -0.325962534423           1.098322019971           0.005273100400
2024-01-14-03-00-00.00      103652.088946398435      355632.496456549561      189725.441621547041        -874.615344191744         322.809275032939         357.483315371162          -0.323896058185           1.101079667540           0.006624229757
2024-01-14-03-59-59.99      100499.492095208130      356782.045826147718      191005.653999313799        -876.815055143953         315.832171161547         353.745097886917          -0.321785734714           1.103832789067           0.007974454766
2024-01-14-05-00-00.00       97339.108699002172      357906.509282058862      192272.401620478166        -878.941308033295         308.872727861321         350.002958624295          -0.319631776294           1.106580966878           0.009323654685
2024-01-14-06-00-00.00       94171.202067970313      359005.951168134518      193525.671049210243        -880.994735385932         301.931368671412         346.257275632849          -0.317434400162           1.109323785922           0.010671710274
2024-01-14-06-59-59.99       90996.033237048643      360080.437332534289      194765.450198209495        -882.975968676883         295.008505811722         342.508420059718          -0.315193828793           1.112060833773           0.012018503809
2024-01-14-08-00-00.00       87813.860970007736      361130.035087326600      195991.728304004180        -884.885638162551         288.104540377329         338.756756231934          -0.312910288996           1.114791700951           0.013363919080
2024-01-14-09-00-00.00       84624.941764131290      362154.813168786874      197204.495902547409        -886.724372719385         281.219862531181         335.002641738821          -0.310584012192           1.117515980913           0.014707841402
2024-01-14-09-59-59.99       81429.529855465531      363154.841698385251      198403.744805108989        -888.492799688781         274.354851694911         331.246427514250          -0.308215234710           1.120233270045           0.016050157612
2024-01-14-11-00-00.00       78227.877224614698      364130.192144459405      199589.468074464297        -890.191544728322         267.509876737530         327.488457918554          -0.305804196859           1.122943167968           0.017390756078
2024-01-14-12-00-00.00       75020.233603061235      365080.937284561631      200761.660001376091        -891.821231669327         260.685296162629         323.729070820397          -0.303351143222           1.125645277518           0.018729526701
2024-01-14-12-59-59.99       71806.846479987100      366007.151168477430      201920.316081371915        -893.382482380739         253.881458293695         319.968597678506          -0.300856322941           1.128339204738           0.020066360916
2024-01-14-14-00-00.00       68587.961109574884      366908.909081908409      203065.432991815411        -894.875916639136         247.098701458033         316.207363623653          -0.298319988791           1.131024559158           0.021401151692
2024-01-14-15-00-00.00       65363.820518763721      367786.287510816823      204197.008569275233        -896.302152004581         240.337354169370         312.445687541041          -0.295742397464           1.133700953776           0.022733793538
2024-01-14-15-59-59.99       62134.665515445733      368639.364106420369      205315.041787188064        -897.661803701869         233.597735309353         308.683882153412          -0.293123809867           1.136368005035           0.024064182497
2024-01-14-17-00-00.00       58900.734697078515      369468.217650844192      206419.532733825763        -898.955484506901         226.880154307181         304.922254104383          -0.290464490179           1.139025333093           0.025392216153
2024-01-14-18-00-00.00       55662.264459698570      370272.928023411892      207510.482590560627        -900.183804637625         220.184911318216         301.161104042477          -0.287764706149           1.141672561791           0.026717793625
2024-01-14-18-59-59.99       52419.489007319644      371053.576167577761      208587.893610434083        -901.347371649455         213.512297400402         297.400726705020          -0.285024729382           1.144309318623           0.028040815567
2024-01-14-20-00-00.00       49172.640361699596      371810.244058492011      209651.769097027602        -902.446790334976         206.862594688586         293.641411001756          -0.282244834405           1.146935234992           0.029361184169
2024-01-14-21-00-00.00       45921.948372460698      372543.014671186625      210702.113383632503        -903.482662627978         200.236076566540         289.883440097860          -0.279425298954           1.149549946169           0.030678803150
2024-01-14-21-59-59.99       42667.640727547325      373251.971949378611      211738.931812718452        -904.455587511921         193.633007836495         286.127091496106          -0.276566404277           1.152153091256           0.031993577761
2024-01-14-23-00-00.00       39409.942964005408      373937.200774876052      212762.230715693848        -905.366160932964         187.053644886195         282.372637118114          -0.273668434183           1.154744313424           0.033305414776
2024-01-15-00-00-00.00       36149.078479065705      374598.786937584460      213772.017392959795        -906.214975717611         180.498235853746         278.620343384872          -0.270731675342           1.157323259864           0.034614222492
2024-01-15-00-59-59.99       32885.268541516387      375236.817106102186      214768.300094252249        -907.002621495006         173.967020789936         274.870471296443          -0.267756417584           1.159889581749           0.035919910723
2024-01-15-02-00-00.00       29618.732303346456      375851.378798894235      215751.087999268988        -907.729684623662         167.460231819106         271.123276511584          -0.264742952951           1.162442934445           0.037222390797
2024-01-15-03-00-00.00       26349.686811645530      376442.560356043570      216720.391198583297        -908.396748122466         160.978093297779         267.379009426972          -0.261691575997           1.164982977464           0.038521575549
2024-01-15-03-59-59.99       23078.347020744710      377010.450911570690      217676.220674844226        -909.004391605622         154.520821971679         263.637915256453          -0.258602584094           1.167509374414           0.039817379314
2024-01-15-05-00-00.00       19804.925804585026      377555.140366314212      218618.588284259982        -909.553191221229         148.088627130980         259.900234110263          -0.255476276481           1.170021793196           0.041109717926
2024-01-15-06-00-00.00       16529.633969300950      378076.719361367926      219547.506738368014        -910.043719593190         141.681710763705         256.166201074102          -0.252312954568           1.172519905949           0.042398508704
2024-01-15-06-59-59.99       13252.680266007059      378575.279252065753      220462.989586088050        -910.476545766219         135.300267707093         252.436046287867          -0.249112922248           1.175003388993           0.043683670453
2024-01-15-08-00-00.00        9974.271403778903      379050.912082508730      221365.051196058746        -910.852235153808         128.944485796901         248.709995023880          -0.245876484942           1.177471923014           0.044965123449
2024-01-15-09-00-00.00        6694.612062813158      379503.710560624546      222253.706739253481        -911.171349489033         122.614546014231         244.988267764180          -0.242603949914           1.179925192994           0.046242789435
2024-01-15-09-59-59.99        3413.904907762020      379933.768033752276      223128.972171873407        -911.434446778301         116.310622629916         241.271080276820          -0.239295626583           1.182362888159           0.047516591616
2024-01-15-11-00-00.00         132.350601228180      380341.178464739001      223990.864218511560        -911.642081258093         110.032883346825         237.558643691228          -0.235951825571           1.184784702141           0.048786454641
2024-01-15-12-00-00.00       -3149.852182590478      380726.036408550979      224839.400355589460        -911.794803354744         103.781489438840         233.851164571958          -0.232572859023           1.187190332904           0.050052304603
2024-01-15-12-59-59.99       -6432.506744116613      381088.436989373935      225674.598795053520        -911.893159647463          97.556595888366         230.148844991892          -0.229159040921           1.189579482689           0.051314069025
2024-01-15-14-00-00.00       -9715.418344481972      381428.475878208061      226496.478468336019        -911.937692834493          91.358351521110         226.451882604337          -0.225710686142           1.191951858154           0.052571676850
2024-01-15-15-00-00.00      -12998.394191499696      381746.249270944216      227305.059010573401        -911.928941702353          85.186899139001         222.760470714619          -0.222228110773           1.194307170304           0.053825058434
2024-01-15-15-59-59.99      -16281.243425530876      382041.853866913007      228100.360745081212        -911.867441098002          79.042375651409         219.074798351401          -0.218711632442           1.196645134425           0.055074145533
2024-01-15-17-00-00.00      -19563.777105256602      382315.386847907910      228882.404668087722        -911.753721903534          72.924912204335         215.395050337610          -0.215161569366           1.198965470209           0.056318871290
2024-01-15-18-00-00.00      -22845.808193361685      382566.945857665327      229651.212433719309        -911.588311013173          66.834634307982         211.721407361180          -0.211578240684           1.201267901683           0.057559170230
2024-01-15-18-59-59.99      -26127.151542140135      382796.628981802322      230406.806339241099        -911.371731312330          60.771661962854         208.054046045574          -0.207961966785           1.203552157136           0.058794978244
2024-01-15-20-00-00.00      -29407.623879028608      383004.534728206811      231149.209310551552        -911.104501658346          54.736109783169         204.393139019263          -0.204313068369           1.205817969232           0.060026232576
2024-01-15-21-00-00.00      -32687.043792073251      383190.762007865414      231878.444887924183        -910.787136863066          48.728087118791         200.738854984636          -0.200631866773           1.208065074932           0.061252871815
2024-01-15-21-59-59.99      -35965.231715337060      383355.410116127634      232594.537211995455        -910.420147677147          42.747698174632         197.091358785618          -0.196918684321           1.210293215421           0.062474835882
2024-01-15-23-00-00.00      -39242.009914254275      383498.578714395757      233297.511009994516        -910.004040776220          36.795042127564         193.450811473923          -0.193173843372           1.212502136206           0.063692066014
2024-01-16-00-00-00.00      -42517.202470938508      383620.367812231707      233987.391582209122        -909.539318749130          30.870213241286         189.817370374219          -0.189397666670           1.214691587032           0.064904504754
2024-01-16-00-59-59.99      -45790.635269451755      383720.877749869775      234664.204788681614        -909.026480088296          24.973300978917         186.191189148119          -0.185590477685           1.216861321812           0.066112095938
2024-01-16-02-00-00.00      -49062.135981044150      383800.209181138722      235327.977036138967        -908.466019182158          19.104390113170         182.572417857082          -0.181752599678           1.219011098705           0.067314784681
2024-01-16-03-00-00.00      -52331.534049368471      383858.463056768873      235978.735265142343        -907.858426309846          13.263560835163         178.961203024909          -0.177884356048           1.221140680037           0.068512517365
2024-01-16-03-59-59.99      -55598.660675679974      383895.740608091524      236616.506937463186        -907.204187637722           7.450888861190         175.357687699582          -0.173986070685           1.223249832222           0.069705241621
2024-01-16-05-00-00.00      -58863.348804027177      383912.143331120547      237241.320023681823        -906.503785217628           1.666445537706         171.762011514625          -0.170058067039           1.225338325833           0.070892906320
2024-01-16-06-00-00.00      -62125.433106438591      383907.772971006634      237853.202991004946        -905.757696986735          -4.089702054919         168.174310750286          -0.166100668474           1.227405935515           0.072075461557
2024-01-16-06-59-59.99      -65384.749968111559      383882.731506864133      238452.184791303036        -904.966396768617          -9.817491000483         164.594718394115          -0.162114198627           1.229452439913           0.073252858636
2024-01-16-08-00-00.00      -68641.137472607181      383837.121136961039      239038.294849365164        -904.130354275442         -15.516862446678         161.023364200951          -0.158098980483           1.231477621722           0.074425050057
2024-01-16-09-00-00.00      -71894.435387050704      383771.044264261145      239611.563051363977        -903.250035111442         -21.187761506072         157.460374752256          -0.154055336734           1.233481267607           0.075591989500
2024-01-16-09-59-59.99      -75144.485147364205      383684.603482347564      240172.019733552268        -902.325900776121         -26.830137161342         153.905873513676          -0.149983590150           1.235463168124           0.076753631813
2024-01-16-11-00-00.00      -78391.129843478644      383577.901561625767      240719.695671124296        -901.358408670895         -32.443942167983         150.359980892836          -0.145884062652           1.237423117764           0.077909932992
2024-01-16-12-00-00.00      -81634.214204604796      383451.041435935243      241254.622067325836        -900.348012104530         -38.029132963311         146.822814294678          -0.141757075684           1.239360914866           0.079060850171
2024-01-16-12-59-59.99      -84873.584584509750      383304.126189449744      241776.830542737269        -899.295160300949         -43.585669575552         143.294488176115          -0.137602950590           1.241276361549           0.080206341607
2024-01-16-14-00-00.00      -88109.088946827294      383137.259043911006      242286.353124757967        -898.200298408200         -49.113515535110         139.775114099642          -0.133422007688           1.243169263732           0.081346366660
2024-01-16-15-00-00.00      -91340.576850403173      382950.543346178718      242783.222237281938        -897.063867508872         -54.612637787537         136.264800786169          -0.129214566654           1.245039431059           0.082480885782
2024-01-16-15-59-59.99      -94567.899434679697      382744.082556088688      243267.470690561342        -895.886304631746         -60.083006608430         132.763654167099          -0.124980946905           1.246886676822           0.083609860502
2024-01-16-17-00-00.00      -97790.909405125334      382517.980234616669      243739.131671258481        -894.668042764844         -65.524595519310         129.271777436253          -0.120721466677           1.248710817979           0.084733253408
2024-01-16-18-00-00.00     -101009.461018713264      382272.340032343345      244198.238732683269        -893.409510869369         -70.937381205144         125.789271101308          -0.116436443417           1.250511675073           0.085851028132
2024-01-16-18-59-59.99     -104223.410069449616      382007.265678209253      244644.825785213790        -892.111133894395         -76.321343433218         122.316233034855          -0.112126194169           1.252289072165           0.086963149337
2024-01-16-20-00-00.00     -107432.613873959694      381722.860968567024      245078.927086903714        -890.773332792321         -81.676464972898         118.852758525191          -0.107791034667           1.254042836834           0.088069582699
2024-01-16-21-00-00.00     -110636.931257126169      381419.229756512446      245500.577234267286        -889.396524534518         -87.002731517338         115.398940326117          -0.103431279722           1.255772800100           0.089170294889
2024-01-16-21-59-59.99     -113836.222537787209      381096.475941499404      245909.811153244023        -887.981122127532         -92.300131606388         111.954868705998          -0.099047243625           1.257478796364           0.090265253567
2024-01-16-23-00-00.00     -117030.349514492715      380754.703459227399      246306.664090337901        -886.527534629679         -97.568656551277         108.520631495671          -0.094639239236           1.259160663391           0.091354427354
2024-01-17-00-00-00.00     -120219.175451321236      380394.016271797416      246691.171603926457        -885.036167168236        -102.808300361019         105.096314135194          -0.090207578388           1.260818242243           0.092437785825
2024-01-17-00-59-59.99     -123402.565063760398      380014.518358130241      247063.369555736805        -883.507420957326        -108.019059670558         101.681999719506          -0.085752572288           1.262451377217           0.093515299491
2024-01-17-02-00-00.00     -126580.384504653513      379616.313704640372      247423.294102484273        -881.941693316731        -113.200933670430          98.277769043204          -0.081274530613           1.264059915822           0.094586939782
2024-01-17-03-00-00.00     -129752.501350213890      379199.506296158652      247770.981687669497        -880.339377691404        -118.353924038304          94.883700644376          -0.076773761922           1.265643708710           0.095652679032
2024-01-17-03-59-59.99     -132918.784586112510      378764.200107100594      248106.469033533765        -878.700863672066        -123.478034871490          91.499870848119          -0.072250574065           1.267202609625           0.096712490468
2024-01-17-05-00-00.00     -136079.104593641794      378310.499092876038      248429.793133170228        -877.026537016461        -128.573272620880          88.126353809527          -0.067705273282           1.268736475365           0.097766348184
2024-01-17-06-00-00.00     -139233.333135955181      377838.507181532390      248740.991242788325        -875.316779671249        -133.639646026028          84.763221556389          -0.063138164620           1.270245165723           0.098814227137
2024-01-17-06-59-59.99     -142381.343344387482      377348.328265630989      249040.100874131895        -873.571969794332        -138.677166051263          81.410544031541          -0.058549552346           1.271728543432           0.099856103126
2024-01-17-08-00-00.00     -145523.009704856464      376840.066194351937      249327.159787049372        -871.792481777577        -143.685845822715          78.068389134901          -0.053939739059           1.273186474125           0.100891952775
2024-01-17-09-00-00.00     -148658.208044345316      376313.824765821802      249602.205982213403        -869.978686269497        -148.665700566745          74.736822764762          -0.049309026107           1.274618826280           0.101921753521
2024-01-17-09-59-59.99     -151786.815517468873      375769.707719664264      249865.277693989134        -868.130950198279        -153.616747549148          71.415908858589          -0.044657714006           1.276025471167           0.102945483599
2024-01-17-11-00-00.00     -154908.710593121010      375207.818729763618      250116.413383446925        -866.249636794666        -158.539006016015          68.105709432725          -0.039986101557           1.277406282802           0.103963122022
2024-01-17-12-00-00.00     -158023.773041205597      374628.261397240742      250355.651731516089        -864.335105615145        -163.432497135727          64.806284621242          -0.035294486269           1.278761137896           0.104974648573
2024-01-17-12-59-59.99     -161131.883919450891      374031.139243634650      250583.031632277096        -862.387712565258        -168.297243942549          61.517692713699          -0.030583164785           1.280089915807           0.105980043784
2024-01-17-14-00-00.00     -164232.925560309406      373416.555704286264      250798.592186388792        -860.407809923489        -173.133271281380          58.239990192130          -0.025852432000           1.281392498490           0.106979288926
2024-01-17-15-00-00.00     -167326.781557943701      372784.614121916122      251002.372694645659        -858.395746365473        -177.940605754131          54.973231767098          -0.021102581492           1.282668770441           0.107972365987
2024-01-17-15-59-59.99     -170413.336755300756      372135.417740394361      251194.412651665421        -856.351866988888        -182.719275667119          51.717470413294          -0.016333905952           1.283918618671           0.108959257668
2024-01-17-17-00-00.00     -173492.477231276804      371469.069698697655      251374.751739702362        -854.276513338754        -187.469310979733          48.472757404659          -0.011546696306           1.285141932633           0.109939947357
2024-01-17-18-00-00.00     -176564.090287973610      370785.673025048629      251543.429822588252        -852.170023433299        -192.190743253856          45.239142349351          -0.006741242151           1.286338604182           0.110914419123
2024-01-17-18-59-59.99     -179628.064438050642      370085.330631238932      251700.486939798458        -850.032731790158        -196.883605604018          42.016673224579          -0.001917832189           1.287508527549           0.111882657697
2024-01-17-20-00-00.00     -182684.289392167440      369368.145307124709      251845.963300641539        -847.864969452338        -201.547932648740          38.805396410915           0.002923246645           1.288651599264           0.112844648461
2024-01-17-21-00-00.00     -185732.656046524673      368634.219715302228      251979.899278573721        -845.667064014661        -206.183760461971          35.605356726621           0.007781708744           1.289767718121           0.113800377430
2024-01-17-21-59-59.99     -188773.056470495969      367883.656385951850      252102.335405635415        -843.439339649511        -210.791126526110          32.416597460964           0.012657269391           1.290856785160           0.114749831240
2024-01-17-23-00-00.00     -191805.383894354163      367116.557711852540      252213.312367005332        -841.182117132775        -215.370069685505          29.239160407051           0.017549645626           1.291918703581           0.115692997137
2024-01-18-00-00-00.00     -194829.532697090064      366333.025943559478      252312.870995672129        -838.895713869511        -219.920630101302          26.073085893649           0.022458555806           1.292953378717           0.116629862958
2024-01-18-00-59-59.99     -197845.398394323594      365533.163184743898      252401.052267218765        -836.580443919670        -224.442849207407          22.918412816131           0.027383719159           1.293960718022           0.117560417120
2024-01-18-02-00-00.00     -200852.877626308240      364717.071387688396      252477.897294716648        -834.236618023953        -228.936769667655          19.775178666595           0.032324856650           1.294940630978           0.118484648609
2024-01-18-03-00-00.00     -203851.868146029068      363884.852348935383      252543.447323727596        -831.864543630048        -233.402435333992          16.643419563382           0.037281690537           1.295893029075           0.119402546961
2024-01-18-03-59-59.99     -206842.268807393528      363036.607705080882      252597.743727409164        -829.464524918839        -237.839891206051          13.523170279878           0.042253943922           1.296817825810           0.120314102255
2024-01-18-05-00-00.00     -209823.979553522018      362172.438928718737      252640.828001726448        -827.036862831503        -242.249183391012          10.414464273358           0.047241341615           1.297714936578           0.121219305096
2024-01-18-06-00-00.00     -212796.901405130542      361292.447324520152      252672.741760763369        -824.581855096265        -246.630359064848           7.317333713242           0.052243609681           1.298584278670           0.122118146603
2024-01-18-06-59-59.99     -215760.936449015251      360396.734025457466      252693.526732138620        -822.099796255744        -250.983466433747           4.231809509463           0.057260474997           1.299425771270           0.123010618399
2024-01-18-08-00-00.00     -218715.987826631928      359485.399989162921      252703.224752521492        -819.590977694048        -255.308554696376           1.157921340495           0.062291666105           1.300239335347           0.123896712594
2024-01-18-09-00-00.00     -221661.959722774569      358558.545994423097      252701.877763248805        -817.055687663879        -259.605674006601          -1.904302318851           0.067336912761           1.301024893653           0.124776421774
2024-01-18-09-59-59.99     -224598.757354350731      357616.272637806542      252689.527806041471        -814.494211313398        -263.874875436858          -4.954834170064           0.072395945489           1.301782370733           0.125649738995
2024-01-18-11-00-00.00     -227526.286959253019      356658.680330421368      252666.217018817755        -811.906830712747        -268.116210942291          -7.993648064207           0.077468496427           1.302511692811           0.126516657760
2024-01-18-12-00-00.00     -230444.455785325583      355685.869294801145      252631.987631602125        -809.293824880413        -272.329733325625         -11.020718975824           0.082554298882           1.303212787791           0.127377172016
2024-01-18-12-59-59.99     -233353.172079425596      354697.939561915293      252586.881962526444        -806.655469809311        -276.515496203001         -14.036022977656           0.087653086872           1.303885585279           0.128231276140
2024-01-18-14-00-00.00     -236252.345076577214      353694.990968301019      252530.942413921002        -803.992038492843        -280.673553970741         -17.039537216082           0.092764595978           1.304530016457           0.129078964926
2024-01-18-15-00-00.00     -239141.884989221493      352677.123153313063      252464.211468492460        -801.303800950962        -284.803961773094         -20.031239887219           0.097888562891           1.305146014099           0.129920233575
2024-01-18-15-59-59.99     -242021.702996557869      351644.435556487588      252386.731685586972        -798.591024256371        -288.906775470900         -23.011110213536           0.103024724958           1.305733512595           0.130755077684
2024-01-18-17-00-00.00     -244891.711233982292      350597.027415018005      252298.545697537105        -795.853972560982        -292.982051611004         -25.979128420759           0.108172821026           1.306292447821           0.131583493235
2024-01-18-18-00-00.00     -247751.822782620118      349534.997761339066      252199.696206091408        -793.092907122517        -297.029847396367         -28.935275714969           0.113332590992           1.306822757164           0.132405476583
2024-01-18-18-59-59.99     -250601.951658954815      348458.445420818112      252090.225978926028        -790.308086331227        -301.050220656677         -31.879534259766           0.118503775346           1.307324379550           0.133221024449
2024-01-18-20-00-00.00     -253442.012804553815      347367.469009550987      251970.177846238948        -787.499765736731        -305.043229819270         -34.811887153453           0.123686116012           1.307797255311           0.134030133904
2024-01-18-21-00-00.00     -256271.922075889539      346262.166932262422      251839.594697425549        -784.668198074455        -309.008933880590         -37.732318406472           0.128879355898           1.308241326215           0.134832802363
2024-01-18-21-59-59.99     -259091.596234256111      345142.637380307890      251698.519477835507        -781.813633292058        -312.947392377843         -40.640812919030           0.134083238439           1.308656535506           0.135629027576
2024-01-18-23-00-00.00     -261900.952935780399      344008.978329777659      251546.995185609063        -778.936318575240        -316.858665361319         -43.537356459305           0.139297508437           1.309042827760           0.136418807615
2024-01-19-00-00-00.00     -264699.910721524502      342861.287539697834      251385.064868590533        -776.036498373398        -320.742813367184         -46.421935642187           0.144521911604           1.309400148926           0.137202140863
2024-01-19-00-59-59.99     -267488.389007680467      341699.662550329580      251212.771621317224        -773.114414424858        -324.599897391094         -49.294537908752           0.149756194114           1.309728446372           0.137979026013
2024-01-19-02-00-00.00     -270266.308075856650      340524.200681561138      251030.158582081640        -770.170305781944        -328.429978862573         -52.155151506392           0.155000103433           1.310027668738           0.138749462046
2024-01-19-03-00-00.00     -273033.589063452266      339334.999031390937      250837.268930063321        -767.204408835913        -332.233119620270         -55.003765469541           0.160253387869           1.310297765979           0.139513448233
2024-01-19-03-59-59.99     -275790.153954122623      338132.154474497889      250634.145882529323        -764.216957342194        -336.009381887809         -57.840369600730           0.165515796117           1.310538689425           0.140270984123
2024-01-19-05-00-00.00     -278535.925568335748      336915.763660898025      250420.832692103111        -761.208182445353        -339.758828250530         -60.664954452043           0.170787078093           1.310750391622           0.141022069529
2024-01-19-06-00-00.00     -281270.827554019052      335685.923014683591      250197.372644099261        -758.178312704465        -343.481521632571         -63.477511306596           0.176066984483           1.310932826388           0.141766704527
2024-01-19-06-59-59.99     -283994.784377295116      334442.728732843418      249963.809053924459        -755.127574118441        -347.177525274421         -66.278032160104           0.181355266285           1.311085948877           0.142504889443
2024-01-19-08-00-00.00     -286707.721313314687      333186.276784165064      249720.185264546599        -752.056190151295        -350.846902710796         -69.066509702512           0.186651675647           1.311209715416           0.143236624847
2024-01-19-09-00-00.00     -289409.564437171386      331916.662908214901      249466.544644025620        -748.964381757502        -354.489717748496         -71.842937299589           0.191955965410           1.311304083565           0.143961911543
2024-01-19-09-59-59.99     -292100.240614917246      330633.982614394161      249202.930583119334        -745.852367406266        -358.106034445656         -74.607308975198           0.197267888658           1.311369012195           0.144680750564
2024-01-19-11-00-00.00     -294779.677494656062      329338.331181078858      248929.386492938356        -742.720363107039        -361.695917089120         -77.359619393025           0.202587199548           1.311404461312           0.145393143160
2024-01-19-12-00-00.00     -297447.803497734596      328029.803654829971      248645.955802679295        -739.568582433062        -365.259430174427         -80.099863839647           0.207913652860           1.311410392128           0.146099090797
2024-01-19-12-59-59.99     -300104.547810013290      326708.494849679351      248352.681957410823        -736.397236545329        -368.796638385222         -82.828038207718           0.213247003544           1.311386767148           0.146798595143
2024-01-19-14-00-00.00     -302749.840373225976      325374.499346489436      248049.608415921888        -733.206534216168        -372.307606573456         -85.544138979782           0.218587007550           1.311333549982           0.147491658066
2024-01-19-15-00-00.00     -305383.611876422132      324027.911492381303      247736.778648625739        -729.996681852535        -375.792399740309         -88.248163212678           0.223933421379           1.311250705431           0.148178281624
2024-01-19-15-59-59.99     -308005.793747493299      322668.825400230882      247414.236135520187        -726.767883519262        -379.251083017764         -90.940108522341           0.229286001632           1.311138199574           0.148858468060
2024-01-19-17-00-00.00     -310616.318144784775      321297.334948230709      247082.024364201934        -723.520340962447        -382.683721650731         -93.619973068857           0.234644505839           1.310995999580           0.149532219794
2024-01-19-18-00-00.00     -313215.117948786472      319913.533779513440      246740.186827933387        -720.254253632572        -386.090380979818         -96.287755541753           0.240008692010           1.310824073796           0.150199539418
2024-01-19-18-59-59.99     -315802.126753915916      318517.515301839972      246388.767023764725        -716.969818708326        -389.471126424184         -98.943455145092           0.245378318190           1.310622391845           0.150860429689
2024-01-19-20-00-00.00     -318377.278860378661      317109.372687345487      246027.808450707205        -713.667231119804        -392.826023464873        -101.587071582730           0.250753143282           1.310390924428           0.151514893523
2024-01-19-21-00-00.00     -320940.509266115725      315689.198872347013      245657.354607960384        -710.346683571994        -396.155137628111        -104.218605043451           0.256132926602           1.310129643424           0.152162933989
2024-01-19-21-59-59.99     -323491.753658836649      314257.086557210598      245277.448993194092        -707.008366567918        -399.458534468767        -106.838056186226           0.261517427436           1.309838521989           0.152804554305
2024-01-19-23-00-00.00     -326030.948408132186      312813.128206278197      244888.135100881103        -703.652468431406        -402.736279553972        -109.445426125738           0.266906405862           1.309517534358           0.153439757829
2024-01-20-00-00-00.00     -328558.030557669757      311357.416047851788      244489.456420682225        -700.279175329487        -405.988438447001        -112.040716418289           0.272299622309           1.309166655945           0.154068548055
2024-01-20-00-59-59.99     -331072.937817469297      309890.042074236495      244081.456435881177        -696.888671294405        -409.215076691527        -114.623929048192           0.277696837112           1.308785863454           0.154690928611
2024-01-20-02-00-00.00     -333575.608556256222      308411.098041838268      243664.178621867322        -693.481138245164        -412.416259796440        -117.195066414728           0.283097811338           1.308375134674           0.155306903249
2024-01-20-03-00-00.00     -336065.981793892919      306920.675471315801      243237.666444664850        -690.056756009003        -415.592053221177        -119.754131319529           0.288502306343           1.307934448582           0.155916475843
2024-01-20-03-59-59.99     -338543.997193886666      305418.865647783910      242801.963359505869        -686.615702342676        -418.742522361643        -122.301126954349           0.293910083335           1.307463785465           0.156519650384
2024-01-20-05-00-00.00     -341009.595055974147      303905.759621066914      242357.112809448241        -683.158152953697        -421.867732536657        -124.836056889068           0.299320904192           1.306963126706           0.157116430973
2024-01-20-06-00-00.00     -343462.716308781877      302381.448206000205      241903.158224035549        -679.684281521694        -424.967748974779        -127.358925059763           0.304734531028           1.306432454893           0.157706821822
2024-01-20-06-59-59.99     -345903.302502565552      300846.021982777922      241440.143018000090        -676.194259719761        -428.042636801426        -129.869735756804           0.310150725757           1.305871753952           0.158290827242
2024-01-20-08-00-00.00     -348331.295802024193      299299.571297347313      240968.110590008990        -672.688257235881        -431.092461026136        -132.368493612871           0.315569250909           1.305281008917           0.158868451646
2024-01-20-09-00-00.00     -350746.638979192008      297742.186261849303      240487.104321453749        -669.166441794199        -434.117286529939        -134.855203590979           0.320989869198           1.304660206055           0.159439699540
2024-01-20-09-59-59.99     -353149.275406407425      296173.956755102787      239997.167575282132        -665.628979176197        -437.117178052750        -137.329870972528           0.326412343092           1.304009332999           0.160004575523
2024-01-20-11-00-00.00     -355539.149049356463      294594.972423136525      239498.343694873620        -662.076033241525        -440.092200180860        -139.792501345532           0.331836435629           1.303328378513           0.160563084278
2024-01-20-12-00-00.00     -357916.204460191482      293005.322679762961      238990.676002956170        -658.507765948507        -443.042417334555        -142.243100593114           0.337261909981           1.302617332626           0.161115230574
2024-01-20-12-59-59.99     -360280.386770722573      291405.096707199002      238474.207800564152        -654.924337374258        -445.967893755988        -144.681674882389           0.342688529037           1.301876186765           0.161661019261
2024-01-20-14-00-00.00     -362631.641685681301      289794.383456727955      237948.982366035169        -651.325905734369        -448.868693497406        -147.108230653786           0.348116056208           1.301104933520           0.162200455264
2024-01-20-15-00-00.00     -364969.915476052498      288173.271649404254      237415.042954044533        -647.712627402396        -451.744880409802        -149.522774610778           0.353544255005           1.300303566774           0.162733543581
2024-01-20-15-59-59.99     -367295.154972481017      286541.849776796880      236872.432794676773        -644.084656928983        -454.596518132082        -151.925313710014           0.358972888616           1.299472081855           0.163260289283
2024-01-20-17-00-00.00     -369607.307558739500      284900.206101772550      236321.195092531038        -640.442147061060        -457.423670080688        -154.315855151663           0.364401720718           1.298610475281           0.163780697507
2024-01-20-18-00-00.00     -371906.321165272617      283248.428659314057      235761.373025862005        -636.785248761072        -460.226399439587        -156.694406369858           0.369830515051           1.297718744905           0.164294773454
2024-01-20-18-59-59.99     -374192.144262806571      281586.605257374991      235193.009745754505        -633.114111226009        -463.004769150602        -159.060975023183           0.375259035004           1.296796890067           0.164802522389
2024-01-20-20-00-00.00     -376464.725856027973      279914.823477768747      234616.148375333141        -629.428881906925        -465.758841903802        -161.415568984985           0.380687044423           1.295844911334           0.165303949636
2024-01-20-21-00-00.00     -378724.015477332927      278233.170677091694      234030.832009006263        -625.729706528123        -468.488680127964        -163.758196333647           0.386114307193           1.294862810652           0.165799060573
2024-01-20-21-59-59.99     -380969.963180646650      276541.733987681568      233437.103711745731        -622.016729106343        -471.194345980971        -166.088865342816           0.391540586821           1.293850591496           0.166287860638
2024-01-20-23-00-00.00     -383202.519535307831      274840.600318609620      232835.006518401380        -618.290091969753        -473.875901340173        -168.407584471705           0.396965647250           1.292808258614           0.166770355315
2024-01-21-00-00-00.00     -385421.635620026325      273129.856356708158      232224.583433050080        -614.549935776446        -476.533407792786        -170.714362355642           0.402389252437           1.291735818173           0.167246550143
2024-01-21-00-59-59.99     -387627.263016904006      271409.588567633822      231605.877428376902        -610.796399532744        -479.166926626255        -173.009207796892           0.407811165949           1.290633277922           0.167716450707
2024-01-21-02-00-00.00     -389819.353805513587      269679.883196955780      230978.931445095281        -607.029620610455        -481.776518819852        -175.292129756215           0.413231151767           1.289500646925           0.168180062639
2024-01-21-03-00-00.00     -391997.860557056149      267940.826271292521      230343.788391383598        -603.249734765220        -484.362245034720        -177.563137344094           0.418648973875           1.288337935711           0.168637391613
2024-01-21-03-59-59.99     -394162.736328565516      266192.503599464311      229700.491142365587        -599.456876152972        -486.924165606304        -179.822239813045           0.424064395856           1.287145156447           0.169088443351
2024-01-21-05-00-00.00     -396313.934657187434      264435.000773683423      229049.082539613242        -595.651177347567        -489.462340536156        -182.069446549672           0.429477181696           1.285922322656           0.169533223611
2024-01-21-06-00-00.00     -398451.409554508340      262668.403170768113      228389.605390675890        -591.832769357570        -491.976829484348        -184.304767066997           0.434887095376           1.284669449375           0.169971738191
2024-01-21-06-59-59.99     -400575.115500954445      260892.795953386580      227722.102468640573        -588.001781643669        -494.467691762047        -186.528210996656           0.440293900474           1.283386553337           0.170403992930
2024-01-21-08-00-00.00     -402685.007440250251      259108.264071325626      227046.616511718428        -584.158342135791        -496.934986324220        -188.739788081076           0.445697360965           1.282073652672           0.170829993701
2024-01-21-09-00-00.00     -404781.040773938876      257314.892262786336      226363.190222860634        -580.302577250578        -499.378771762338        -190.939508165504           0.451097240821           1.280730767080           0.171249746413
2024-01-21-09-59-59.99     -406863.171355965140      255512.765055705910      225671.866269402235        -576.434611908394        -501.799106297018        -193.127381190042           0.456493303613           1.279357918005           0.171663257010
2024-01-21-11-00-00.00     -408931.355487318826      253701.966769105842      224972.687282735016        -572.554569550426        -504.196047770605        -195.303417181694           0.461885313311           1.277955128342           0.172070531468
2024-01-21-12-00-00.00     -410985.549910740985      251882.581514467485      224265.695858009072        -568.662572155415        -506.569653639712        -197.467626246560           0.467273033888           1.276522422601           0.172471575795
2024-01-21-12-59-59.99     -413025.711805489555      250054.693197133340      223550.934553861414        -564.758740256148        -508.919980967829        -199.620018562271           0.472656228928           1.275059827097           0.172866396031
2024-01-21-14-00-00.00     -415051.798782159807      248218.385517736373      222828.445892171701        -560.843192955226        -511.247086418076        -201.760604370777           0.478034662422           1.273567369639           0.173254998248
2024-01-21-15-00-00.00     -417063.768877567025      246373.741973653261      222098.272357843351        -556.916047940961        -513.551026246233        -203.889393971415           0.483408098378           1.272045079704           0.173637388542
2024-01-21-15-59-59.99     -419061.580549680861      244520.845860483154      221360.456398608600        -552.977421502553        -515.831856294099        -206.006397714339           0.488776300431           1.270492988630           0.174013573045
2024-01-21-17-00-00.00     -421045.192672617792      242659.780273549259      220615.040424857434        -549.027428545509        -518.089631983228        -208.111625994117           0.494139032641           1.268911129294           0.174383557911
2024-01-21-18-00-00.00     -423014.564531684504      240790.628109422803      219862.066809488781        -545.066182606564        -520.324408308983        -210.205089243486           0.499496059100           1.267299536292           0.174747349323
2024-01-21-18-59-59.99     -424969.655818480242      238913.472067467170      219101.577887784457        -541.093795869164        -522.536239834853        -212.286797927031           0.504847143557           1.265658246138           0.175104953496
2024-01-21-20-00-00.00     -426910.426626051543      237028.394651402923      218333.615957305941        -537.110379178614        -524.725180686860        -214.356762534805           0.510192050203           1.263987296926           0.175456376664
2024-01-21-21-00-00.00     -428836.837444102101      235135.478170892835      217558.223277814512        -533.116042057610        -526.891284547968        -216.414993575779           0.515530543292           1.262286728526           0.175801625091
2024-01-21-21-59-59.99     -430748.849154259835      233234.804743147426      216775.442071215250        -529.110892721607        -529.034604652385        -218.461501571202           0.520862386761           1.260556582772           0.176140705068
2024-01-21-23-00-00.00     -432646.423025398748      231326.456294550007      215985.314521524328        -525.095038094159        -531.155193779705        -220.496297047936           0.526187345020           1.258796903127           0.176473622910
2024-01-22-00-00-00.00     -434529.520709014323      229410.514562304801      215187.882774861180        -521.068583821896        -533.253104248944        -222.519390531901           0.531505182574           1.257007734875           0.176800384954
2024-01-22-00-59-59.99     -436398.104234653816      227487.061096105608      214383.188939463173        -517.031634289289        -535.328387912561        -224.530792541723           0.536815663648           1.255189125318           0.177120997569
2024-01-22-02-00-00.00     -438252.136005398119      225556.177259826014      213571.275085722707        -512.984292632899        -537.381096150567        -226.530513582689           0.542118552974           1.253341123430           0.177435467144
2024-01-22-03-00-00.00     -440091.578793394088      223617.944233230693      212752.183246246044        -508.926660755371        -539.411279864871        -228.518564141005           0.547413615420           1.251463780049           0.177743800093
2024-01-22-03-59-59.99     -441916.395735438215      221672.443013705866      211925.955415931530        -504.858839339011        -541.418989473902        -230.494954678324           0.552700615613           1.249557148083           0.178046002857
2024-01-22-05-00-00.00     -443726.550328606681      219719.754418009397      211092.633552067797        -500.780927859337        -543.404274907582        -232.459695626462           0.557979318732           1.247621282151           0.178342081900
2024-01-22-06-00-00.00     -445522.006425935077      217759.959084037982      210252.259574450291        -496.693024598513        -545.367185602563        -234.412797382178           0.563249490132           1.245656238778           0.178632043712
2024-01-22-06-59-59.99     -447302.728232147871      215793.137472610892      209404.875365517393        -492.595226658726        -547.307770497650        -236.354270301937           0.568510894981           1.243662076609           0.178915894807
2024-01-22-08-00-00.00     -449068.680299432599      213819.369869270799      208550.522770504496        -488.487629976129        -549.226078029405        -238.284124696548           0.573763299041           1.241638856033           0.179193641724
2024-01-22-09-00-00.00     -450819.827523269400      211838.736386099306      207689.243597618508        -484.370329333998        -551.122156127545        -240.202370825712           0.579006468301           1.239586639390           0.179465291027
2024-01-22-09-59-59.99     -452556.135138304089      209851.316963550256      206821.079618231888        -480.243418376896        -552.996052210446        -242.109018892432           0.584240168619           1.237505491179           0.179730849306
2024-01-22-11-00-00.00     -454277.568714272697      207857.191372298956      205946.072567096475        -476.106989624114        -554.847813180360        -244.004079037409           0.589464166498           1.235395477677           0.179990323177
2024-01-22-12-00-00.00     -455984.094151975820      205856.439215108869      205064.264142578322        -471.961134483162        -556.677485418543        -245.887561333475           0.594678228721           1.233256667153           0.180243719278
2024-01-22-12-59-59.99     -457675.677679299610      203849.139928716089      204175.696006911603        -467.805943262925        -558.485114780291        -247.759475780173           0.599882122003           1.231089130068           0.180491044279
2024-01-22-14-00-00.00     -459352.285847283259      201835.372785732150      203280.409786471806        -463.641505186673        -560.270746590040        -249.619832298553           0.605075613757           1.228892938698           0.180732304870
2024-01-22-15-00-00.00     -461013.885526237718      199815.216896562633      202378.447072067531        -459.467908404045        -562.034425636404        -251.468640726237           0.610258471740           1.226668167338           0.180967507772
2024-01-22-15-59-59.99     -462660.443901894381      197788.751211346214      201469.849419248902        -455.285240003970        -563.776196167766        -253.305910812708           0.615430463702           1.224414892516           0.181196659729
2024-01-22-17-00-00.00     -464291.928471614316      195756.054521906539      200554.658348633500        -451.093586025908        -565.496101887755        -255.131652214824           0.620591358156           1.222133192596           0.181419767516
2024-01-22-18-00-00.00     -465908.307040630782      193717.205463720253      199632.915346247639        -446.893031471964        -567.194185951249        -256.945874492400           0.625740924019           1.219823147990           0.181636837932
2024-01-22-18-59-59.99     -467509.547718333954      191672.282517900429      198704.661863883492        -442.683660318829        -568.870490960553        -258.748587103796           0.630878930275           1.217484841377           0.181847877806
2024-01-22-20-00-00.00     -469095.618914602732      189621.364013191982      197769.939319472527        -438.465555529502        -570.525058961597        -260.539799401393           0.636005146730           1.215118357293           0.182052893994
2024-01-22-21-00-00.00     -470666.489336176426      187564.528127981408      196828.789097475383        -434.238799065641        -572.157931440261        -262.319520626927           0.641119343669           1.212723782343           0.182251893380
2024-01-22-21-59-59.99     -472222.127983071841      185501.852892320021      195881.252549288853        -430.003471899707        -573.769149318486        -264.087759906665           0.646221291513           1.210301205428           0.182444882879
2024-01-22-23-00-00.00     -473762.504145044950      183433.416189961135      194927.370993670251        -425.759654027191        -575.358752950210        -265.844526246506           0.651310761576           1.207850717319           0.182631869433
2024-01-23-00-00-00.00     -475287.587398094474      181359.295760413166      193967.185717179935        -421.507424478729        -576.926782117104        -267.589828527081           0.656387525723           1.205372410880           0.182812860014
2024-01-23-00-59-59.99     -476797.347601011046      179279.569201006700      193000.737974640389        -417.246861331957        -578.473276024172        -269.323675498986           0.661451356031           1.202866381286           0.182987861625
2024-01-23-02-00-00.00     -478291.754891966761      177194.313968979055      192028.068989612977        -412.978041722838        -579.998273295243        -271.046075778207           0.666502025543           1.200332725601           0.183156881298
2024-01-23-03-00-00.00     -479770.779685144546      175103.607383574505      191049.219954890403        -408.701041857065        -581.501811968700        -272.757037841787           0.671539307927           1.197771542990           0.183319926097
2024-01-23-03-59-59.99     -481234.392667409091      173007.526628159540      190064.232033004286        -404.415937020547        -582.983929493189        -274.456570023712           0.676562977146           1.195182934946           0.183477003117
2024-01-23-05-00-00.00     -482682.564795015496      170906.148752352601      189073.146356747340        -400.122801590106        -584.444662723713        -276.144680510961           0.681572808200           1.192567004857           0.183628119484
2024-01-23-06-00-00.00     -484115.267290354357      168799.550674168509      188076.004029709555        -395.821709043926        -585.884047917921        -277.821377339622           0.686568576796           1.189923858221           0.183773282355
2024-01-23-06-59-59.99     -485532.471638735267      166687.809182175231      187072.846126828488        -391.512731972088        -587.302120732593        -279.486668390983           0.691550059015           1.187253602876           0.183912498922
2024-01-23-08-00-00.00     -486934.149585211475      164571.000937662437      186063.713694953680        -387.195942086917        -588.698916220089        -281.140561387514           0.696517032057           1.184556348551           0.184045776407
2024-01-23-09-00-00.00     -488320.273131434282      162449.202476825216      185048.647753426019        -382.871410234260        -590.074468825124        -282.783063888741           0.701469273906           1.181832207092           0.184173122066
2024-01-23-09-59-59.99     -489690.814532557968      160322.490212956356      184027.689294671552        -378.539206403776        -591.428812380932        -284.414183286939           0.706406563005           1.179081292685           0.184294543188
2024-01-23-11-00-00.00     -491045.746294174984      158190.940438655205      183000.879284811876        -374.199399740230        -592.761980105677        -286.033926802778           0.711328678995           1.176303721408           0.184410047097
2024-01-23-12-00-00.00     -492385.041169293399      156054.629328049079      181968.258664289635        -369.852058554190        -594.074004598431        -287.642301480929           0.716235402385           1.173499611445           0.184519641148
2024-01-23-12-59-59.99     -493708.672155354929      153913.632939028990      180929.868348509917        -365.497250332669        -595.364917835034        -289.239314185736           0.721126514229           1.170669083327           0.184623332734
2024-01-23-14-00-00.00     -495016.612491286767      151768.027215501061      179885.749228497094        -361.135041749511        -596.634751163857        -290.824971597031           0.726001796859           1.167812259458           0.184721129278
2024-01-23-15-00-00.00     -496308.835654593888      149617.887989653245      178835.942171566305        -356.765498675383        -597.883535301546        -292.399280206123           0.730861033557           1.164929264345           0.184813038242
2024-01-23-15-59-59.99     -497585.315358483873      147463.290984237188      177780.488022009202        -352.388686187483        -599.111300328871        -293.962246311994           0.735704008241           1.162020224832           0.184899067121
2024-01-23-17-00-00.00     -498846.025549029990      145304.311814863293      176719.427601792413        -348.004668578800        -600.318075686667        -295.513876017635           0.740530506184           1.159085269618           0.184979223445
2024-01-23-18-00-00.00     -500090.940402359294      143141.025992314069      175652.801711270324        -343.613509367677        -601.503890172224        -297.054175226501           0.745340313698           1.156124529494           0.185053514779
2024-01-23-18-59-59.99     -501320.034321887360      140973.508924864291      174580.651129909180        -339.215271306601        -602.668771935482        -298.583149638905           0.750133217815           1.153138137569           0.185121948726
2024-01-23-20-00-00.00     -502533.281935572566      138801.835920620040      173503.016617025365        -334.810016392072        -603.812748475832        -300.100804748389           0.754909007008           1.150126228790           0.185184532923
2024-01-23-21-00-00.00     -503730.658093214734      136626.082189865585      172419.938912536280        -330.397805873649        -604.935846638413        -301.607145837880           0.759667470868           1.147088940169           0.185241275041
2024-01-23-21-59-59.99     -504912.137863782351      134446.322847425501      171331.458737725945        -325.978700264041        -606.038092610735        -303.102177975728           0.764408399800           1.144026411020           0.185292182791
2024-01-23-23-00-00.00     -506077.696532777743      132262.632915038907      170237.616796024580        -321.552759348798        -607.119511918817        -304.585906011593           0.769131585727           1.140938782466           0.185337263917
2024-01-24-00-00-00.00     -507227.309599637054      130075.087323747866      169138.453773803660        -317.120042196161        -608.180129423157        -306.058334572286           0.773836821778           1.137826197667           0.185376526200
2024-01-24-00-59-59.99     -508360.952775165322      127883.760916301166      168034.010341185407        -312.680607166775        -609.219969314485        -307.519468057655           0.778523901980           1.134688802061           0.185409977457
2024-01-24-02-00-00.00     -509478.601979000145      125688.728449579910      166924.327152862767        -308.234511923096        -610.239055108695        -308.969310636374           0.783192621961           1.131526742856           0.185437625541
2024-01-24-03-00-00.00     -510580.233337141224      123490.064597007207      165809.444848955900        -303.781813438001        -611.237409644656        -310.407866242912           0.787842778639           1.128340169269           0.185459478341
2024-01-24-03-59-59.99     -511665.823179442028      121287.843951036062      164689.404055836232        -299.322568004227        -612.215055076437        -311.835138572707           0.792474169916           1.125129232761           0.185475543782
2024-01-24-05-00-00.00     -512735.348037204298      119082.141025593708      163564.245387010364        -294.856831242256        -613.172012871254        -313.251131079407           0.797086595373           1.121894086523           0.185485829825
2024-01-24-06-00-00.00     -513788.784640766447      116873.030258568906      162434.009443992516        -290.384658108709        -614.108303804809        -314.655846971212           0.801679855966           1.118634885717           0.185490344467
2024-01-24-06-59-59.99     -514826.109917128400      114660.586014308326      161298.736817194382        -285.906102904695        -615.023947957416        -316.049289207388           0.806253753720           1.115351787707           0.185489095739
2024-01-24-08-00-00.00     -515847.300987605646      112444.882586127555      160158.468086827837        -281.421219284003        -615.918964710031        -317.431460494652           0.810808092416           1.112044951548           0.185482091709
2024-01-24-09-00-00.00     -516852.335165516124      110225.994198834844      159013.243823820754        -276.930060261861        -616.793372740512        -318.802363283468           0.815342677290           1.108714538213           0.185469340478
2024-01-24-09-59-59.99     -517841.189953897905      108003.995011268446      157863.104590746108        -272.432678223804        -617.647190019719        -320.161999764172           0.819857314731           1.105360710842           0.185450850186
2024-01-24-11-00-00.00     -518813.843043250032      105778.959118854604      156708.090942766488        -267.929124933923        -618.480433806948        -321.510371862915           0.824351812962           1.101983634209           0.185426629002
2024-01-24-12-00-00.00     -519770.272309326218      103550.960556167993      155548.243428591231        -263.419451544795        -619.293120646119        -322.847481237685           0.828825981736           1.098583474956           0.185396685131
2024-01-24-12-59-59.99     -520710.455810936168      101320.073299523225      154383.602591450122        -258.903708605521        -620.085266360635        -324.173329274162           0.833279632040           1.095160401845           0.185361026815
2024-01-24-14-00-00.00     -521634.371787794575       99086.371269574156      153214.208970080799        -254.381946070601        -620.856886048644        -325.487917081740           0.837712576771           1.091714585212           0.185319662326
2024-01-24-15-00-00.00     -522541.998658394557       96849.928333934076      152040.103099729953        -249.854213308312        -621.607994078086        -326.791245489645           0.842124630430           1.088246197210           0.185272599967
2024-01-24-15-59-59.99     -523433.315017912595       94610.818309813403      150861.325513169140        -245.320559108730        -622.338604081684        -328.083315043187           0.846515608830           1.084755412053           0.185219848079
2024-01-24-17-00-00.00     -524308.299636138254       92369.114966676600      149677.916741723428        -240.781031691139        -623.048728951799        -329.364126000095           0.850885329764           1.081242405469           0.185161415029
2024-01-24-18-00-00.00     -525166.931455436512       90124.892028914110      148489.917316312756        -236.235678711965        -623.738380835905        -330.633678326995           0.855233612701           1.077707354942           0.185097309218
2024-01-24-18-59-59.99     -526009.189588732901       87878.223178533866      147297.367768506781        -231.684547271838        -624.407571131660        -331.891971695794           0.859560278500           1.074150439958           0.185027539079
2024-01-24-20-00-00.00     -526835.053317525657       85629.182057869257      146100.308631592343        -227.127683923293        -625.056310482457        -333.139005480030           0.863865150061           1.070571841448           0.184952113071
2024-01-24-21-00-00.00     -527644.502089926624       83377.842272301961      144898.780441654148        -222.565134678454        -625.684608772846        -334.374778751062           0.868148052036           1.066971742036           0.184871039686
2024-01-24-21-59-59.99     -528437.515518731670       81124.277393001379      143692.823738669918        -217.996945017095        -626.292475123929        -335.599290274098           0.872408810531           1.063350326279           0.184784327441
2024-01-24-23-00-00.00     -529214.073379516951       78868.560959682887      142482.479067619890        -213.423159894762        -626.879917888444        -336.812538504049           0.876647253761           1.059707780114           0.184691984884
2024-01-25-00-00-00.00     -529974.155608769157       76610.766483381958      141267.786979611265        -208.843823751264        -627.446944645736        -338.014521581324           0.880863211754           1.056044291094           0.184594020587
2024-01-25-00-59-59.99     -530717.742302039173       74350.967449250660      140048.788033018791        -204.258980518529        -627.993562195987        -339.205237327521           0.885056516064           1.052360048642           0.184490443150
2024-01-25-02-00-00.00     -531444.813712134026       72089.237319369306      138825.522794639081        -199.668673629211        -628.519776554882        -340.384683241292           0.889227000407           1.048655243479           0.184381261197
2024-01-25-03-00-00.00     -532155.350247330032       69825.649535583303      137598.031840861280        -195.072946024096        -629.025592947440        -341.552856494193           0.893374500376           1.044930067872           0.184266483375
2024-01-25-03-59-59.99     -532849.332469614572       67560.277522361634      136366.355758851947        -190.471840159421        -629.511015801959        -342.709753926679           0.897498853151           1.041184715883           0.184146118358
2024-01-25-05-00-00.00     -533526.741092959652       65293.194689671836      135130.535147753573        -185.865398014426        -629.976048744427        -343.855372044264           0.901599898129           1.037419382793           0.184020174838
2024-01-25-06-00-00.00     -534187.556981611066       63024.474435882832      133890.610619897547        -181.253661097852        -630.420694592332        -344.989707013592           0.905677476639           1.033634265349           0.183888661530
2024-01-25-06-59-59.99     -534831.761148410966       60754.190150683811      132646.622802031139        -176.636670455045        -630.844955349114        -346.112754658568           0.909731431656           1.029829562017           0.183751587168
2024-01-25-08-00-00.00     -535459.334753140574       58482.415218025249      131398.612336558523        -172.014466674915        -631.248832198476        -347.224510456359           0.913761608419           1.026005472398           0.183608960506
2024-01-25-09-00-00.00     -536070.259100890602       56209.223019080688      130146.619882796338        -167.387089897118        -631.632325498699        -348.324969533255           0.917767854152           1.022162197477           0.183460790314
2024-01-25-09-59-59.99     -536664.515640456928       53934.686935228121      128890.686118244601        -162.754579819489        -631.995434776835        -349.414126660363           0.921750017776           1.018299939878           0.183307085379
2024-01-25-11-00-00.00     -537242.085962765734       51658.880351051710      127630.851739873047        -158.116975705912        -632.338158722876        -350.491976249206           0.925707950522           1.014418903272           0.183147854505
2024-01-25-12-00-00.00     -537802.951799318544       49381.876657372210      126367.157465424825        -153.474316393596        -632.660495183022        -351.558512347080           0.929641505647           1.010519292630           0.182983106505
2024-01-25-12-59-59.99     -538347.095020680223       47103.749254287621      125099.644034734200        -148.826640301637        -632.962441153689        -352.613728632574           0.933550538158           1.006601314477           0.182812850210
2024-01-25-14-00-00.00     -538874.497634980595       44824.571554251590      123828.352211063888        -144.173985438133        -633.243992774104        -353.657618410870           0.937434905406           1.002665176297           0.182637094458
2024-01-25-15-00-00.00     -539385.141786450404       42544.416985169541      122553.322782456671        -139.516389407918        -633.505145319387        -354.690174609234           0.941294466811           0.998711086784           0.182455848096
2024-01-25-15-59-59.99     -539879.009753983351       40263.358993522765      121274.596563104104        -134.853889419660        -633.745893193175        -355.711389772523           0.945129083582           0.994739256103           0.182269119984
2024-01-25-17-00-00.00     -540356.083949720836       37981.471047519510      119992.214394731403        -130.186522292692        -633.966229920228        -356.721256058763           0.948938619306           0.990749895281           0.182076918983
2024-01-25-18-00-00.00     -540816.346917663119       35698.826640271589      118706.217147997624        -125.514324463667        -634.166148139112        -357.719765234762           0.952722939673           0.986743216469           0.181879253961
2024-01-25-18-59-59.99     -541259.781332304352       33415.499292997461      117416.645723912021        -120.837331993179        -634.345639595005        -358.706908671715           0.956481912198           0.982719433197           0.181676133791
2024-01-25-20-00-00.00     -541686.369997287518       31131.562558253750      116123.541055266804        -116.155580572058        -634.504695132220        -359.682677340640           0.960215406801           0.978678759767           0.181467567346
2024-01-25-21-00-00.00     -542096.095844090101       28847.090023187538      114826.944108085227        -111.469105528521        -634.643304687310        -360.647061807786           0.963923295532           0.974621411510           0.181253563498
2024-01-25-21-59-59.99     -542488.941930726985       26562.155312821033      113526.895883088364        -106.777941835134        -634.761457281634        -361.600052229772           0.967605452296           0.970547605045           0.181034131120
2024-01-25-23-00-00.00     -542864.891440485953       24276.832093357352      112223.437417177978        -102.082124116160        -634.859141013771        -362.541638348582           0.971261753426           0.966457557670           0.180809279080
2024-01-26-00-00-00.00     -543223.927680686233       21991.194075517629      110916.609784938832         -97.381686655246        -634.936343051705        -363.471809486428           0.974892077405           0.962351487615           0.180579016240
2024-01-26-00-59-59.99     -543566.034081467660       19705.315017904984      109606.454100158968         -92.676663403225        -634.993049624667        -364.390554540549           0.978496304594           0.958229614309           0.180343351457
2024-01-26-02-00-00.00     -543891.194194603479       17419.268730401716      108293.011517369581         -87.967087985414        -635.029246014197        -365.297861977907           0.982074317797           0.954092157761           0.180102293578
2024-01-26-03-00-00.00     -544199.391692345147       15133.129077594094      106976.323233402742         -83.252993709357        -635.044916545559        -366.193719830043           0.985626001985           0.949939338818           0.179855851438
2024-01-26-03-59-59.99     -544490.610366289155       12846.969982233144      105656.430488968734         -78.534413571659        -635.040044578351        -367.078115687861           0.989151244023           0.945771379436           0.179604033862
2024-01-26-05-00-00.00     -544764.834126270027       10560.865428727462      104333.374570251268         -73.811380264744        -635.014612497229        -367.951036696491           0.992649933229           0.941588502050           0.179346849657
2024-01-26-06-00-00.00     -545022.046999277663        8274.889466669496      103007.196810521782         -69.083926183463        -634.968601702685        -368.812469550155           0.996121961093           0.937390929838           0.179084307615
2024-01-26-06-59-59.99     -545262.233128397493        5989.116214395704      101677.938591771963         -64.352083431510        -634.901992601715        -369.662400486953           0.999567221016           0.933178886996           0.178816416511
2024-01-26-08-00-00.00     -545485.376771773794        3703.619862579505      100345.641346365388         -59.615883827961        -634.814764598539        -370.500815283541           1.002985608850           0.928952598100           0.178543185095
2024-01-26-09-00-00.00     -545691.462301597232        1418.474677857751       99010.346558708276         -54.875358914037        -634.706896085267        -371.327699249657           1.006377022623           0.924712288373           0.178264622097
2024-01-26-09-59-59.99     -545880.474203117657        -866.244993508324       97672.095766940722         -50.130539960176        -634.578364432441        -372.143037222471           1.009741362279           0.920458183964           0.177980736222
2024-01-26-11-00-00.00     -546052.397073681583       -3150.464721937296       96330.930564648545         -45.381457973386        -634.429145979291        -372.946813560766           1.013078530206           0.916190511302           0.177691536146
2024-01-26-12-00-00.00     -546207.215621797950       -5434.109990798227       94986.892602595792         -40.628143704871        -634.259216023691        -373.739012138967           1.016388430969           0.911909497374           0.177397030516
2024-01-26-12-59-59.99     -546344.914666231605       -7717.106192642262       93640.023590479585         -35.870627657640        -634.068548811531        -374.519616341040           1.019670971043           0.907615369991           0.177097227948
2024-01-26-14-00-00.00     -546465.479135123547       -9999.378625396666       92290.365298706631         -31.108940094362        -633.857117525976        -375.288609054375           1.022926059338           0.903308357157           0.176792137023
2024-01-26-15-00-00.00     -546568.894065136905      -12280.852488515780       90937.959560192729         -26.343111044883        -633.624894276105        -376.045972663597           1.026153606930           0.898988687330           0.176481766286
2024-01-26-15-59-59.99     -546655.144600637024      -14561.452879099064       89582.848272182469         -21.573170313485        -633.371850085203        -376.791689044372           1.029353526798           0.894656589708           0.176166124243
2024-01-26-17-00-00.00     -546724.215992887272      -16841.104787955166       88225.073398094013         -16.799147485971        -633.097954878985        -377.525739557229           1.032525734338           0.890312293582           0.175845219360
2024-01-26-18-00-00.00     -546776.093599277548      -19119.733095632913       86864.676969384003         -12.021071936394        -632.803177473509        -378.248105041319           1.035670147094           0.885956028606           0.175519060059
2024-01-26-18-59-59.99     -546810.762882573297      -21397.262568403439       85501.701087436057          -7.238972833638        -632.487485563020        -378.958765808105           1.038786684502           0.881588025083           0.175187654715
2024-01-26-20-00-00.00     -546828.209410188487      -23673.617854199179       84136.187925471982          -2.452879148349        -632.150845708118        -379.657701634988           1.041875268388           0.877208513312           0.174851011657
2024-01-26-21-00-00.00     -546828.418853484560      -25948.723478512027       82768.179730486198           2.337180340452        -631.793223323222        -380.344891758653           1.044935822706           0.872817723868           0.174509139160
2024-01-26-21-59-59.99     -546811.376987093594      -28222.503840244273       81397.718825204414           7.131177038032        -631.414582664354        -381.020314868302           1.047968273277           0.868415887881           0.174162045448
2024-01-26-23-00-00.00     -546777.069688268122      -30494.883207515566       80024.847610067169          11.929082526262        -631.014886816590        -381.683949098676           1.050972548286           0.864003236389           0.173809738690
2024-01-27-00-00-00.00     -546725.482936262037      -32765.785713427264       78649.608565238421          16.730868555952        -630.594097680664        -382.335772022812           1.053948578015           0.859580000615           0.173452226994
2024-01-27-00-59-59.99     -546656.602811729419      -35035.135351764868       77272.044252642183          21.536507038083        -630.152175960187        -382.975760644851           1.056896294587           0.855146412251           0.173089518408
2024-01-27-02-00-00.00     -546570.415496175177      -37302.855972677142       75892.197318020873          26.345970036299        -629.689081146375        -383.603891392359           1.059815632450           0.850702702804           0.172721620916
2024-01-27-03-00-00.00     -546466.907271404983      -39568.871278274506       74510.110493029526          31.159229759088        -629.204771504505        -384.220140109199           1.062706528117           0.846249103882           0.172348542438
2024-01-27-03-59-59.99     -546346.064519032137      -41833.104818194341       73125.826597344843          35.976258550869        -628.699204058251        -384.824482047598           1.065568919907           0.841785847476           0.171970290822
2024-01-27-05-00-00.00     -546207.873719991301      -44095.479985098726       71739.388540812972          40.797028885485        -628.172334574430        -385.416891860747           1.068402748423           0.837313165308           0.171586873845
2024-01-27-06-00-00.00     -546052.321454094141      -46355.920010129041       70350.839325617650          45.621513358448        -627.624117547620        -385.997343595104           1.071207956288           0.832831289111           0.171198299213
2024-01-27-06-59-59.99     -545879.394399596378      -48614.347958289371       68960.222048479773          50.449684680105        -627.054506183981        -386.565810682510           1.073984487898           0.828340450926           0.170804574550
2024-01-27-08-00-00.00     -545689.079332801630      -50870.686723784376       67567.579902883692          55.281515668222        -626.463452385541        -387.122265932242           1.076732289878           0.823840882435           0.170405707403
2024-01-27-09-00-00.00     -545481.363127688062      -53124.859025295234       66172.956181333080          60.116979240414        -625.850906734222        -387.666681522851           1.079451310831           0.819332815255           0.170001705236
2024-01-27-09-59-59.99     -545256.232755560894      -55376.787401195063       64776.394277637119          64.956048406706        -625.216818474980        -388.199028993680           1.082141501084           0.814816481229           0.169592575429
2024-01-27-11-00-00.00     -545013.675284737838      -57626.394204711010       63377.937689226150          69.798696260846        -624.561135499715        -388.719279236341           1.084802813143           0.810292111762           0.169178325271
2024-01-27-12-00-00.00     -544753.677880258067      -59873.601599015812       61977.630019500590          74.644895972229        -623.883804329429        -389.227402485776           1.087435201435           0.805759938116           0.168758961961
2024-01-27-12-59-59.99     -544476.227803627262      -62118.331552262673       60575.514980210653          79.494620777071        -623.184770096456        -389.723368311232           1.090038622062           0.801220191705           0.168334492605
2024-01-27-14-00-00.00     -544181.312412599567      -64360.505832561510       59171.636393868102          84.347843968959        -622.463976526740        -390.207145607191           1.092613033245           0.796673103428           0.167904924212
2024-01-27-15-00-00.00     -543868.919160976540      -66600.046002868155       57766.038196194364          89.204538890741        -621.721365919756        -390.678702583866           1.095158395068           0.792118903967           0.167470263691
2024-01-27-15-59-59.99     -543539.035598451970      -68836.873415822061       56358.764438599494          94.064678925420        -620.956879129357        -391.138006757835           1.097674669233           0.787557824084           0.167030517848
2024-01-27-17-00-00.00     -543191.649370481260      -71070.909208504192       54949.859290696761          98.928237487801        -620.170455543408        -391.585024942426           1.100161819496           0.782990093955           0.166585693384
2024-01-27-18-00-00.00     -542826.748218181310      -73302.074297121682       53539.367042852005         103.795188016235        -619.362033063167        -392.019723237992           1.102619811411           0.778415943469           0.166135796892
2024-01-27-18-59-59.99     -542444.319978260901      -75530.289371619321       52127.332108767871         108.665503964545        -618.531548082265        -392.442067021986           1.105048612091           0.773835602530           0.165680834852
2024-01-27-20-00-00.00     -542044.352582979016      -77755.474890212296       50713.799028104731         113.539158794034        -617.678935465226        -392.852020938818           1.107448190630           0.769249300384           0.165220813632
2024-01-27-21-00-00.00     -541626.834060133668      -79977.551073845025       49298.812469137767         118.416125964942        -616.804128526205        -393.249548889527           1.109818517851           0.764657265929           0.164755739480
2024-01-27-21-59-59.99     -541191.752533080173      -82196.437900568140       47882.417231452557         123.296378927984        -615.907059006715        -393.634614021087           1.112159566072           0.760059728011           0.164285618525
2024-01-27-23-00-00.00     -540739.096220782143      -84412.055099837467       46464.658248679443         128.179891115105        -614.987657053340        -394.007178715499           1.114471309512           0.755456914760           0.163810456773
2024-01-28-00-00-00.00     -540268.853437896702      -86624.322146731240       45045.580591267171         133.066635929931        -614.045851194601        -394.367204578581           1.116753724049           0.750849053892           0.163330260102
2024-01-28-00-59-59.99     -539781.012594893225      -88833.158256082650       43625.229469297628         137.956586737771        -613.081568317209        -394.714652428510           1.119006786981           0.746236373019           0.162845034260
2024-01-28-02-00-00.00     -539275.562198210508      -91038.482376524553       42203.650235342699         142.849716855558        -612.094733641265        -395.049482284110           1.121230477428           0.741619098974           0.162354784865
2024-01-28-03-00-00.00     -538752.490850448492      -93240.213184443812       40780.888387363280         147.745999541635        -611.085270694847        -395.371653352950           1.123424776090           0.736997458123           0.161859517396
2024-01-28-03-59-59.99     -538211.787250597728      -95438.269077843928       39356.989571651247         152.645407985846        -610.053101287510        -395.681124019200           1.125589665011           0.732371676673           0.161359237196
2024-01-28-05-00-00.00     -537653.440194303403      -97632.568170108381       37931.999585816200         157.547915299736        -608.998145483231        -395.977851831289           1.127725127970           0.727741980002           0.160853949463
2024-01-28-06-00-00.00     -537077.438574163243      -99823.028283666587       36505.964381816593         162.453494506980        -607.920321572668        -396.261793489308           1.129831150243           0.723108592967           0.160343659252
2024-01-28-06-59-59.99     -536483.771380063961     -102009.566943561847       35078.930069036753         167.362118534099        -606.819546044541        -396.532904832102           1.131907718371           0.718471740221           0.159828371469
2024-01-28-08-00-00.00     -535872.427699545049     -104192.101370909091       33650.942917411121         172.273760200591        -605.695733557301        -396.791140824164           1.133954820537           0.713831645540           0.159308090868
2024-01-28-09-00-00.00     -535243.396718203556     -106370.548476256270       32222.049360595895         177.188392209682        -604.548796908907        -397.036455541998           1.135972446337           0.709188532133           0.158782822048
2024-01-28-09-59-59.99     -534596.667720128433     -108544.824852828140       30792.295999191287         182.105987137411        -603.378647007942        -397.268802160424           1.137960586542           0.704542622963           0.158252569450
2024-01-28-11-00-00.00     -533932.230088379467     -110714.846769673342       29361.729604012489         187.026517422707        -602.185192841759        -397.488132938186           1.139919233475           0.699894140073           0.157717337355
2024-01-28-12-00-00.00     -533250.073305501021     -112880.530164691707       27930.397119413654         191.949955355928        -600.968341445382        -397.694399203440           1.141848380775           0.695243304900           0.157177129879
2024-01-28-12-59-59.99     -532550.186954076169     -115041.790637544807       26498.345666665216         196.876273067273        -599.727997868991        -397.887551338819           1.143748023171           0.690590338599           0.156631950968
2024-01-28-14-00-00.00     -531832.560717325425     -117198.543442451875       25065.622547384934         201.805442515212        -598.464065143853        -398.067538766091           1.145618156843           0.685935461367           0.156081804400
2024-01-28-15-00-00.00     -531097.184379745508     -119350.703480859171       23632.275247025078         206.737435474339        -597.176444247797        -398.234309930556           1.147458779192           0.681278892762           0.155526693777
2024-01-28-15-59-59.99     -530344.047827793518     -121498.185293981354       22198.351438416725         211.672223523552        -595.865034069040        -398.387812285030           1.149269888614           0.676620852028           0.154966622523
2024-01-28-17-00-00.00     -529573.141050613369     -123640.903055217059       20763.898985371219         216.609778034315        -594.529731368986        -398.527992273471           1.151051484855           0.671961557421           0.154401593883
2024-01-28-18-00-00.00     -528784.454140801448     -125778.770562415244       19328.965946343396         221.550070158922        -593.170430743827        -398.654795314141           1.152803568780           0.667301226530           0.153831610915
2024-01-28-18-59-59.99     -527977.977295216522     -127911.701230022067       17893.600578153480         226.493070819212        -591.787024586457        -398.768165782808           1.154526142152           0.662640076605           0.153256676491
2024-01-28-20-00-00.00     -527153.700815832941     -130039.608081065249       16457.851339772784         231.438750694822        -590.379403044410        -398.868046994515           1.156219207978           0.657978323880           0.152676793291
2024-01-28-21-00-00.00     -526311.615110635175     -132162.403739010624       15021.766896173183         236.387080211046        -588.947453980877        -398.954381185990           1.157882770281           0.653316183903           0.152091963801
2024-01-28-21-59-59.99     -525451.710694543319     -134280.000419441058       13585.396122245575         241.338029527624        -587.491062930770        -399.027109496719           1.159516833879           0.648653871861           0.151502190308
2024-01-28-23-00-00.00     -524573.978190407972     -136392.309921623237       12148.788106780292         246.291568524809        -586.010113059471        -399.086171950094           1.161121404724           0.643991601910           0.150907474899
2024-01-29-00-00-00.00     -523678.408330030448     -138499.243619882938       10711.992156522520         251.247666790661        -584.504485117432        -399.131507433635           1.162696489677           0.639329587500           0.150307819454
2024-01-29-00-59-59.99     -522764.991955242236     -140600.712454832421        9275.057800297054         256.206293606804        -582.974057394905        -399.163053678913           1.164242096288           0.634668041707           0.149703225646
2024-01-29-02-00-00.00     -521833.720019034867     -142696.626924431243        7838.034793206498         261.167417934143        -581.418705674475        -399.180747240850           1.165758233127           0.630007176563           0.149093694935
2024-01-29-03-00-00.00     -520884.583586738270     -144786.897074866371        6400.973120905792         266.131008398277        -579.838303182064        -399.184523476505           1.167244909561           0.625347203383           0.148479228567
2024-01-29-03-59-59.99     -519917.573837257049     -146871.432491262734        4963.923003952887         271.097033274847        -578.232720536238        -399.174316523298           1.168702135538           0.620688333105           0.147859827567
2024-01-29-05-00-00.00     -518932.682064356224     -148950.142288202507        3526.934902239541         276.065460474991        -576.601825695777        -399.150059276623           1.170129921909           0.616030775610           0.147235492738
2024-01-29-06-00-00.00     -517929.899677994952     -151022.935100044328        2090.059519505242         281.036257531028        -574.945483905418        -399.111683366822           1.171528280207           0.611374740062           0.146606224657
2024-01-29-06-59-59.99     -516909.218205722922     -153089.719071065134         653.347807931754         286.009391581780        -573.263557640585        -399.059119135553           1.172897222432           0.606720435242           0.145972023669
2024-01-29-08-00-00.00     -515870.629294118378     -155150.401845380547        -783.149027172656         290.984829358262        -571.555906549815        -398.992295611376           1.174236761366           0.602068068878           0.145332889889
2024-01-29-09-00-00.00     -514814.124710285047     -157204.890556665778       -2219.379522601584         295.962537168588        -569.822387396344        -398.911140484702           1.175546910354           0.597417847979           0.144688823190
2024-01-29-09-59-59.99     -513739.696343401854     -159253.091817659908       -3655.291952386727         300.942480882587        -568.062853997671        -398.815580081945           1.176827683093           0.592769979179           0.144039823207
2024-01-29-11-00-00.00     -512647.336206328706     -161294.911709448963       -5090.834322839885         305.924625915799        -566.277157163335        -398.705539338921           1.178079093938           0.588124668061           0.143385889328
2024-01-29-12-00-00.00     -511537.036437272385     -163330.255770523654       -6525.954367497749         310.908937212655        -564.465144630929        -398.580941773471           1.179301157680           0.583482119496           0.142727020692
2024-01-29-12-59-59.99     -510408.789301513927     -165359.028985601122       -7960.599541966776         315.895379229163        -562.626660999672        -398.441709457247           1.180493889347           0.578842537995           0.142063216186
2024-01-29-14-00-00.00     -509262.587193198502     -167381.135774204682       -9394.717018664907         320.883915914846        -560.761547661977        -398.287762986699           1.181657304490           0.574206127023           0.141394474440
2024-01-29-15-00-00.00     -508098.422637192532     -169396.479978990916      -10828.253681456852         325.874510694469        -558.869642732163        -398.119021453128           1.182791418978           0.569573089355           0.140720793823
2024-01-29-15-59-59.99     -506916.288291005534     -171404.964853817626      -12261.156120180764         330.867126449404        -556.950780972755        -397.935402411849           1.183896248784           0.564943627412           0.140042172440
2024-01-29-17-00-00.00     -505716.176946780120     -173406.493051540281      -13693.370625061767         335.861725498946        -555.004793717979        -397.736821850356           1.184971810279           0.560317942595           0.139358608125
2024-01-29-18-00-00.00     -504498.081533349352     -175400.966611527838      -15124.843181008513         340.858269581438        -553.031508794797        -397.523194155478           1.186018120014           0.555696235629           0.138670098440
2024-01-29-18-59-59.99     -503261.995118362596     -177388.286946891836      -16555.519461790391         345.856719835598        -551.030750440773        -397.294432079401           1.187035194523           0.551078706912           0.137976640672
2024-01-29-20-00-00.00     -502007.910910477687     -179368.354831411445      -17985.344824089898         350.857036781266        -549.002339219924        -397.050446704634           1.188023050594           0.546465555841           0.137278231824
2024-01-29-21-00-00.00     -500735.822261623573     -181341.070386152831      -19414.264301426847         355.859180300049        -546.946091935368        -396.791147407743           1.188981705066           0.541856981164           0.136574868613
2024-01-29-21-59-59.99     -499445.722669332870     -183306.333065767103      -20842.222597949843         360.863109615010        -544.861821539758        -396.516441821943           1.189911174624           0.537253181329           0.135866547468
2024-01-29-23-00-00.00     -498137.605779160163     -185264.041644479643      -22269.164082092509         365.868783270536        -542.749337041041        -396.226235798269           1.190811476069           0.532654353814           0.135153264523
2024-01-30-00-00-00.00     -496811.465387139528     -187214.094201673608      -23695.032780081914         370.876159108803        -540.608443409350        -395.920433365909           1.191682626110           0.528060695476           0.134435015611
2024-01-30-00-59-59.99     -495467.295442382863     -189156.388107228966      -25119.772369311249         375.885194249187        -538.438941473538        -395.598936690494           1.192524641165           0.523472402908           0.133711796263
2024-01-30-02-00-00.00     -494105.090049706225     -191090.820006396039      -26543.326171551249         380.895845063099        -536.240627820529        -395.261646031666           1.193337537623           0.518889671767           0.132983601702
2024-01-30-03-00-00.00     -492724.843472368782     -193017.285804338200      -27965.637146010085         385.908067150335        -534.013294686737        -394.908459698753           1.194121331633           0.514312697125           0.132250426839
2024-01-30-03-59-59.99     -491326.550134898629     -194935.680650274968      -29386.647882230831         390.921815314346        -531.756729846282        -394.539274004986           1.194876038914           0.509741673830           0.131512266264
2024-01-30-05-00-00.00     -489910.204626001185     -196845.898921206011      -30806.300592820156         395.937043537153        -529.470716494821        -394.153983220026           1.195601674998           0.505176795833           0.130769114247
2024-01-30-06-00-00.00     -488475.801701563410     -198747.834205213119      -32224.537106003459         400.953704954048        -527.155033128780        -393.752479520721           1.196298255033           0.500618256542           0.130020964730
2024-01-30-06-59-59.99     -487023.336287747836     -200641.379284319963      -33641.298857999522         405.971751827998        -524.809453419918        -393.334652939993           1.196965793581           0.496066249188           0.129267811322
2024-01-30-08-00-00.00     -485552.803484178905     -202526.426116888470      -35056.526885206884         410.991135523371        -522.433746085609        -392.900391313819           1.197604304864           0.491520966145           0.128509647295
2024-01-30-09-00-00.00     -484064.198567227577     -204402.865819545608      -36470.161816197251         416.011806479260        -520.027674753761        -392.449580226152           1.198213802558           0.486982599297           0.127746465575
2024-01-30-09-59-59.99     -482557.516993393889     -206270.588648612989      -37882.143863505895         421.033714182100        -517.590997822343        -391.982102951717           1.198794299602           0.482451340395           0.126978258742
2024-01-30-11-00-00.00     -481032.754402777588     -208129.483981001948      -39292.412815210657         426.056807135320        -515.123468316919        -391.497840396960           1.199345808423           0.477927380388           0.126205019021
2024-01-30-12-00-00.00     -479489.906622685783     -209979.440294629894      -40700.908026298595         431.081032831349        -512.624833736047        -390.996671038107           1.199868340744           0.473410909784           0.125426738278
2024-01-30-12-59-59.99     -477928.969671319239     -211820.345148225286      -42107.568409801170         436.106337718648        -510.094835897232        -390.478470857482           1.200361907380           0.468902119014           0.124643408012
2024-01-30-14-00-00.00     -476349.939761590736     -213652.085160587216      -43512.332427697635         441.132667169716        -507.533210772383        -389.943113276930           1.200826518466           0.464401197759           0.123855019350
2024-01-30-15-00-00.00     -474752.813305062242     -215474.545989242790      -44915.138081574274         446.159965447441        -504.939688317227        -389.390469088648           1.201262183255           0.459908335320           0.123061563042
2024-01-30-15-59-59.99     -473137.586915990396     -217287.612308449141      -46315.922903026782         451.188175669789        -502.313992294551        -388.820406383288           1.201668909921           0.455423720975           0.122263029456
2024-01-30-17-00-00.00     -471504.257415529748     -219091.167786601087      -47714.623943803970         456.217239774852        -499.655840087418        -388.232790474825           1.202046705774           0.450947543317           0.121459408566
2024-01-30-18-00-00.00     -469852.821836035117     -220885.095062898152      -49111.177765669876         461.247098484671        -496.964942505092        -387.627483822265           1.202395577060           0.446479990614           0.120650689951
2024-01-30-18-59-59.99     -468183.277425502834     -222669.275723311381      -50505.520429979442         466.277691266410        -494.241003583829        -387.004345948285           1.202715528760           0.442021251177           0.119836862787
2024-01-30-20-00-00.00     -466495.621652165661     -224443.590275840514      -51897.587486956989         471.308956296007        -491.483720372742        -386.363233353703           1.203006564798           0.437571512695           0.119017915838
2024-01-30-21-00-00.00     -464789.852209207020     -226207.918124958815      -53287.313964657762         476.340830417490        -488.692782716380        -385.703999428755           1.203268687840           0.433130962596           0.118193837450
2024-01-30-21-59-59.99     -463065.967019628268     -227962.137545265403      -54674.634357603791         481.373249101977        -485.867873025758        -385.026494360259           1.203501899088           0.428699788419           0.117364615544
2024-01-30-23-00-00.00     -461323.964241271140     -229706.125654303993      -56059.482615078894         486.406146405778        -483.008666037884        -384.330565034557           1.203706198484           0.424278177144           0.116530237610
2024-01-31-00-00-00.00     -459563.842271990317     -231439.758384491055      -57441.792129066278         491.439454924947        -480.114828567475        -383.616054936405           1.203881584499           0.419866315562           0.115690690694
2024-01-31-00-59-59.99     -457785.599754984723     -233162.910454108875      -58821.495721811778         496.473105747973        -477.186019246850        -382.882804043279           1.204028053933           0.415464390640           0.114845961395
2024-01-31-02-00-00.00     -455989.235584332433     -234875.455337400403      -60198.525633003817         501.507028408192        -474.221888250156        -382.130648714528           1.204145602103           0.411072588861           0.113996035856
2024-01-31-03-00-00.00     -454174.748910663882     -236577.265233578830      -61572.813506538492         506.541150831114        -471.222077010035        -381.359421575851           1.204234222630           0.406691096584           0.113140899753
2024-01-31-03-59-59.99     -452342.139147047652     -238268.211034824839      -62944.290376862155         511.575399281331        -468.186217917565        -380.568951397978           1.204293907237           0.402320100420           0.112280538286
2024-01-31-05-00-00.00     -450491.405975074391     -239948.162293187896      -64312.886654867332         516.609698308492        -465.113934005754        -379.759062969279           1.204324645924           0.397959786563           0.111414936175
2024-01-31-06-00-00.00     -448622.549351128982     -241616.987186300365      -65678.532113317269         521.643970689144        -462.004838621686        -378.929576962428           1.204326426752           0.393610341160           0.110544077643
2024-01-31-06-59-59.99     -446735.569512879360     -243274.552481890743      -67041.155871779119         526.678137367908        -458.858535080005        -378.080309794149           1.204299235639           0.389271950681           0.109667946412
2024-01-31-08-00-00.00     -444830.466985982726     -244920.723501021566      -68400.686381039923         531.712117396151        -455.674616299832        -377.211073477914           1.204243056515           0.384944801251           0.108786525689
2024-01-31-09-00-00.00     -442907.242591013492     -246555.364079980907      -69757.051406977946         536.745827867705        -452.452664424454        -376.321675469202           1.204157871111           0.380629079021           0.107899798160
2024-01-31-09-59-59.99     -440965.897450634104     -248178.336530783912      -71110.178013864293         541.779183851672        -449.192250421932        -375.411918502824           1.204043658740           0.376324970539           0.107007745973
2024-01-31-11-00-00.00     -439006.432997012686     -249789.501600197895      -72459.992547063768         546.812098322831        -445.892933663788        -374.481600421702           1.203900396447           0.372032662081           0.106110350731
2024-01-31-12-00-00.00     -437028.850979474781     -251388.718427169573      -73806.420615099501         551.844482084669        -442.554261488878        -373.530513997295           1.203728058780           0.367752340022           0.105207593480
2024-01-31-12-59-59.99     -435033.153472490842     -252975.844498737308      -75149.387071062345         556.876243694413        -439.175768733330        -372.558446739568           1.203526617575           0.363484191205           0.104299454693
2024-01-31-14-00-00.00     -433019.342883889796     -254550.735604111833      -76488.815993310112         561.907289377779        -435.756977246857        -371.565180697719           1.203296042084           0.359228402273           0.103385914263
2024-01-31-15-00-00.00     -430987.421963412722     -256113.245787015563      -77824.630665433811         566.937522942740        -432.297395376527        -370.550492249451           1.203036298741           0.354985160038           0.102466951484
2024-01-31-15-59-59.99     -428937.393811581889     -257663.227296108729      -79156.753555444113         571.966845687652        -428.796517424337        -369.514151878669           1.202747350934           0.350754651850           0.101542545043
2024-01-31-17-00-00.00     -426869.261888906301     -259200.530533402227      -80485.106294134646         576.995156304596        -425.253823074916        -368.455923940586           1.202429159119           0.346537064928           0.100612672999
2024-01-31-18-00-00.00     -424783.030025728920     -260725.004001044726      -81809.609652647603         582.022350779412        -421.668776787360        -367.375566412532           1.202081680574           0.342332586727           0.099677312776
2024-01-31-18-59-59.99     -422678.702431032201     -262236.494243430614      -83130.183518755191         587.048322278992        -418.040827171153        -366.272830633911           1.201704869160           0.338141405303           0.098736441139
2024-01-31-20-00-00.00     -420556.283704475849     -263734.845791849250      -84446.746872901800         592.072961047414        -414.369406290578        -365.147461023324           1.201298675413           0.333963708645           0.097790034185
2024-01-31-21-00-00.00     -418415.778846005909     -265219.901101710217      -85759.217762472399         597.096154280995        -410.653928966271        -363.999194786379           1.200863046288           0.329799685037           0.096838067322
2024-01-31-21-59-59.99     -416257.193267333205     -266691.500489608268      -87067.513275340927         602.117786003763        -406.893792017726        -362.827761602025           1.200397924906           0.325649523424           0.095880515251
2024-01-31-23-00-00.00     -414080.532803593145     -268149.482067099656      -88371.549512182784         607.137736933289        -403.088373465934        -361.632883290608           1.199903250620           0.321513412737           0.094917351953
2024-02-01-00-00-00.00     -411885.803725499078     -269593.681671512779      -89671.241557555171         612.155884337929        -399.237031688590        -360.414273461434           1.199378958742           0.317391542251           0.093948550662
2024-02-01-00-59-59.99     -409673.012752036855     -271023.932793648099      -90966.503449671174         617.172101884379        -395.339104524773        -359.171637138333           1.198824980278           0.313284101953           0.092974083851
2024-02-01-02-00-00.00     -407442.167063723726     -272440.066502152011      -92257.248148783285         622.186259473761        -391.393908326947        -357.904670361612           1.198241241959           0.309191281854           0.091993923208
2024-02-01-03-00-00.00     -405193.274316449999     -273841.911364322703      -93543.387504083861         627.198223070185        -387.400736947487        -356.613059763714           1.197627665958           0.305113272348           0.091008039617
2024-02-01-03-59-59.99     -402926.342656028632     -275229.293363281933      -94824.832219037999         632.207854510554        -383.358860674157        -355.296482118052           1.196984169591           0.301050264573           0.090016403130
2024-02-01-05-00-00.00     -400641.380733362399     -276602.035811031412      -96101.491815028596         637.215011309569        -379.267525082794        -353.954603856377           1.196310665328           0.297002449716           0.089018982948
2024-02-01-06-00-00.00     -398338.397720406356     -277959.959257370327      -97373.274593211536         642.219546445012        -375.125949827268        -352.587080554304           1.195607060475           0.292970019366           0.088015747395
2024-02-01-06-59-59.99     -396017.403326897183     -279302.881394258060      -98640.087594453405         647.221308131099        -370.933327344739        -351.193556380845           1.194873256859           0.288953165865           0.087006663890
2024-02-01-08-00-00.00     -393678.407817945175     -280630.616955396428      -99901.836557221395         652.220139572858        -366.688821480238        -349.773663509885           1.194109150789           0.284952081607           0.085991698920
2024-02-01-09-00-00.00     -391321.422032521921     -281942.977610658447     -101158.425873276996         657.215878705703        -362.391566013153        -348.327021489411           1.193314632718           0.280966959383           0.084970818014
2024-02-01-09-59-59.99     -388946.457402942760     -283239.771855076542     -102409.758541022471         662.208357911010        -358.040663091267        -346.853236566139           1.192489586884           0.276997992717           0.083943985706
2024-02-01-11-00-00.00     -386553.525975399127     -284520.804891976004     -103655.736116326021         667.197403711972        -353.635181552445        -345.351900960564           1.191633891237           0.273045375156           0.082911165512
2024-02-01-12-00-00.00     -384142.640431640728     -285785.878509880567     -104896.258660644671         672.182836441993        -349.174155134517        -343.822592088964           1.190747417051           0.269109300602           0.081872319892
2024-02-01-12-59-59.99     -381713.814111879969     -287034.790952711017     -106131.224686238929         677.164469889543        -344.656580551520        -342.264871726445           1.189830028535           0.265189963634           0.080827410213
2024-02-01-14-00-00.00     -379267.061039057444     -288267.336782869475     -107360.531098266860         682.142110907629        -340.081415441537        -340.678285107090           1.188881582692           0.261287558784           0.079776396718
2024-02-01-15-00-00.00     -376802.395944550459     -289483.306736625615     -108584.073133510887         687.115558993583        -335.447576158119        -339.062359953767           1.187901928896           0.257402280848           0.078719238485
2024-02-01-15-59-59.99     -374319.834295473120     -290682.487571292033     -109801.744295479031         692.084605829552        -330.753935403130        -337.416605431902           1.186890908437           0.253534325193           0.077655893385
2024-02-01-17-00-00.00     -371819.392323681794     -291864.661903522152     -111013.436285587377         697.049034785503        -325.999319676281        -335.740511018852           1.185848354328           0.249683887009           0.076586318043
2024-02-01-18-00-00.00     -369301.087056681572     -293029.608038142032     -112219.038930114693         702.008620373343        -321.182506537956        -334.033545281786           1.184774090809           0.245851161601           0.075510467791
2024-02-01-18-59-59.99     -366764.936350557837     -294177.099786702660     -113418.440102573062         706.963127654175        -316.302221655161        -332.295154553755           1.183667932832           0.242036344664           0.074428296621
2024-02-01-20-00-00.00     -364210.958925154875     -295306.906275013578     -114611.525641117376         711.912311588983        -311.357135618245        -330.524761498442           1.182529685782           0.238239631513           0.073339757140
2024-02-01-21-00-00.00     -361639.174401691882     -296418.791738753440     -115798.179260569043         716.855916327585        -306.345860504292        -328.721763552046           1.181359144909           0.234461217342           0.072244800514
2024-02-01-21-59-59.99     -359049.603343064897     -297512.515306221147     -116978.282458590722         721.793674428848        -301.266946162114        -326.885531229527           1.180156094722           0.230701297461           0.071143376414
2024-02-01-23-00-00.00     -356442.267297102953     -298587.830767192994     -118151.714415500857         726.725306001409        -296.118876195880        -325.015406281444           1.178920308617           0.226960066494           0.070035432963
2024-02-02-00-00-00.00     -353817.188843056385     -299644.486326700018     -119318.351887156445         731.650517758924        -290.900063610478        -323.110699684715           1.177651548200           0.223237718587           0.068920916672
2024-02-02-00-59-59.99     -351174.391641664726     -300682.224342483096     -120478.069090278470         736.569001975932        -285.608846090027        -321.170689449773           1.176349562581           0.219534447609           0.067799772377
2024-02-02-02-00-00.00     -348513.900489186519     -301700.781044745469     -121630.737579523266         741.480435333658        -280.243480868551        -319.194618223343           1.175014087868           0.215850446286           0.066671943177
2024-02-02-03-00-00.00     -345835.741375792830     -302699.886236624676     -122776.226115520185         746.384477640362        -274.802139152637        -317.181690663933           1.173644846371           0.212185906362           0.065537370360
2024-02-02-03-59-59.99     -343139.941548824194     -303679.262973721023     -123914.400523013828         751.280770412603        -269.282900044279        -315.131070563290           1.172241545745           0.208541018725           0.064395993331
2024-02-02-05-00-00.00     -340426.529581418959     -304638.627220744966     -125045.123538139727         756.168935298223        -263.683743911915        -313.041877684158           1.170803878332           0.204915972479           0.063247749536
2024-02-02-06-00-00.00     -337695.535447169503     -305577.687483279558     -126168.254643761757         761.048572318373        -258.002545152354        -310.913184280757           1.169331520190           0.201310955017           0.062092574381
2024-02-02-06-59-59.99     -334946.990601413650     -306496.144412192167     -127283.649891644673         765.919257908730        -252.237064267645        -308.744011262585           1.167824130063           0.197726152061           0.060930401146
2024-02-02-08-00-00.00     -332180.928070025635     -307393.690378252766     -128391.161710117449         770.780542728791        -246.384939185194        -306.533323958064           1.166281348508           0.194161746635           0.059761160898
2024-02-02-09-00-00.00     -329397.382546538895     -308270.009013979696     -129490.638695687507         775.631949206351        -240.443675734070        -304.280027427796           1.164702796705           0.190617919022           0.058584782398
2024-02-02-09-59-59.99     -326596.390498660272     -309124.774719564011     -130581.925386889619         780.472968780715        -234.410637175387        -301.982961269346           1.163088075186           0.187094846685           0.057401192000
2024-02-02-11-00-00.00     -323777.990285279579     -309957.652129172231     -131664.862018412270         785.303058802279        -228.283032670076        -299.640893846672           1.161436762692           0.183592703091           0.056210313552
2024-02-02-12-00-00.00     -320942.222285371623     -310768.295533688564     -132739.284253306949         790.121639033058        -222.057904561382        -297.252515868246           1.159748414688           0.180111657519           0.055012068290
2024-02-02-12-59-59.99     -318089.129040301603     -311556.348255321034     -133805.022890775901         794.928087688246        -215.732114323050        -294.816433224985           1.158022561774           0.176651874792           0.053806374725
2024-02-02-14-00-00.00     -315218.755411241436     -312321.441968842468     -134861.903546675458         799.721736960272        -209.302326981938        -292.331158982096           1.156258708171           0.173213513910           0.052593148527
2024-02-02-15-00-00.00     -312331.148753892572     -313063.195963963517     -135909.746303521126         804.501867917011        -202.764993863796        -289.795104410456           1.154456329851           0.169796727624           0.051372302410
2024-02-02-15-59-59.99     -309426.359112700680     -313781.216341984167     -136948.365326237894         809.267704706795        -196.116333383094        -287.206568910494           1.152614872501           0.166401661915           0.050143745999
2024-02-02-17-00-00.00     -306504.439437439665     -314475.095139536483     -137977.568439419847         814.018407933825        -189.352309652249        -284.563728669102           1.150733749526           0.163028454328           0.048907385714
2024-02-02-18-00-00.00     -303565.445825298084     -315144.409370876965     -138997.156661180838         818.753067075603        -182.468608591853        -281.864623854860           1.148812339631           0.159677233221           0.047663124630
2024-02-02-18-59-59.99     -300609.437792235985     -315788.719979169487     -140006.923687943316         823.470691780173        -175.460611187349        -279.107144123967           1.146849984188           0.156348116862           0.046410862349
2024-02-02-20-00-00.00     -297636.478578010283     -316407.570685813203     -141006.655323622079         828.170201837614        -168.323363498677        -276.289012171032           1.144845984553           0.153041211331           0.045150494867
2024-02-02-21-00-00.00     -294646.635489966313     -317000.486725126975     -141996.128845582920         832.850415608993        -161.051542909988        -273.407765001309           1.142799598896           0.149756609272           0.043881914438
2024-02-02-21-59-59.99     -291639.980291744519     -317566.973450048070     -142975.112298538617         837.510036610397        -153.639420088252        -270.460732549831           1.140710038719           0.146494388419           0.042605009442
2024-02-02-23-00-00.00     -288616.589644065883     -318106.514792100934     -143943.363706018543         842.147637923978        -146.080815959044        -267.445013189392           1.138576465213           0.143254608848           0.041319664266
2024-02-03-00-00-00.00     -285576.545606181258     -318618.571556385083     -144900.630187269620         846.761644011723        -138.369052925547        -264.357445583943           1.136397985008           0.140037310968           0.040025759177
2024-02-03-00-59-59.99     -282519.936208211933     -319102.579529208073     -145846.646965282795         851.350309425359        -130.496899392539        -261.194576228626           1.134173645476           0.136842513173           0.038723170225
2024-02-03-02-00-00.00     -279446.856106615451     -319557.947372275463     -146781.136249020055         855.911693788204        -122.456506482401        -257.952621878772           1.131902429692           0.133670208073           0.037411769151
2024-02-03-03-00-00.00     -276357.407337613404     -319984.054273149406     -147703.805969778594         860.443632292673        -114.239335588084        -254.627425891536           1.129583250620           0.130520359299           0.036091423332
2024-02-03-03-59-59.99     -273251.700186207076     -320380.247315863264     -148614.348347637570         864.943700723186        -105.836075231621        -251.214407304275           1.127214944611           0.127392897767           0.034761995750
2024-02-03-05-00-00.00     -270129.854192752275     -320745.838530284585     -149512.438259412680         869.409173883704         -97.236545177079        -247.708501162315           1.124796264305           0.124287716278           0.033423345020
2024-02-03-06-00-00.00     -266991.999323282158     -321080.101569908962     -150397.731373365648         873.836975880239         -88.429585573104        -244.104088308051           1.122325870450           0.121204664404           0.032075325470
2024-02-03-06-59-59.99     -263838.277336129802     -321382.267959303048     -151269.862008864962         878.223620423640         -79.402928202738        -240.394912363703           1.119802322678           0.118143542468           0.030717787319
2024-02-03-08-00-00.00     -260668.843384952983     -321651.522840807505     -152128.440670016920         882.565138775216         -70.143046350568        -236.573981084855           1.117224069246           0.115104093451           0.029350576952
2024-02-03-09-00-00.00     -257483.867907805601     -321887.000135914015     -152973.051190818020         886.856992285207         -60.634979018629        -232.633448533421           1.114589435186           0.112085994638           0.027973537351
2024-02-03-09-59-59.99     -254283.538864507806     -322087.777019858011     -153803.247415003774         891.093965651089         -50.862124115368        -228.564473541312           1.111896608812           0.109088847724           0.026586508717
2024-02-03-11-00-00.00     -251068.064400351665     -322252.867586098611     -154618.549315242330         895.270035819473         -40.805994030283        -224.357048698099           1.109143626441           0.106112166047           0.025189329339
2024-02-03-12-00-00.00     -247837.676035224722     -322381.215550999681     -155418.438432759605         899.378209958231         -30.445925234371        -219.999792405254           1.106328354653           0.103155360550           0.023781836809
2024-02-03-12-59-59.99     -244592.632504383451     -322471.685815012141     -156202.352487774275         903.410323774057         -19.758731488576        -215.479694336117           1.103448469819           0.100217722966           0.022363869663
2024-02-03-14-00-00.00     -241333.224413444550     -322523.054654388456     -156969.678971220390         907.356788645146          -8.718287306643        -210.781801603353           1.100501434535           0.097298404532           0.020935269618
2024-02-03-15-00-00.00     -238059.779918421613     -322533.998263063724     -157719.747475533106         911.206272031989           2.704975287973        -205.888828855040           1.097484469976           0.094396391437           0.019495884584
2024-02-03-15-59-59.99     -234772.671706895693     -322503.079294752912     -158451.820452199201         914.945290124883          14.544678615149        -200.780669850481           1.094394523531           0.091510474888           0.018045572709
2024-02-03-17-00-00.00     -231472.325645528064     -322428.730965536321     -159165.081989623170         918.557683832513          26.839248161177        -195.433780190702           1.091228230839           0.088639213364           0.016584207845
2024-02-03-18-00-00.00     -228159.231580382766     -322309.238163658010     -159858.624081555317         922.023937993282          39.632835604404        -189.820389637247           1.087981870671           0.085780887233           0.015111686898
2024-02-03-18-59-59.99     -224833.956960231910     -322142.714833969192     -160531.429646265635         925.320287480200          52.976464257428        -183.907487145454           1.084651311101           0.082933442123           0.013627939829
2024-02-03-20-00-00.00     -221497.164160939981     -321927.076778705465     -161182.351413197524         928.417529351634          66.929463367158        -177.655496729289           1.081231945204           0.080094416888           0.012132943200
2024-02-03-21-00-00.00     -218149.632799847401     -321660.008614861174     -161810.085274522193         931.279424808982          81.561276124094        -171.016531151626           1.077718613107           0.077260853298           0.010626738824
2024-02-03-21-59-59.99     -214792.288780453760     -321338.923395890277     -162413.136373236339         933.860518682193          96.953759915338        -163.932056140956           1.074105507230           0.074429180294           0.009109459530
2024-02-03-23-00-00.00     -211426.242606929183     -320960.912833420094     -162989.775366156042         936.103118590366         113.204136942562        -156.329721273042           1.070386056277           0.071595062731           0.007581365161
2024-02-04-00-00-00.00     -208052.840651155304     -320522.685411940562     -163537.981252080208         937.933038868735         130.428811504823        -148.118990775021           1.066552781766           0.068753203829           0.006042893490
2024-02-04-00-59-59.99     -204673.734846821753     -320020.488774143625     -164055.365507589275         939.253491277748         148.768348155501        -139.185012778302           1.062597119453           0.065897081656           0.004494733227
2024-02-04-02-00-00.00     -201290.979121846816     -319450.011516361497     -164539.069726388960         939.936131868202         168.394008648600        -129.379847307954           1.058509195494           0.063018590911           0.002937930402
2024-02-04-03-00-00.00     -197907.165493945940     -318806.257877596712     -164985.624916126166         939.807632572821         189.516373295716        -118.509640279021           1.054277543673           0.060107549905           0.001374046309
2024-02-04-03-59-59.99     -194525.620472825016     -318083.386670290784     -165390.754019438988         938.629009908494         212.396703567414        -106.315411686649           1.049888746733           0.057151006199          -0.000194602933
2024-02-04-05-00-00.00     -191150.695742348820     -317274.503303153848     -165749.088179673185         936.062857326730         237.361748575599         -92.443493111638           1.045326981308           0.054132235179          -0.001764573838
2024-02-04-06-00-00.00     -187788.210939060402     -316371.391610536375     -166053.748156265065         931.619651635152         264.822371058592         -76.398650307481           1.040573444957           0.051029261052          -0.003330699260
2024-02-04-06-59-59.99     -184446.150689473026     -315364.173105370835     -166295.708087930630         924.566403883272         295.294761845642         -57.467231852635           1.035605654740           0.047812605874          -0.004885101257
2024-02-04-08-00-00.00     -181135.804151576711     -314240.893950420548     -166462.795410746825         913.764526678597         329.417296187477         -34.586518357160           1.030396653348           0.044441749077          -0.006415491377
2024-02-04-09-00-00.00     -177873.710202758637     -312987.092494665878     -166538.059329921030         897.368230522204         367.937088922286          -6.114052336413           1.024914317070           0.040859357950          -0.007902106214
2024-02-04-09-59-59.99     -174685.143011941080     -311585.585201169364     -166497.002482278418         872.234914470454         411.576822533586          30.593826042619           1.019121471026           0.036981522105          -0.009311879973
2024-02-04-11-00-00.00     -171610.688028009376     -310017.346292187343     -166302.712543346541         832.719994523341         460.471650784292          79.963314681642           1.012979184412           0.032680664894          -0.010586678967
2024-02-04-12-00-00.00     -168719.207806476421     -308266.613536113699     -165897.192798450356         768.186229390922         512.062199883074         149.558174740164           1.006461284607           0.027755416688          -0.011618073682
2024-02-04-12-59-59.99     -166133.286521883885     -306341.522296218784     -165187.272429429984         658.579634600733         553.441572132737         251.410205418439           0.999607861932           0.021882831203          -0.012191428160
2024-02-04-14-00-00.00     -164067.742884760315     -304347.752176759241     -164034.956189711695         474.519531012556         537.247551552918         395.313400617166           0.992705444313           0.014591481482          -0.011875647220
2024-02-04-15-00-00.00     -162796.233106708765     -302672.157443939650     -162333.918174805585         231.133783157958         357.888313806612         540.451899222646           0.986706954352           0.005548585590          -0.009969090779
2024-02-04-15-59-59.99     -162280.802199460071     -301971.448299659707     -160294.233317659295          85.731920868150          23.890392575745         566.934676925257           0.983118417135          -0.004446724702          -0.006138068101
2024-02-04-17-00-00.00     -161978.993536113616     -302407.746241760091     -158381.936609526630         100.060613904194        -243.307783324679         487.689761041187           0.982178948035          -0.013770362543          -0.001207891279
2024-02-04-18-00-00.00     -161497.188927898969     -303570.803209714359     -156790.049594505515         170.096781995260        -386.232461405725         399.318079855902           0.982843553695          -0.021826716642           0.003903355877
2024-02-04-18-59-59.99     -160755.801360210928     -305102.152284605196     -155481.960893511539         240.234652218095        -456.190541836178         330.881966092513           0.984269980108          -0.028807964421           0.008843381684
2024-02-04-20-00-00.00     -159780.982498459780     -306812.799939262215     -154385.598452462378         299.426128263988        -490.035936829370         280.812894508830           0.986035478497          -0.035000072600           0.013542062361
2024-02-04-21-00-00.00     -158612.574403906125     -308608.749481599312     -153444.422119373659         348.118615295802        -505.541313345673         243.867537472251           0.987939506614          -0.040617541576           0.018009809442
2024-02-04-21-59-59.99     -157284.480783996521     -310440.969586124527     -152618.891443367553         388.505023286570        -511.143854926745         216.018220962745           0.989882774193          -0.045807056416           0.022274008092
2024-02-04-23-00-00.00     -155822.931285674917     -312282.251993804588     -151881.438426379464         422.547104468269        -511.074005256791         194.575939096151           0.991813458444          -0.050669263501           0.026362127919
2024-02-05-00-00-00.00     -154247.959012050385     -314116.642503559007     -151212.407326250104         451.728005978932        -507.589997422713         177.767016164011           0.993703366611          -0.055274946743           0.030297877032
2024-02-05-00-59-59.99     -152575.012095812766     -315934.353461883846     -150597.400517372385         477.130582385539        -501.967413446246         164.399599155119           0.995536771843          -0.059675287360           0.034100883843
2024-02-05-02-00-00.00     -150816.195372942660     -317729.159946985601     -150025.596159059234         499.545930021801        -494.962298238044         153.651700712087           0.997304852694          -0.063908259739           0.037787243580
2024-02-05-03-00-00.00     -148981.158331150335     -319496.989307679876     -149488.669600824214         519.559057203602        -487.041169828371         144.941235694991           0.999002764847          -0.068002685059           0.041370180461
2024-02-05-03-59-59.99     -147077.721385514771     -321235.118334375613     -148980.085600974213         537.609416869194        -478.501704752251         137.845717641440           1.000628023722          -0.071980868485           0.044860629899
2024-02-05-05-00-00.00     -145112.320251788595     -322941.696445961483     -148494.621762417053         554.032531486880        -469.539211883225         132.051588900840           1.002179574742          -0.075860363345           0.048267707153
2024-02-05-06-00-00.00     -143090.325413240615     -324615.452010515495     -148028.039513935102         569.088608634466        -460.284831056328         127.321453977192           1.003657240922          -0.079655181087           0.051599073528
2024-02-05-06-59-59.99     -141016.275360954314     -326255.505730663543     -147576.851610058773         582.982409865904        -450.828308307582         123.472361747304           1.005061385663          -0.083376641669           0.054861220244
2024-02-05-08-00-00.00     -138894.049582989421     -327861.248835996608     -147138.154314211017         595.877239107132        -441.232019182441         120.361070348075           1.006392702408          -0.087033985284           0.058059688782
2024-02-05-09-00-00.00     -136726.998833018035     -329432.261712623062     -146709.503922861215         607.904940949350        -431.539849897396         117.873830594639           1.007652081230          -0.090634819645           0.061199242883
2024-02-05-09-59-59.99     -134518.044643262518     -330968.258432336734     -146288.824323665904         619.173155839192        -421.782962819619         115.919160261635           1.008840523178          -0.094185453330           0.064284003830
2024-02-05-11-00-00.00     -132269.756369553565     -332469.048338296299     -145874.336712179589         629.770662315841        -411.983622689765         114.422639465503           1.009959085064          -0.097691149152           0.067317557802
2024-02-05-12-00-00.00     -129984.411568071184     -333934.508896082174     -145464.505355025496         639.771365060421        -402.157783996136         113.323100320227           1.011008843488          -0.101156318031           0.070303041678
2024-02-05-12-59-59.99     -127664.043869555157     -335364.566425753233     -145057.995240074641         649.237311183318        -392.316872826308         112.569793476206           1.011990871964          -0.104584669784           0.073243212348
2024-02-05-14-00-00.00     -125310.481328895665     -336759.182159392163     -144653.638587133057         658.220998993183        -382.469031706706         112.120252658801           1.012906226309          -0.107979332842           0.076140503054
2024-02-05-15-00-00.00     -122925.377449439940     -338118.342097291024     -144250.408092407160         666.767165301299        -372.620001682369         111.938664328659           1.013755935729          -0.111342948695           0.078997069587
2024-02-05-15-59-59.99     -120510.236507133377     -339442.049563333741     -143847.395340407995         674.914183502684        -362.773754997508         111.994608514238           1.014540997687          -0.114677747775           0.081814828437
2024-02-05-17-00-00.00     -118066.434394409342     -340730.319706459646     -143443.793228122697         682.695167934286        -352.932953835083         112.262075738409           1.015262375266          -0.117985611962           0.084595488522
2024-02-05-18-00-00.00     -115595.235909690804     -341983.175419926061     -143038.881536542409         690.138854118694        -343.099286196173         112.718691888780           1.015920996269          -0.121268124859           0.087340577745
2024-02-05-18-59-59.99     -113097.809202109609     -343200.644302988017     -142632.014994981582         697.270306314404        -333.273713954630         113.345101412443           1.016517753457          -0.124526613177           0.090051465361
2024-02-05-20-00-00.00     -110575.237920731801     -344382.756395256496     -142222.613337309391         704.111490742314        -323.456657453748         114.124472304158           1.017053505464          -0.127762182070           0.092729380927
2024-02-05-21-00-00.00     -108028.531497295131     -345529.542487867933     -141810.152963083005         710.681743457801        -313.648133766466         115.042095625993           1.017529078243          -0.130975743781           0.095375430440
2024-02-05-21-59-59.99     -105458.633900660570     -346641.032868096256     -141394.159901396633         716.998154792060        -303.847860899579         116.085059208507           1.017945266793          -0.134168041682           0.097990610155
2024-02-05-23-00-00.00     -102866.431130969242     -347717.256391026080     -140974.203840471717         723.075887400063        -294.055336632500         117.241979801410           1.018302836988          -0.137339671596           0.100575818469
2024-02-06-00-00-00.00     -100252.757668871956     -348758.239799732924     -140549.893033773144         728.928440846243        -284.269898494231         118.502781958365           1.018602527539          -0.140491099011           0.103131866198
2024-02-06-00-59-59.99      -97618.402052247009     -349764.007234247401     -140120.869932923175         734.567873087604        -274.490769452913         119.858514240985           1.018845051964          -0.143622673771           0.105659485486
2024-02-06-02-00-00.00      -94964.111721046516     -350734.579884773702     -139686.807425871550         740.004986821652        -264.717092827097         121.301195640004           1.019031100467          -0.146734643667           0.108159337579
2024-02-06-03-00-00.00      -92290.597244856399     -351669.975755227671     -139247.405582116859         745.249487062788        -254.947958996047         122.823686563974           1.019161341831          -0.149827165250           0.110632019625
2024-02-06-03-59-59.99      -89598.536026986389     -352570.209510979475     -138802.388825283793         750.310115061679        -245.182425808722         124.419579871245           1.019236425243          -0.152900313162           0.113078070631
2024-02-06-05-00-00.00      -86888.575562974045     -353435.292391113529     -138351.503467123752         755.194762598576        -235.419534181920         126.083108439422           1.019256981963          -0.155954089251           0.115497976732
