2024-01-01-00-00-00.00     -384397.011906101252      115856.249911046893      159274.366342508671        -372.076819715733        -699.586910587044        -363.870954342569           1.051632149528          -0.001729089099           0.182407086192
2024-01-01-00-59-59.99     -385722.752296303050      113336.004274386563      157954.401645980397        -364.442637541127        -700.543822540658        -369.439752820502           1.051630216775          -0.003035342983           0.182353183528
2024-01-01-02-00-00.00     -387020.977218545566      110812.375726061946      156614.421402134321        -356.790390529676        -701.466286924248        -374.990818156180           1.051613124975          -0.004340825788           0.182262675845
2024-01-01-03-00-00.00     -388291.621012567193      108285.488479550957      155254.488202349457        -349.119730578681        -702.354192302260        -380.524844421478           1.051580887561          -0.005645124196           0.182135570807
2024-01-01-03-59-59.99     -389534.616766172752      105755.467139745990      153874.662130239099        -341.430310176322        -703.207432633398        -386.042530951849           1.051533519341          -0.006947824538           0.181971869114
2024-01-01-05-00-00.00     -390749.896316297876      103222.436683843262      152475.000740504038        -333.721781808889        -704.025907097977        -391.544583569165           1.051471036489          -0.008248513157           0.181771564466
2024-01-01-06-00-00.00     -391937.390247972216      100686.522442744157      151055.559033313213        -325.993797384115        -704.809519980527        -397.031715845351           1.051393456536          -0.009546775874           0.181534643522
2024-01-01-06-59-59.99     -393097.027891169884       98147.850082913428      149616.389424096327        -318.246007655274        -705.558180582938        -402.504650400872           1.051300798375          -0.010842197438           0.181261085845
2024-01-01-08-00-00.00     -394228.737315650156       95606.545588351350      148157.541708546138        -310.478061649727        -706.271803180223        -407.964120249716           1.051193082250          -0.012134361893           0.180950863838
2024-01-01-09-00-00.00     -395332.445323711610       93062.735242716735      146679.063022710849        -302.689606097940        -706.950307017736        -413.410870194376           1.051070329761          -0.013422852022           0.180603942666
2024-01-01-09-59-59.99     -396408.077440871333       90516.545611429596      145180.997797970573        -294.880284860216        -707.593616350620        -418.845658276968           1.050932563874          -0.014707248791           0.180220280173
2024-01-01-11-00-00.00     -397455.557904535381       87968.103523395926      143663.387710649316        -287.049738348390        -708.201660525718        -424.269257294088           1.050779808918          -0.015987131694           0.179799826780
2024-01-01-12-00-00.00     -398474.809650488198       85417.536052569718      142126.271626089554        -279.197602938520        -708.774374107542        -429.682456380188           1.050612090597          -0.017262078183           0.179342525376
2024-01-01-12-59-59.99     -399465.754297319741       82864.970498799506      140569.685536856152        -271.323510372194        -709.311697050056        -435.086062669596           1.050429436008          -0.018531663085           0.178848311200
2024-01-01-14-00-00.00     -400428.312128612655       80310.534368119625      138993.662494828430        -263.427087144033        -709.813574921522        -440.480903044241           1.050231873645          -0.019795458932           0.178317111698
2024-01-01-15-00-00.00     -401362.402072957484       77754.355351963692      137398.232536811178        -255.507953866494        -710.279959170421        -445.867825975437           1.050019433423          -0.021053035358           0.177748846383
2024-01-01-15-59-59.99     -402267.941681572760       75196.561305509182      135783.422603351442        -247.565724616322        -710.710807458658        -451.247703470922           1.049792146702          -0.022303958493           0.177143426669
2024-01-01-17-00-00.00     -403144.847103573149       72637.280224587099      134149.256450327957        -239.600006250743        -711.106084044352        -456.621433135917           1.049550046300          -0.023547791256           0.176500755696
2024-01-01-18-00-00.00     -403993.033058694215       70076.640221174035      132495.754552905797        -231.610397693396        -711.465760230323        -461.989940359964           1.049293166525          -0.024784092720           0.175820728139
2024-01-01-18-59-59.99     -404812.412807403889       67514.769497094559      130822.934001369373        -223.596489185820        -711.789814883344        -467.354180641962           1.049021543214          -0.026012417471           0.175103230002
2024-01-01-20-00-00.00     -405602.898118417186       64951.796315423038      129130.808388135338        -215.557861498213        -712.078235023510        -472.715142068199           1.048735213751          -0.027232315850           0.174348138394
2024-01-01-21-00-00.00     -406364.399232360884       62387.848971361629      127419.387686483286        -207.494085090566        -712.331016490428        -478.073847941241           1.048434217111          -0.028443333282           0.173555321288
2024-01-01-21-59-59.99     -407096.824824218289       59823.055757004076      125688.678117634845        -199.404719235464        -712.548164709010        -483.431359618462           1.048118593911          -0.029645009577           0.172724637261
2024-01-01-23-00-00.00     -407800.081960606214       57257.544926797040      123938.682009133699        -191.289311071235        -712.729695533187        -488.788779518922           1.047788386436          -0.030836879122           0.171855935218
2024-01-02-00-00-00.00     -408474.076054527541       54691.444657855602      122169.397641077274        -183.147394601250        -712.875636208255        -494.147254362285           1.047443638703          -0.032018470144           0.170949054086
2024-01-02-00-59-59.99     -409118.710816131090       52124.883007186450      120380.819080460482        -174.978489616295        -712.986026431167        -499.507978642114           1.047084396516          -0.033189303953           0.170003822498
2024-01-02-02-00-00.00     -409733.888199522044       49557.987864675262      118572.936002546718        -166.782100541885        -713.060919547730        -504.872198361308           1.046710707514          -0.034348895055           0.169020058441
2024-01-02-03-00-00.00     -410319.508345225768       46990.886901629812      116745.733498283938        -158.557715194058        -713.100383880432        -510.241215054691           1.046322621242          -0.035496750344           0.167997568891
2024-01-02-03-59-59.99     -410875.469517998630       44423.707514275942      114899.191866676978        -150.304803435440        -713.104504208586        -515.616390127863           1.045920189227          -0.036632368251           0.166936149408
2024-01-02-05-00-00.00     -411401.668039649026       41856.576761475684      113033.286390934023        -142.022815722612        -713.073383426312        -520.999149543600           1.045503465042          -0.037755238769           0.165835583711
2024-01-02-06-00-00.00     -411897.998216327513       39289.621296405065      111147.987097047459        -133.711181524620        -713.007144375055        -526.390988891530           1.045072504390          -0.038864842539           0.164695643223
2024-01-02-06-59-59.99     -412364.352259945299       36722.967291054876      109243.258493387577        -125.369307605232        -712.905931892271        -531.793478880578           1.044627365205          -0.039960649891           0.163516086570
2024-01-02-08-00-00.00     -412800.620203111845       34156.740353013738      107319.059289697077        -116.996576152352        -712.769915100275        -537.208271295401           1.044168107730          -0.041042120744           0.162296659060
2024-01-02-09-00-00.00     -413206.689807036833       31591.065433545853      105375.342093731568        -108.592342733254        -712.599289949623        -542.637105468497           1.043694794627          -0.042108703555           0.161037092113
2024-01-02-09-59-59.99     -413582.446461738728       29026.066725964847      103412.053083598788        -100.155934060396        -712.394282066001        -548.081815318992           1.043207491099          -0.043159834212           0.159737102649
2024-01-02-11-00-00.00     -413927.773077811813       26461.867553246248      101429.131653630306         -91.686645537563        -712.155149909285        -553.544337025514           1.042706264994          -0.044194935776           0.158396392436
2024-01-02-12-00-00.00     -414242.549968953361       23898.590243542250       99426.510031409489         -83.183738571511        -711.882188327693        -559.026717392178           1.042191186940          -0.045213417246           0.157014647385
2024-01-02-12-59-59.99     -414526.654724334425       21336.355992167213       97404.112863306131         -74.646437607671        -711.575732510263        -564.531122996614           1.041662330497          -0.046214672256           0.155591536790
2024-01-02-14-00-00.00     -414779.962069749017       18775.284708560888       95361.856765547534         -66.073926866012        -711.236162431336        -570.059850196168           1.041119772291          -0.047198078600           0.154126712514
2024-01-02-15-00-00.00     -415002.343716406322       16215.494846319978       93299.649837550343         -57.465346727338        -710.863907806253        -575.615336105726           1.040563592184          -0.048162996755           0.152619808111
2024-01-02-15-59-59.99     -415193.668196055340       13657.103214209414       91217.391133871322         -48.819789739684        -710.459453687065        -581.200170640896           1.039993873464          -0.049108768314           0.151070437875
2024-01-02-17-00-00.00     -415353.800680931890       11100.224765922063       89114.970090640782         -40.136296180937        -710.023346730059        -586.817109770774           1.039410703017          -0.050034715212           0.149478195823
2024-01-02-18-00-00.00     -415482.602786867705        8544.972365831640       86992.265901923718         -31.413849126476        -709.556202259698        -592.469090117040           1.038814171541          -0.050940137923           0.147842654582
2024-01-02-18-59-59.99     -415579.932357653044        5991.456527723691       84849.146840854242         -22.651368956110        -709.058712247432        -598.159245061088           1.038204373785          -0.051824313535           0.146163364205
2024-01-02-20-00-00.00     -415645.643228493223        3439.785122987961       82685.469519779450         -13.847707217840        -708.531654313082        -603.890922558828           1.037581408769          -0.052686494559           0.144439850868
2024-01-02-21-00-00.00     -415679.584966098890         890.063054285419       80501.078082900713          -5.001639767823        -707.975901938639        -609.667704862978           1.036945380064          -0.053525906684           0.142671615481
2024-01-02-21-59-59.99     -415681.602582610212       -1657.608109941134       78295.803324082604           3.888140921626        -707.392436053697        -615.493430409802           1.036296396084          -0.054341746333           0.140858132161
2024-01-02-23-00-00.00     -415651.536220167007       -4203.130545497458       76069.461721580956          12.823034410243        -706.782358185328        -621.372218169022           1.035634570384          -0.055133178917           0.138998846587
2024-01-03-00-00-00.00     -415589.220802415744       -6746.410632990684       73821.854380184915          21.804542018988        -706.146905495362        -627.308494745341           1.034960022012          -0.055899335945           0.137093174208
2024-01-03-00-59-59.99     -415494.485648796079       -9287.359476319718       71552.765870261355          30.834277821903        -705.487467925022        -633.307024656575           1.034272875886          -0.056639311863           0.135140498293
2024-01-03-02-00-00.00     -415367.154046706273      -11825.893487241727       69261.962951450929          39.913981086303        -704.805607837678        -639.372944210898           1.033573263193          -0.057352161499           0.133140167805
2024-01-03-03-00-00.00     -415207.042775939801      -14361.935045763941       66949.193167165577          49.045530385917        -704.103082600647        -645.511799484280           1.032861321837          -0.058036896252           0.131091495077
2024-01-03-03-59-59.99     -415013.961578887480      -16895.413247796689       64614.183294040282          58.230959665622        -703.381870572831        -651.729589023490           1.032137196945          -0.058692479901           0.128993753282
2024-01-03-05-00-00.00     -414787.712568961375      -19426.264753560463       62256.637628259974          67.472476575385        -702.644201121448        -658.032811971238           1.031401041388          -0.059317824859           0.126846173655
2024-01-03-06-00-00.00     -414528.089568325377      -21954.434752183057       59876.236087491918          76.772483446452        -701.892589443038        -664.428522401293           1.030653016387          -0.059911787018           0.124647942452
2024-01-03-06-59-59.99     -414234.877364703396      -24479.878061709445       57472.632104681637          86.133601385946        -701.129876987311        -670.924390909235           1.029893292184          -0.060473160017           0.122398197608
2024-01-03-08-00-00.00     -413907.850875033066      -27002.560386338540       55045.450285393934          95.558698018607        -700.359278658733        -677.528774532537           1.029122048749          -0.061000669725           0.120096025068
2024-01-03-09-00-00.00     -413546.774201697088      -29522.459757658631       52594.283796385782         105.050919549559        -699.584438062210        -684.250796406317           1.028339476608          -0.061492967055           0.117740454741
2024-01-03-09-59-59.99     -413151.399564365856      -32039.568191614911       50118.691447481193         114.613727948772        -698.809492425880        -691.100436770373           1.027545777757          -0.061948619875           0.115330456038
2024-01-03-11-00-00.00     -412721.466087343229      -34553.893599658513       47618.194422635795         124.250944236911        -698.039149198520        -698.088637276224           1.026741166656          -0.062366104772           0.112864932940
2024-01-03-12-00-00.00     -412256.698418318294      -37065.462000200940       45092.272608024454         133.966799067229        -697.278776821403        -705.227420906242           1.025925871372          -0.062743796691           0.110342718544
2024-01-03-12-59-59.99     -411756.805149730353      -39574.320086927786       42540.360456209382         143.765992085411        -696.534512746181        -712.530030345890           1.025100134879          -0.063079957147           0.107762569002
2024-01-03-14-00-00.00     -411221.477007961017      -42080.538222729207       39961.842313962494         153.653761887806        -695.813392615980        -720.011088182359           1.024264216477          -0.063372721641           0.105123156804
2024-01-03-15-00-00.00     -410650.384768260410      -44584.213943934388       37356.047127968173         163.635968858468        -695.123505497620        -727.686783095761           1.023418393450          -0.063620084187           0.102423063289
2024-01-03-15-59-59.99     -410043.176844108617      -47085.476079435037       34722.242426055505         173.719193734036        -694.474181416179        -735.575087097057           1.022562962952          -0.063819879468           0.099660770310
2024-01-03-17-00-00.00     -409399.476488180226      -49584.489614775317       32059.627451401680         183.910855486984        -693.876219202001        -743.696010004010           1.021698244134          -0.063969763046           0.096834650914
2024-01-03-18-00-00.00     -408718.878527467081      -52081.461464058339       29367.325302278630         194.219353089050        -693.342164967396        -752.071898804747           1.020824580628          -0.064067187283           0.093942958933
2024-01-03-18-59-59.99     -408000.945536553685      -54576.647355105946       26644.373899441591         204.654237000319        -692.886654592234        -760.727791450568           1.019942343423          -0.064109373137           0.090983817328
2024-01-03-20-00-00.00     -407245.203329056909      -57070.360088444679       23889.715564634378         215.226417885813        -692.526837871309        -769.691836790744           1.019051934183          -0.064093277861           0.087955205115
2024-01-03-21-00-00.00     -406451.135616387590      -59562.979503972034       21102.184946430836         225.948422346611        -692.282907536304        -778.995795506851           1.018153789174          -0.064015555681           0.084854942721
2024-01-03-21-59-59.99     -405618.177642638853      -62054.964586207316       18280.494969980937         236.834708473446        -692.178764241578        -788.675640617530           1.017248383891          -0.063872510937           0.081680675541
2024-01-03-23-00-00.00     -404745.708551107673      -64546.868269030427       15423.220411238439         247.902058164198        -692.242859453987        -798.772280980978           1.016336238541          -0.063660042747           0.078429855528
2024-01-04-00-00-00.00     -403833.042167346284      -67039.355677944579       12528.778601511018         259.170068853963        -692.509273418960        -809.332437562580           1.015417924644          -0.063373577062           0.075099720584
2024-01-04-00-59-59.99     -402879.415788670653      -69533.226790539760        9595.406647303125         270.661775248374        -693.019107092989        -820.409710372817           1.014494073023          -0.063007983919           0.071687271607
2024-01-04-02-00-00.00     -401883.976440864033      -72029.444832527894        6621.134395438886         282.404442802604        -693.822298342713        -832.065884227561           1.013565383538          -0.062557476735           0.068189247069
2024-01-04-03-00-00.00     -400845.763885574357      -74529.172201202105        3603.752177325901         294.430590696023        -694.980018520267        -844.372535007836           1.012632637134          -0.062015486430           0.064602095157
2024-01-04-03-59-59.99     -399763.689415151544      -77033.816384955644         540.772115859660         306.779325052324        -696.567873953318        -857.413014289906           1.011696710894          -0.061374503978           0.060921943791
2024-01-04-05-00-00.00     -398636.509123817319      -79545.089328414804       -2570.618537958298         319.498097108349        -698.680239975479        -871.284910870969           1.010758597062          -0.060625882279           0.057144569279
2024-01-04-06-00-00.00     -397462.789846666099      -82065.085137613976       -5733.613966178009         332.645051396898        -701.436214262749        -886.103110266009           1.009819427482          -0.059759581728           0.053265365288
2024-01-04-06-59-59.99     -396240.865235855745      -84596.383186966661       -8951.858648148336         346.292205317970        -704.987925856432        -902.003595578358           1.008880505452          -0.058763840882           0.049279315326
2024-01-04-08-00-00.00     -394968.778378812363      -87142.187003636238      -12229.531475464659         360.529818777838        -709.532336623840        -919.148144849028           1.007943347952          -0.057624745277           0.045180974781
2024-01-04-09-00-00.00     -393644.205766906438      -89706.514480023936      -15571.448597524308         375.472495819992        -715.328328618720        -937.730055659176           1.007009742762          -0.056325652112           0.040964473583
2024-01-04-09-59-59.99     -392264.354989545012      -92294.463232980997      -18983.188772714449         391.267850930311        -722.721974344338        -957.980905323785           1.006081827369          -0.054846411726           0.036623559911
2024-01-04-11-00-00.00     -390825.824756760732      -94912.588465697729      -22471.244473091472         408.109039994735        -732.184789398934        -980.177982689385           1.005162200622          -0.053162296261           0.032151722823
2024-01-04-12-00-00.00     -389324.409920851875      -97569.453442033700      -26043.199170038664         426.253212320384        -744.373134745314       -1004.651032515371           1.004254085133          -0.051242494431           0.027542465343
2024-01-04-12-59-59.99     -387754.824743467267     -100276.451988719549      -29707.922444731015         446.049157130126        -760.223055033072       -1031.784398381521           1.003361570794          -0.049047954995           0.022789866233
2024-01-04-14-00-00.00     -386110.302706871880     -103049.072213604828      -33475.750519752633         467.979300055378        -781.106212539078       -1062.004099300741           1.002489992769          -0.046528232353           0.017889705705
2024-01-04-15-00-00.00     -384382.008167234773     -105908.897492777949      -37358.556259924742         492.723740131606        -809.093978427436       -1095.722271861413           1.001646541403          -0.043616776610           0.012841723036
2024-01-04-15-59-59.99     -382558.163620106759     -108886.874487159090      -41369.444178368816         521.255658699211        -847.416329815313       -1133.165317573835           1.000841289275          -0.040223797406           0.007654226437
2024-01-04-17-00-00.00     -380622.771599461092     -112028.800176764547      -45521.348762576024         554.969100539614        -901.267664767374       -1173.883494455322           1.000089000319          -0.036225463351           0.002353790120
2024-01-04-18-00-00.00     -378553.886878951744     -115404.649702551906      -49822.539430994271         595.778692098342        -979.167024697580       -1215.372984605260           0.999412451131          -0.031448343745          -0.002993614946
2024-01-04-18-59-59.99     -376322.023984953354     -119123.798047427568      -54263.464155210408         645.828544478579       -1094.762705386975       -1249.239981960813           0.998848643550          -0.025651752722          -0.008235335633
2024-01-04-20-00-00.00     -373892.333602222148     -123354.178747807542      -58780.364914402693         705.225408678018       -1266.131604833788       -1251.405674760742           0.998459641772          -0.018531886754          -0.013028914400
2024-01-04-21-00-00.00     -371244.815263318538     -128314.242532857883      -63170.390316367266         763.359327422156       -1496.854350198745       -1166.708970635109           0.998344101915          -0.009853354815          -0.016665040018
2024-01-04-21-59-59.99     -368437.259250438714     -134121.419102640648      -66999.418400626499         787.283379002188       -1715.655858995758        -935.969859584135           0.998613847416           0.000077605077          -0.018047204376
2024-01-04-23-00-00.00     -365647.769440753444     -140491.354659191333      -69809.885701745836         754.357072636674       -1794.527090962270        -626.140701360669           0.999283562095           0.009993010536          -0.016510592749
2024-01-05-00-00-00.00     -363035.539257954049     -146876.125343869964      -71592.955957731858         696.358158770473       -1737.998605940639        -381.822598086807           1.000221833001           0.018610042605          -0.012693870123
2024-01-05-00-59-59.99     -360623.725332195172     -152953.191395598493      -72678.297849550640         645.911159169851       -1636.206238688868        -235.065316028419           1.001286419023           0.025617195338          -0.007708754671
2024-01-05-02-00-00.00     -358367.391899088863     -158661.203967475914      -73363.022358786213         609.865846976688       -1536.915912874845        -153.344255654713           1.002399787148           0.031265272657          -0.002281468329
2024-01-05-03-00-00.00     -356218.683419619279     -164036.362603598129      -73825.335544290239         585.493414637650       -1451.782195397720        -107.861857936030           1.003528646855           0.035873919992           0.003240194922
2024-01-05-03-59-59.99     -354142.048477666918     -169130.970252392726      -74163.197464459474         569.315489972841       -1380.702275900065         -82.268418879814           1.004659219525           0.039694098973           0.008704010848
2024-01-05-05-00-00.00     -352112.874811127782     -173991.234399328678      -74431.007260982355         558.780435311280       -1321.142273654232         -67.917037177501           1.005785627586           0.042905160379           0.014046064160
2024-01-05-06-00-00.00     -350114.120413820026     -178653.991555878602      -74660.034354471107         552.188364107986       -1270.597870036305         -60.158955051693           1.006905247519           0.045634245756           0.019241947416
2024-01-05-06-59-59.99     -348133.748845067574     -183147.935196416511      -74868.906840547526         548.416394582731       -1227.066652619801         -56.397927068902           1.008016847825           0.047972976754           0.024285210762
2024-01-05-08-00-00.00     -346163.052552501205     -187495.452127568395      -75069.061211506181         546.710257354089       -1189.031931980421         -55.124157005996           1.009119812213           0.049988896785           0.029177606859
2024-01-05-09-00-00.00     -344195.584655654791     -191714.185661506344      -75267.678938682482         546.551046603870       -1155.356921467227         -55.426543524299           1.010213800976           0.051732963050           0.033924524652
2024-01-05-09-59-59.99     -342226.471829320246     -195818.217931741994      -75469.334511262161         547.572811338272       -1125.185273707672         -56.737335751886           1.011298598059           0.053244456357           0.038532793752
2024-01-05-11-00-00.00     -340251.963037082693     -199818.935187373863      -75676.956750808415         549.511322762431       -1097.864828221949         -58.693017865458           1.012374040511           0.054554250223           0.043009614933
2024-01-05-12-00-00.00     -338269.126039196097     -203725.658081365051      -75892.409379172459         552.171638514841       -1072.892488855636         -61.055557870591           1.013439985685           0.055687034809           0.047362043715
2024-01-05-12-59-59.99     -336275.638414672518     -207546.103692948149      -76116.852527867508         555.407103878249       -1049.875004317056         -63.666237621750           1.014496296292           0.056662862597           0.051596752392
2024-01-05-14-00-00.00     -334269.640429133433     -211286.727890640788      -76350.973921850731         559.105441740860       -1028.501042835041         -66.417720017145           1.015542834112           0.057498244452           0.055719934186
2024-01-05-15-00-00.00     -332249.629299986816     -214952.982209932234      -76595.140174255488         563.179332083226       -1008.521151411068         -69.236670162655           1.016579457704           0.058206943514           0.059737279945
2024-01-05-15-59-59.99     -330214.381775372720     -218549.509073310677      -76849.497791495000         567.559898095832        -989.733215065879         -72.072671113485           1.017606022025           0.058800560157           0.063653991069
2024-01-05-17-00-00.00     -328162.896471177984     -222080.292017801868      -77114.041768077019         572.192114663522        -971.971777850806         -74.890997153198           1.018622378992           0.059288969249           0.067474809477
2024-01-05-18-00-00.00     -326094.350253647484     -225548.772685189120      -77388.662853604270         577.031514107385        -955.100102606578         -77.667809374820           1.019628378252           0.059680653340           0.071204054412
2024-01-05-18-59-59.99     -324008.064778165892     -228957.942955309380      -77673.180523718504         582.041783929812        -939.004195311755         -80.386905958748           1.020623868000           0.059982959531           0.074845660747
2024-01-05-20-00-00.00     -321903.480487628491     -232310.418268366309      -77967.366209763917         587.192988700977        -923.588255452447         -83.037490196338           1.021608695844           0.060202299081           0.078403216062
2024-01-05-21-00-00.00     -319780.136168814730     -235608.496548381925      -78270.959795091083         592.460235772094        -908.771173716819         -85.612616739552           1.022582709455           0.060344305764           0.081879995188
2024-01-05-21-59-59.99     -317637.652705070446     -238854.205987212685      -78583.681396637447         597.822661305700        -894.483807896280         -88.108096974361           1.023545757105           0.060413962270           0.085278991713
2024-01-05-23-00-00.00     -315475.720035875856     -242049.344123008836      -78905.239808485348         603.262650723086        -880.666843280112         -90.521719844006           1.024497688192           0.060415701140           0.088602946362
2024-01-06-00-00-00.00     -313294.086594808963     -245195.510050710087      -79235.338558896372         608.765232894643        -867.269096731725         -92.852692187469           1.025438353569           0.060353487617           0.091854372354
2024-01-06-00-59-59.99     -311092.550682841858     -248294.131165967556      -79573.680246841817         614.317604640777        -854.246160886226         -95.101233659145           1.026367605775           0.060230887589           0.095035577971
2024-01-06-02-00-00.00     -308870.953367534559     -251346.485521803843      -79919.969629280502         619.908754052831        -841.559311528419         -97.268281669205           1.027285299315           0.060051122816           0.098148686608
2024-01-06-03-00-00.00     -306629.172596103570     -254353.720636672748      -80273.915796141620         625.529159512366        -829.174620435311         -99.355275349174           1.028191290768           0.059817117677           0.101195654555
2024-01-06-03-59-59.99     -304367.118282153388     -257316.869411178457      -80635.233676259100         631.170547278519        -817.062229919265        -101.363996830970           1.029085438849           0.059531538369           0.104178286779
2024-01-06-05-00-00.00     -302084.728179510741     -260236.863672860549      -81003.645051066313         636.825694767301        -805.195755679647        -103.296454336663           1.029967604544           0.059196825024           0.107098250943
2024-01-06-06-00-00.00     -299781.964397010219     -263114.545762629306      -81378.879205495468         642.488269792321        -793.551792191666        -105.154796014382           1.030837651105           0.058815219765           0.109957089867
2024-01-06-06-59-59.99     -297458.810438640765     -265950.678494319611      -81760.673311841630         648.152698344541        -782.109500597810        -106.941246544795           1.031695444020           0.058388790658           0.112756232619
2024-01-06-08-00-00.00     -295115.268677281681     -268745.953755291994      -82148.772617020746         653.814055136824        -770.850263478441        -108.658060585541           1.032540851080           0.057919451310           0.115497004423
2024-01-06-09-00-00.00     -292751.358188154409     -271500.999965427269      -82542.930486333004         659.467972512983        -759.757394084938        -110.307488884697           1.033373742322           0.057408978593           0.118180635493
2024-01-06-09-59-59.99     -290367.112882670306     -274216.388572531519      -82942.908342780938         665.110564182174        -748.815890278631        -111.891753782725           1.034193989956           0.056859028000           0.120808268953
2024-01-06-11-00-00.00     -287962.579894265451     -276892.639730277879      -83348.475531675809         670.738361063010        -738.012225300956        -113.413031819860           1.035001468401           0.056271146069           0.123380967942
2024-01-06-12-00-00.00     -285537.818176736473     -279530.227279570652      -83759.409132712564         676.348257047691        -727.334169080640        -114.873441671565           1.035796054208           0.055646782075           0.125899721990
2024-01-06-12-59-59.99     -283092.897282725957     -282129.583133839420      -84175.493736010292         681.937462925774        -716.770634990871        -116.275036060990           1.036577625969           0.054987298296           0.128365452766
2024-01-06-14-00-00.00     -280627.896295477287     -284691.101152076968      -84596.521194784524         687.503467080198        -706.311547898338        -117.619796680262           1.037346064353           0.054293978117           0.130779019264
2024-01-06-15-00-00.00     -278142.902891628095     -287215.140570002433      -85022.290363985026         693.044001820150        -695.947730117484        -118.909631361119           1.038101252011           0.053568034044           0.133141222489
2024-01-06-15-59-59.99     -275638.012516524235     -289702.029048661236      -85452.606831823738         698.557014418477        -685.670802489932        -120.146372905045           1.038843073498           0.052810614826           0.135452809698
2024-01-06-17-00-00.00     -273113.327656413370     -292152.065390587028      -85887.282649521629         704.040642117180        -675.473098281077        -121.331779163949           1.039571415296           0.052022810851           0.137714478251
2024-01-06-18-00-00.00     -270568.957194468821     -294565.521966174652      -86326.136063007623         709.493190467303        -665.347587993944        -122.467534014881           1.040286165738           0.051205659830           0.139926879112
2024-01-06-18-59-59.99     -268005.015839537664     -296942.646886595583      -86768.991249392362         714.913114502620        -655.287813507204        -123.555248990422           1.040987214922           0.050360151909           0.142090620028
2024-01-06-20-00-00.00     -265421.623618242447     -299283.665954378259      -87215.678060144463         720.299002318356        -645.287830210724        -124.596465362752           1.041674454752           0.049487233301           0.144206268441
2024-01-06-21-00-00.00     -262818.905422389391     -301588.784418362251      -87666.031772390837         725.649560702270        -635.342156021734        -125.592656534990           1.042347778860           0.048587810452           0.146274354137
2024-01-06-21-59-59.99     -260196.990604826395     -303858.188556055946      -88119.892849240059         730.963602544301        -625.445726337222        -126.545230652897           1.043007082538           0.047662753818           0.148295371669
2024-01-06-23-00-00.00     -257556.012617845030     -306092.047103300050      -88577.106709731146         736.240035740037        -615.593854134359        -127.455533306014           1.043652262779           0.046712900329           0.150269782592
2024-01-07-00-00-00.00     -254896.108689186309     -308290.512548541767      -89037.523508525381         741.477853407660        -605.782194537505        -128.324850289565           1.044283218217           0.045739056525           0.152198017493
2024-01-07-00-59-59.99     -252217.419531058724     -310453.722306687676      -89500.997925718955         746.676125244627        -596.006713275504        -129.154410383118           1.044899849061           0.044742001429           0.154080477869
2024-01-07-02-00-00.00     -249520.089078577788     -312581.799785678973      -89967.388966478757         751.833989852564        -586.263658541215        -129.945388084504           1.045502057152           0.043722488209           0.155917537857
2024-01-07-03-00-00.00     -246804.264254208829     -314674.855357230175      -90436.559770494656         756.950647918901        -576.549535827514        -130.698906293848           1.046089745907           0.042681246607           0.157709545821
2024-01-07-03-59-59.99     -244070.094755394966     -316732.987241783063      -90908.377430956854         762.025356145091        -566.861085377265        -131.416038927005           1.046662820268           0.041618985183           0.159456825813
2024-01-07-05-00-00.00     -241317.732862843986     -318756.282316512021      -91382.712822790651         767.057421830085        -557.195261933747        -132.097813447166           1.047221186767           0.040536392412           0.161159678939
2024-01-07-06-00-00.00     -238547.333267278067     -320744.816854155622      -91859.440439828424         772.046198009392        -547.549216520030        -132.745213288146           1.047764753476           0.039434138615           0.162818384606
2024-01-07-06-59-59.99     -235759.052912741463     -322698.657199549372      -92338.438240541582         776.991079126313        -537.920280011785        -133.359180206066           1.048293429973           0.038312877759           0.164433201681
2024-01-07-08-00-00.00     -232953.050854677131     -324617.860389937239      -92819.587502059789         781.891497116813        -528.305948298608        -133.940616503014           1.048807127408           0.037173248149           0.166004369572
2024-01-07-09-00-00.00     -230129.488131388527     -326502.474724451487      -93302.772682003488         786.746917909246        -518.703868856343        -134.490387169265           1.049305758470           0.036015874001           0.167532109224
2024-01-07-09-59-59.99     -227288.527647391806     -328352.540287563519      -93787.881287898301         791.556838258453        -509.111828573602        -135.009321914680           1.049789237357           0.034841366919           0.169016624043
2024-01-07-11-00-00.00     -224430.334067757853     -330168.089430745807      -94274.803753613553         796.320782917193        -499.527742699996        -135.498217123033           1.050257479851           0.033650326296           0.170458100764
2024-01-07-12-00-00.00     -221555.073721946887     -331949.147216198384      -94763.433322796875         801.038302044377        -489.949644790275        -135.957837683871           1.050710403296           0.032443340621           0.171856710250
2024-01-07-12-59-59.99     -218662.914516612655     -333695.731826006086      -95253.665938675811         805.708968892841        -480.375677546072        -136.388918759200           1.051147926575           0.031220988725           0.173212608238
2024-01-07-14-00-00.00     -215754.025856327120     -335407.854939794634      -95745.400140064405         810.332377703278        -470.804084458337        -136.792167453695           1.051569970194           0.029983839958           0.174525936040
2024-01-07-15-00-00.00     -212828.578571490681     -337085.522083622694      -96238.536963256120         814.908141803637        -461.233202170367        -137.168264409249           1.051976456265           0.028732455307           0.175796821194
2024-01-07-15-59-59.99     -209886.744852805947     -338728.732952558610      -96732.979849491443         819.435891873974        -451.661453486259        -137.517865314334           1.052367308496           0.027467388464           0.177025378059
2024-01-07-17-00-00.00     -206928.698191645235     -340337.481709164160      -97228.634557759811         823.915274383881        -442.087340962953        -137.841602349239           1.052742452278           0.026189185840           0.178211708400
2024-01-07-18-00-00.00     -203954.613325826853     -341911.757259860868      -97725.409082651749         828.345950167328        -432.509441025785        -138.140085557701           1.053101814675           0.024898387536           0.179355901907
2024-01-07-18-59-59.99     -200964.666190279851     -343451.543510978983      -98223.213577035262         832.727593135104        -422.926398558000        -138.413904157556           1.053445324429           0.023595528284           0.180458036687
2024-01-07-20-00-00.00     -197959.033872091502     -344956.819606115983      -98721.960279356426         837.059889096827        -413.336921915405        -138.663627785437           1.053772912045           0.022281137327           0.181518179739
2024-01-07-21-00-00.00     -194937.894569742901     -346427.560146230680      -99221.563445247550         841.342534698280        -403.739778328446        -138.889807687125           1.054084509793           0.020955739288           0.182536387384
2024-01-07-21-59-59.99     -191901.427555361006     -347863.735393925395      -99721.939283616448         845.575236460317        -394.133789652399        -139.092977859668           1.054380051719           0.019619855006           0.183512705662
2024-01-07-23-00-00.00     -188849.813141544524     -349265.311462798563     -100223.005896159331         849.757709905163        -384.517828436943        -139.273656132934           1.054659473734           0.018274001323           0.184447170728
2024-01-08-00-00-00.00     -185783.232649812300     -350632.250493402127     -100724.683221322659         853.889678778403        -374.890814282166        -139.432345219490           1.054922713630           0.016918691868           0.185339809198
2024-01-08-00-59-59.99     -182701.868382594053     -351964.510816403141     -101226.892981552723         857.970874319688        -365.251710451636        -139.569533704039           1.055169711086           0.015554437811           0.186190638483
2024-01-08-02-00-00.00     -179605.903597213299     -353262.047104084922     -101729.558634274261         862.001034649981        -355.599520732136        -139.685697015678           1.055400407776           0.014181747585           0.186999667107
2024-01-08-03-00-00.00     -176495.522482310829     -354524.810510864423     -102232.605326137709         865.979904181875        -345.933286500248        -139.781298345082           1.055614747379           0.012801127596           0.187766894995
2024-01-08-03-59-59.99     -173370.910136008839     -355752.748803668364     -102735.959850625528         869.907233131941        -336.252083994502        -139.856789545780           1.055812675602           0.011413082928           0.188492313746
2024-01-08-05-00-00.00     -170232.252545991243     -356945.806482751213     -103239.550608747624         873.782777045450        -326.555021754819        -139.912611988882           1.055994140284           0.010018116995           0.189175906891
2024-01-08-06-00-00.00     -167079.736570903187     -358103.924893662392     -103743.307572871621         877.606296423966        -316.841238235256        -139.949197408528           1.056159091421           0.008616732214           0.189817650132
2024-01-08-06-59-59.99     -163913.549923250335     -359227.042330824363     -104247.162253463088         881.377556364245        -307.109899552688        -139.966968708874           1.056307481190           0.007209430656           0.190417511558
2024-01-08-08-00-00.00     -160733.881153274997     -360315.094133306586     -104751.047668765736         885.096326282484        -297.360197376731        -139.966340760417           1.056439264059           0.005796713659           0.190975451863
2024-01-08-09-00-00.00     -157540.919634032063     -361368.012773144525     -105254.898317223022         888.762379644221        -287.591346927542        -139.947721164107           1.056554396814           0.004379082457           0.191491424531
2024-01-08-09-59-59.99     -154334.855547048559     -362385.727936728392     -105758.650152709859         892.375493783421        -277.802585092664        -139.911511010287           1.056652838601           0.002957038804           0.191965376015
2024-01-08-11-00-00.00     -151115.879868763936     -363368.166599533404     -106262.240562407416         895.935449733840        -267.993168631783        -139.858105613854           1.056734551028           0.001531084547           0.192397245904
2024-01-08-12-00-00.00     -147884.184357361257     -364315.253094585089     -106765.608347335001         899.442032132283        -258.162372476861        -139.787895243030           1.056799498207           0.000101722232           0.192786967078
2024-01-08-12-59-59.99     -144639.961540038377     -365226.909174899629     -107268.693705451762         902.895029131461        -248.309488100723        -139.701265831356           1.056847646794          -0.001330544303           0.193134465838
2024-01-08-14-00-00.00     -141383.404700246378     -366103.054070259852     -107771.438217359508         906.294232398013        -238.433821968528        -139.598599689913           1.056878966104          -0.002765210373           0.193439662046
2024-01-08-15-00-00.00     -138114.707865186763     -366943.604538431682     -108273.784834497026         909.639437108342        -228.534694037904        -139.480276206306           1.056893428150          -0.004201769870           0.193702469231
2024-01-08-15-59-59.99     -134834.065792971523     -367748.474911166180     -108775.677869894091         912.930442023223        -218.611436324837        -139.346672546540           1.056891007699          -0.005639714677           0.193922794696
2024-01-08-17-00-00.00     -131541.673959601729     -368517.577135074651     -109277.062991423925         916.167049580539        -208.663391508894        -139.198164352494           1.056871682383          -0.007078535138           0.194100539611
2024-01-08-18-00-00.00     -128237.728545465536     -369250.820807577693     -109777.887217577198         919.349066043307        -198.689911582094        -139.035126442016           1.056835432749          -0.008517719491           0.194235599096
2024-01-08-18-59-59.99     -124922.426421246797     -369948.113208044611     -110278.098915759037         922.476301683602        -188.690356527586        -138.857933511608           1.056782242320          -0.009956753292           0.194327862284
2024-01-08-20-00-00.00     -121595.965133088161     -370609.359324224235     -110777.647803124564         925.548571019950        -178.664093026786        -138.666960844391           1.056712097708          -0.011395119902           0.194377212387
2024-01-08-21-00-00.00     -118258.542886802563     -371234.461874062836     -111276.484949973645         928.565693090960        -168.610493181469        -138.462585025238           1.056624988677          -0.012832299918           0.194383526744
2024-01-08-21-59-59.99     -114910.358531089892     -371823.321322914271     -111774.562785745569         931.527491785462        -158.528933250968        -138.245184664702           1.056520908203          -0.014267770605           0.194346676849
2024-01-08-23-00-00.00     -111551.611539291247     -372375.835896289325     -112271.835107617779         934.433796220172        -148.418792393604        -138.015141135608           1.056399852597          -0.015701006388           0.194266528387
2024-01-09-00-00-00.00     -108182.501989928453     -372891.901587980508     -112768.257091809573         937.284441170993        -138.279451408284        -137.772839322273           1.056261821572          -0.017131478280           0.194142941244
2024-01-09-00-59-59.99     -104803.230545386337     -373371.412163726753     -113263.785307587183         940.079267560554        -128.110291469290        -137.518668387694           1.056106818312          -0.018558653313           0.193975769504
2024-01-09-02-00-00.00     -101413.998428900697     -373814.259160236863     -113758.377734090260         942.818123010495        -117.910692851098        -137.253022558538           1.055934849600          -0.019981995024           0.193764861449
2024-01-09-03-00-00.00      -98015.007399252238     -374220.331879669684     -114251.993779988305         945.500862445032        -107.680033629630        -136.976301935305           1.055745925888          -0.021400962883           0.193510059534
2024-01-09-03-59-59.99      -94606.459723370543     -374589.517379312194     -114744.594306137093         948.127348775366         -97.417688364375        -136.688913324751           1.055540061383          -0.022815011704           0.193211200348
2024-01-09-05-00-00.00      -91188.558146205323     -374921.700456516934     -115236.141651255108         950.697453645178         -87.123026744120        -136.391271103063           1.055317274169          -0.024223592131           0.192868114575
2024-01-09-06-00-00.00      -87761.505857858152     -375216.763628660934     -115726.599660778316         953.211058254053         -76.795412193810        -136.083798109870           1.055077586294          -0.025626150039           0.192480626933
2024-01-09-06-59-59.99      -84325.506457549840     -375474.587108029984     -116215.933718983360         955.668054265895         -66.434200434889        -135.766926576248           1.054821023862          -0.027022125940           0.192048556095
2024-01-09-08-00-00.00      -80880.763914217765     -375695.048771395639     -116704.110784531105         958.068344797382         -56.038737985675        -135.441099092002           1.054547617161          -0.028410955438           0.191571714608
2024-01-09-09-00-00.00      -77427.482523339379     -375878.024124098534     -117191.099429554408         960.411845509156         -45.608360599100        -135.106769612421           1.054257400760          -0.029792068614           0.191049908787
2024-01-09-09-59-59.99      -73965.866859674788     -376023.386258360872     -117676.869882457846         962.698485787920         -35.142391619435        -134.764404513345           1.053950413610          -0.031164889397           0.190482938594
2024-01-09-11-00-00.00      -70496.121725528326     -376131.005805544497     -118161.394074592885         964.928210059121         -24.640140261683        -134.414483689710           1.053626699183          -0.032528835999           0.189870597508
2024-01-09-12-00-00.00      -67018.452094121720     -376200.750882018532     -118644.645691004815         967.100979198330         -14.100899784007        -134.057501714847           1.053286305576          -0.033883320257           0.189212672371
2024-01-09-12-59-59.99      -63533.063047517338     -376232.487028304779     -119126.600225446527         969.216772093880          -3.523945560663        -133.693969052925           1.052929285627          -0.035227746968           0.188508943211
2024-01-09-14-00-00.00      -60040.159709035855     -376226.077140975685     -119607.235039805630         971.275587331630           7.091466976141        -133.324413342598           1.052555697062          -0.036561514277           0.187759183063
2024-01-09-15-00-00.00      -56539.947168664025     -376181.381397058081     -120086.529428442140         973.277445068058          17.746104513589        -132.949380740719           1.052165602612          -0.037884012978           0.186963157748
2024-01-09-15-59-59.99      -53032.630402100665     -376098.257170170895     -120564.464687341824         975.222389042361          28.440758201109        -132.569437353117           1.051759070143          -0.039194625789           0.186120625645
2024-01-09-17-00-00.00      -49518.414181764572     -375976.558938074682     -121041.024188599913         977.110488797908          39.176246149365        -132.185170741261           1.051336172816          -0.040492727681           0.185231337435
2024-01-09-18-00-00.00      -45997.502979735364     -375816.138180769747     -121516.193460560447         978.941842095183          49.953416121243        -131.797191523475           1.050896989218          -0.041777685117           0.184295035818
2024-01-09-18-59-59.99      -42470.100861425854     -375616.843268629746     -121989.960273824749         980.716577554002          60.773148428154        -131.406135073718           1.050441603515          -0.043048855244           0.183311455203
2024-01-09-20-00-00.00      -38936.411369369707     -375378.519339670369     -122462.314733587438         982.434857548418          71.636359053650        -131.012663323210           1.049970105615          -0.044305586154           0.182280321378
2024-01-09-21-00-00.00      -35396.637396096507     -375101.008165123581     -122933.249378659457         984.096881369161          82.544003036292        -130.617466680057           1.049482591334          -0.045547216023           0.181201351140
2024-01-09-21-59-59.99      -31850.981045069166     -374784.148002339061     -123402.759287614535         985.702888694746          93.497078133730        -130.221266069641           1.048979162559          -0.046773072210           0.180074251890
2024-01-09-23-00-00.00      -28299.643478586026     -374427.773433907016     -123870.842192548705         987.253163384125         104.496628810894        -129.824815117834           1.048459927438          -0.047982471406           0.178898721206
2024-01-10-00-00-00.00      -24742.824751317690     -374031.715191830590     -124337.498600928346         988.748037658667         115.543750569952        -129.428902469795           1.047925000565          -0.049174718652           0.177674446365
2024-01-10-00-59-59.99      -21180.723628069063     -373595.799965412589     -124802.731926076871         990.187896680509         126.639594681236        -129.034354278585           1.047374503172          -0.050349106309           0.176401103828
2024-01-10-02-00-00.00      -17613.537384274870     -373119.850191327860     -125266.548626938311         991.573183603356         137.785373341472        -128.642036857475           1.046808563349          -0.051504914055           0.175078358686
2024-01-10-03-00-00.00      -14041.461587394597     -372603.683824273001     -125728.958357722804         992.904405119591         148.982365326610        -128.252859532024           1.046227316252          -0.052641407746           0.173705864047
2024-01-10-03-59-59.99      -10464.689857325920     -372047.114086313639     -126189.974128177462         994.182137591644         160.231922177110        -127.867777687221           1.045630904340          -0.053757838197           0.172283260381
2024-01-10-05-00-00.00       -6883.413603594962     -371449.949192912376     -126649.612475205548         995.407033812198         171.535474993556        -127.487796044975           1.045019477615          -0.054853440990           0.170810174802
2024-01-10-06-00-00.00       -3297.821737020585     -370811.992053251830     -127107.893646769982         996.579830480938         182.894541907007        -127.113972182041           1.044393193885          -0.055927435105           0.169286220296
2024-01-10-06-59-59.99         291.899647004456     -370133.039942356176     -127564.841798893423         997.701356477625         194.310736311895        -126.747420317110           1.043752219036          -0.056979021460           0.167710994870
2024-01-10-08-00-00.00        3885.567616645156     -369412.884142101626     -128020.485206762285         998.772542049496         205.785775941809        -126.389315373273           1.043096727320          -0.058007382446           0.166084080642
2024-01-10-09-00-00.00        7483.002786498862     -368651.309547773679     -128474.856491119383         999.794428994152         217.321492918544        -126.040897370718           1.042426901672          -0.059011680255           0.164405042844
2024-01-10-09-59-59.99       11084.029739270667     -367848.094236625941     -128927.992860968356        1000.768182006929         228.919844870199        -125.703476144569           1.041742934036          -0.059991055079           0.162673428735
2024-01-10-11-00-00.00       14688.477490533118     -367003.008994221513     -129379.936373969700        1001.695101322098         240.582927273354        -125.378436437555           1.041045025722          -0.060944624272           0.160888766432
2024-01-10-12-00-00.00       18296.180001611126     -366115.816793924547     -129830.734215866760        1002.576636830087         252.312987174753        -125.067243395313           1.040333387780          -0.061871480252           0.159050563623
2024-01-10-12-59-59.99       21906.976746240609     -365186.272224233428     -130280.439000481274        1003.414403878244         264.112438472156        -124.771448494840           1.039608241419          -0.062770688235           0.157158306169
2024-01-10-14-00-00.00       25520.713337491477     -364214.120857988542     -130729.109091879509        1004.210200987057         275.983878969568        -124.492695949720           1.038869818430          -0.063641284862           0.155211456592
2024-01-10-15-00-00.00       29137.242222334087     -363199.098556632351     -131176.808950512175        1004.966029758771         287.930109449998        -124.232729631558           1.038118361666          -0.064482275513           0.153209452410
2024-01-10-15-59-59.99       32756.423452268613     -362140.930701733450     -131623.609505295695        1005.684117304699         299.954155044485        -123.993400544558           1.037354125558          -0.065292631365           0.151151704326
2024-01-10-17-00-00.00       36378.125539824876     -361039.331345000071     -132069.588553613779        1006.366941565363         312.059289230626        -123.776674903559           1.036577376655          -0.066071287272           0.149037594253
2024-01-10-18-00-00.00       40002.226412041106     -359894.002266563475     -132514.831191603444        1007.017259962245         324.249060850620        -123.584642869632           1.035788394225          -0.066817138221           0.146866473146
2024-01-10-18-59-59.99       43628.614473882626     -358704.631929918542     -132959.430277114210        1007.638141917077         336.527324587849        -123.419527975031           1.034987470922          -0.067529035428           0.144637658631
2024-01-10-20-00-00.00       47257.189796610743     -357470.894320159859     -133403.486927886319        1008.233005858549         348.898275431314        -123.283697284734           1.034174913474          -0.068205783118           0.142350432408
2024-01-10-21-00-00.00       50887.865448479191     -356192.447649942187     -133847.111057845585        1008.805661436342         361.366487773013        -123.179672370267           1.033351043467          -0.068846133732           0.140004037399
2024-01-10-21-59-59.99       54520.568988192601     -354868.932915456360     -134290.421954174119        1009.360357852230         373.936959846793        -123.110141095646           1.032516198208          -0.069448782595           0.137597674608
2024-01-10-23-00-00.00       58155.244144802396     -353499.972281332361     -134733.548898572626        1009.901839349467         386.615164397001        -123.077970266628           1.031670731635          -0.070012363061           0.135130499675
2024-01-11-00-00-00.00       61791.852712194617     -352085.167270493810     -135176.631835500826        1010.435409134139         399.407106623480        -123.086219167711           1.030815015354          -0.070535439846           0.132601619068
2024-01-11-00-59-59.99       65430.376691109857     -350624.096730445104     -135619.822090794245        1010.967003268464         412.319390646618        -123.138153980172           1.029949439778          -0.071016501527           0.130010085890
2024-01-11-02-00-00.00       69070.820717884752     -349116.314542756940     -136063.283143709181        1011.503276413309         425.359295976171        -123.237263027684           1.029074415366          -0.071453953190           0.127354895235
2024-01-11-03-00-00.00       72713.214826531243     -347561.347036577412     -136507.191455261200        1012.051701688542         438.534865809680        -123.387272795128           1.028190374017          -0.071846106856           0.124634979057
2024-01-11-03-59-59.99       76357.617599850841     -345958.690059786895     -136951.737355367572        1012.620687455738         451.855009341617        -123.592164558528           1.027297770631          -0.072191170607           0.121849200471
2024-01-11-05-00-00.00       80004.119776489635     -344307.805652711599     -137397.125990592263        1013.219714477837         465.329620742228        -123.856191366040           1.026397084810          -0.072487237277           0.118996347430
2024-01-11-06-00-00.00       83652.848394709072     -342608.118258670962     -137843.578333150974        1013.859497737736         478.969718063430        -124.183894969487           1.025488822808          -0.072732270241           0.116075125699
2024-01-11-06-59-59.99       87303.971570931724     -340859.010392744443     -138291.332249868545        1014.552178248094         492.787606118857        -124.580122151840           1.024573519708          -0.072924087075           0.113084151011
2024-01-11-08-00-00.00       90957.704032622714     -339059.817673760757     -138740.643627505051        1015.311551584274         506.797068244624        -125.050039478426           1.023651741858          -0.073060341768           0.110021940332
2024-01-11-09-00-00.00       94614.313552372711     -337209.823104796524     -139191.787546608481        1016.153341605890         521.013593164719        -125.599145222150           1.022724089647          -0.073138502803           0.106886902098
2024-01-11-09-59-59.99       98274.128464554597     -335308.250462624244     -139645.059490213462        1017.095530178516         535.454644679472        -126.233276526544           1.021791200681          -0.073155827591           0.103677325286
2024-01-11-11-00-00.00      101937.546489984365     -333354.256624840666     -140100.776565881009        1018.158756751616         550.139983900341        -126.958609001315           1.020853753354          -0.073109333592           0.100391367184
2024-01-11-12-00-00.00      105605.045150956197     -331346.922624249361     -140559.278706893674        1019.366805705912         565.092056380098        -127.781644706141           1.019912470988          -0.072995762970           0.097027039676
2024-01-11-12-59-59.99      109277.194132778401     -329285.243169879075     -141020.929800616374        1020.747204827698         580.336459921169        -128.709182658398           1.018968126618          -0.072811540681           0.093582193862
2024-01-11-14-00-00.00      112954.670044585961     -327168.114308946359     -141486.118667007599        1022.331965634739         595.902513295016        -129.748263226938           1.018021548473          -0.072552725559           0.090054502819
2024-01-11-15-00-00.00      116638.274160027562     -324994.318821513210     -141955.259771747253        1024.158506358438         611.823952214546        -130.906073900689           1.017073626433          -0.072214950243           0.086441442294
2024-01-11-15-59-59.99      120328.953889026947     -322762.508830579522     -142428.793503847672        1026.270812320308         628.139786741799        -132.189797681157           1.016125319584          -0.071793348506           0.082740269124
2024-01-11-17-00-00.00      124027.828961948690     -320471.184969046852     -142907.185764540918        1028.720907947954         644.895365496479        -133.606376638493           1.015177665110          -0.071282467768           0.078947997235
2024-01-11-18-00-00.00      127736.223621621393     -318118.671256040048     -143390.926492510858        1031.570742278499         662.143706518799        -135.162148868677           1.014231788910          -0.070676160232           0.075061371117
2024-01-11-18-59-59.99      131455.706552225340     -315703.084585254837     -143880.526563846477        1034.894629446361         679.947175256800        -136.862295781089           1.013288918347          -0.069967447909           0.071076836858
2024-01-11-20-00-00.00      135188.140880734310     -313222.297390099207     -144376.512221659126        1038.782443319212         698.379618194787        -138.710002419046           1.012350397614          -0.069148354748           0.066990511113
2024-01-11-21-00-00.00      138935.747446823952     -310673.891592940025     -144879.415749643405        1043.343850686873         717.529100049350        -140.705179047823           1.011417706591          -0.068209692938           0.062798148921
2024-01-11-21-59-59.99      142701.185775408696     -308055.101319947047     -145389.760410152056        1048.713995306745         737.501447367296        -142.842502994786           1.010492484119          -0.067140789549           0.058495112260
2024-01-11-23-00-00.00      146487.658996541082     -305362.741001725488     -145908.036555589351        1055.061240364155         758.424878473340        -145.108391238526           1.009576557087          -0.065929133625           0.054076342954
2024-01-12-00-00-00.00      150299.051649847272     -302593.114289380668     -146434.664005186700        1062.597880210484         780.456107057061        -147.476261111731           1.008671977340          -0.064559911575           0.049536346640
2024-01-12-00-59-59.99      154140.113386570476     -299741.897569963185     -146969.932745414291        1071.595212153871         803.788453678517        -149.898994554447           1.007781069190          -0.063015388349           0.044869200022
2024-01-12-02-00-00.00      158016.707868218306     -296803.989610480901     -147513.908820902056        1082.405131993299         828.662690825062        -152.296727678216           1.006906491561          -0.061274070969           0.040068603890
2024-01-12-03-00-00.00      161936.156041344075     -293773.315849826904     -148066.283155891608        1095.491684507054         855.381569752731        -154.536620589391           1.006051320979          -0.059309554911           0.035128023353
2024-01-12-03-59-59.99      165907.718789186503     -290642.572100732883     -148626.124510071910        1111.478106066679         884.329143252496        -156.398457038392           1.005219164762          -0.057088904728           0.030040993369
2024-01-12-05-00-00.00      169943.289697565226     -287402.888569987437     -149191.466789868835        1131.218421725106         915.995801687921        -157.514368921169           1.004414319234          -0.054570335558           0.024801739929
2024-01-12-06-00-00.00      174058.410932225466     -284043.393933787826     -149758.600736488035        1155.908481299294         951.008365634886        -157.259549362455           1.003641997320          -0.051699820678           0.019406415399
2024-01-12-06-59-59.99      178273.794046262570     -280550.670351304521     -150320.818374074675        1187.260353224691         990.158430958784        -154.546381302933           1.002908666401          -0.048406030748           0.013855562061
2024-01-12-08-00-00.00      182617.633620738809     -276908.145158271887     -150866.102986058686        1227.774926352079        1034.401182655892        -147.420360940984           1.002222567686          -0.044592674026           0.008159118750
2024-01-12-09-00-00.00      187129.132266264613     -273095.665639847750     -151372.702009815257        1281.144845712676        1084.727485386293        -132.234738251586           1.001594544098          -0.040126913933           0.002346906203
2024-01-12-09-59-59.99      191863.644948506902     -269090.185667463054     -151800.302237869415        1352.715857869715        1141.582784044438        -101.919778403989           1.001039400677          -0.034822704542          -0.003508627557
2024-01-12-11-00-00.00      196898.762258656352     -264870.750004955567     -152072.051698015421        1449.309539960507        1202.768914807114         -42.451378636290           1.000578145340          -0.028421859818          -0.009241759342
2024-01-12-12-00-00.00      202334.206373186578     -260437.866454686533     -152039.697971790622        1574.892451578599        1256.808422356294          72.756978111895           1.000241299996          -0.020598018934          -0.014483607114
2024-01-12-12-59-59.99      208253.019231168670     -255871.529597923189     -151435.944421621505        1710.794153257991        1268.134451612500         280.450461843974           1.000071113725          -0.011094328723          -0.018474011757
2024-01-12-14-00-00.00      214574.796107101778     -251430.115940898861     -149912.150019624823        1781.707506666336        1179.461873511036         573.095734537218           1.000110830183          -0.000221751035          -0.020036171690
2024-01-12-15-00-00.00      220911.729351812508     -247491.873448858882     -147356.464243880619        1717.482291621863        1001.288856014319         828.214398760921           1.000367712071           0.010680661259          -0.018436925386
2024-01-12-15-59-59.99      226847.629191666667     -244208.303041690087     -144108.935234735225        1575.817851666229         830.650039065665         955.458567530631           1.000797581272           0.020222125517          -0.014337807156
2024-01-12-17-00-00.00      232264.128362137184     -241444.810494658013     -140587.630139006942        1437.252572095372         713.498729404909         990.526252772577           1.001346849137           0.028038692207          -0.008938288596
2024-01-12-18-00-00.00      237229.343637345388     -239017.473028434935     -137024.787902673415        1325.851403854505         640.977408760497         984.912896421505           1.001979269616           0.034386066573          -0.003035994976
2024-01-12-18-59-59.99      241840.302456455654     -236796.054068472382     -133512.991336508654        1239.407388305773         596.764444692308         964.859224924080           1.002673084819           0.039605211764           0.002982607937
2024-01-12-20-00-00.00      246175.224245002959     -234700.325533072610     -130082.194041213559        1171.471102776220         569.740020377832         940.945844442451           1.003414515179           0.043966745442           0.008946616020
2024-01-12-21-00-00.00      250290.648412510607     -232681.267856292747     -126737.939022143037        1116.717938620696         553.351642574005         917.156677400474           1.004194089575           0.047664862208           0.014783229130
2024-01-12-21-59-59.99      254226.878485544526     -230708.082051821519     -123476.804835442264        1071.408349476820         543.771897404405         894.888062186555           1.005004841555           0.050837446389           0.020463802674
2024-01-12-23-00-00.00      258013.029762187187     -228760.729834240396     -120292.443463570613        1032.992573500571         538.703607718551         874.525622074626           1.005841383616           0.053583904693           0.025979895594
2024-01-13-00-00-00.00      261670.576127934241     -226825.736280001525     -117177.934337084123         999.719887956429         536.718161208920         856.063979770626           1.006699393306           0.055977509808           0.031332382987
2024-01-13-00-59-59.99      265215.701664159540     -224893.776027029846     -114126.677349899852         970.365867663668         536.895198958391         839.355749339765           1.007575305655           0.058073517241           0.036526338454
2024-01-13-02-00-00.00      268660.853711540170     -222958.238303060876     -111132.694477982775         944.055688172091         538.622280349720         824.213005510377           1.008466117100           0.059914495366           0.041568560624
2024-01-13-03-00-00.00      272015.782722107018     -221014.343808435748     -108190.690964770387         920.150938602872         541.479920191206         810.448106950253           1.009369253787           0.061533880270           0.046466359650
2024-01-13-03-59-59.99      275288.252201607625     -219058.583150155522     -105296.022004292055         898.176405247326         545.173372545941         797.888977757112           1.010282479389           0.062958394883           0.051226964680
2024-01-13-05-00-00.00      278484.533591395302     -217088.348938139708     -102444.626684881907         877.771880755614         549.490831383091         786.383553243187           1.011203828431           0.064209729624           0.055857245364
2024-01-13-06-00-00.00      281609.758301613445     -215101.688209275104      -99632.955230249820         858.659812596619         554.277045455260         775.799728928324           1.012131556605           0.065305735950           0.060363594608
2024-01-13-06-59-59.99      284668.172945381200     -213097.131780939031      -96857.900050442200         840.623147657950         559.416206108626         766.023590019254           1.013064102906           0.066261289982           0.064751894360
2024-01-13-08-00-00.00      287663.327677050547     -211073.574079444719      -94116.734304639103         823.489865825442         564.820573860389         756.957136476227           1.014000060284           0.067088927552           0.069027523432
2024-01-13-09-00-00.00      290598.217428849195     -209030.186871246377      -91407.058726005125         807.121986866490         570.422749867654         748.516020020025           1.014938152390           0.067799320523           0.073195385580
2024-01-13-09-59-59.99      293475.389399187232     -206966.356252884376      -88726.756244606557         791.407624751497         576.170318007698         740.627493078231           1.015877214928           0.068401638797           0.077259946209
2024-01-13-11-00-00.00      296297.025966185378     -204881.635906162410      -86073.953512094289         776.255155037526         582.022062325835         733.228628585939           1.016816180582           0.068903828133           0.081225271507
2024-01-13-12-00-00.00      299065.009437067318     -202775.711927253898      -83446.988346558108         761.588871694030         587.945252286041         726.264808086673           1.017754066576           0.069312827741           0.085095066820
2024-01-13-12-59-59.99      301780.973185630224     -200648.376022683107      -80844.382175044608         747.345710127230         593.913664867788         719.688451852898           1.018689964343           0.069634741998           0.088872712685
2024-01-13-14-00-00.00      304446.342458812520     -198499.504841850605      -78264.816661554752         733.472744423100         599.906123538171         713.457957764538           1.019623030959           0.069874976277           0.092561297874
2024-01-13-15-00-00.00      307062.367249733186     -196329.043869491259      -75707.113830042115         719.925254225249         605.905405470199         707.536815824737           1.020552481839           0.070038347217           0.096163649241
2024-01-13-15-59-59.99      309630.149012541806     -194136.994749075500      -73170.219102146817         706.665216096813         611.897414468310         701.892869216414           1.021477584536           0.070129172311           0.099682358487
2024-01-13-17-00-00.00      312150.662548014137     -191923.405215030391      -70653.186771722743         693.660114646466         617.870548467675         696.497696143841           1.022397653492           0.070151342199           0.103119806001
2024-01-13-18-00-00.00      314624.774067395483     -189688.361030598375      -68155.167518605827         680.881997285890         623.815210904758         691.326091567393           1.023312045465           0.070108381257           0.106478182076
2024-01-13-18-59-59.99      317053.256205046782     -187431.979481443792      -65675.397635640547         668.306716373873         629.723429838838         686.355631177886           1.024220155559           0.070003497990           0.109759505737
2024-01-13-20-00-00.00      319436.800575661182     -185154.404087463219      -63213.189698776594         655.913316892716         635.588558434231         681.566303413782           1.025121413842           0.069839626101           0.112965641466
2024-01-13-21-00-00.00      321776.028340381978     -182855.800275733665      -60767.924457924652         643.683538082108         641.405037649901         676.940197632880           1.026015282317           0.069619460023           0.116098314050
2024-01-13-21-59-59.99      324071.499147134367     -180536.351818243624      -58339.043763460664         631.601405088059         647.168206720473         672.461239021499           1.026901252270           0.069345485027           0.119159121793
2024-01-13-23-00-00.00      326323.718734593247     -178196.257882119506      -55926.044375179663         619.652892220574         652.874150808387         668.114962322624           1.027778841983           0.069020001775           0.122149548262
2024-01-14-00-00-00.00      328533.145430931123     -175835.730573819834      -53528.472525742720         607.825643604801         658.519577737206         663.888317999224           1.028647594657           0.068645148289           0.125070972775
2024-01-14-00-59-59.99      330700.195733228582     -173454.992884424748      -51145.919131361326         596.108740147171         664.101717597564         659.769505634832           1.029507076561           0.068222918882           0.127924679758
2024-01-14-02-00-00.00      332825.249117940490     -171054.276962251752      -48778.015560018939         584.492504102009         669.618240552093         655.747830193326           1.030356875440           0.067755179401           0.130711867112
2024-01-14-03-00-00.00      334908.652204936254     -168633.822654280142      -46424.429881402160         572.968334357109         675.067189161017         651.813577595755           1.031196599035           0.067243681450           0.133433653722
2024-01-14-03-59-59.99      336950.722375466663     -166193.876269536238      -44084.863534412740         561.528566957254         680.446922362962         647.957906674321           1.032025873756           0.066690074800           0.136091086181
2024-01-14-05-00-00.00      338951.750926705950     -163734.689526466827      -41759.048358032684         550.166356471528         685.756068903549         644.172755024058           1.032844343536           0.066095917141           0.138685144852
2024-01-14-06-00-00.00      340912.005831324437     -161256.518653765990      -39446.743939143867         538.875574667219         690.993488420896         640.450756730064           1.033651668751           0.065462683650           0.141216749320
2024-01-14-06-59-59.99      342831.734159046726     -158759.623619615246      -37147.735237804431         527.650723620632         696.158238795765         636.785170249504           1.034447525237           0.064791775435           0.143686763310
2024-01-14-08-00-00.00      344711.164207821246     -156244.267468963168      -34861.830456017327         516.486860927377         701.249548633402         633.169815021435           1.035231603453           0.064084525898           0.146095999137
2024-01-14-09-00-00.00      346550.507384596858     -153710.715751903306      -32588.859120916830         505.379535096561         706.266794006631         629.599015573478           1.036003607666           0.063342207400           0.148445221734
2024-01-14-09-59-59.99      348349.959869441693     -151159.236029382213      -30328.670357121708         494.324729552804         711.209478678148         626.067552141583           1.036763255208           0.062566037197           0.150735152299
2024-01-14-11-00-00.00      350109.704091571330     -148590.097444554965      -28081.131326581220         483.318813941456         716.077217280015         622.570616890525           1.037510275850           0.061757181646           0.152966471609
2024-01-14-12-00-00.00      351829.910041566647     -146003.570350270602      -25846.125816961641         472.358501653674         720.869720912634         619.103775037007           1.038244411175           0.060916760984           0.155139823035
2024-01-14-12-59-59.99      353510.736440497276     -143399.925984632602      -23623.552962136917         461.440812666682         725.586784783607         615.662930235698           1.038965414010           0.060045853636           0.157255815288
2024-01-14-14-00-00.00      355152.331783686532     -140779.436187658634      -21413.326080564475         450.563040943350         730.228277609264         612.244293665215           1.039673047938           0.059145498997           0.159315024915
2024-01-14-15-00-00.00      356754.835274342156     -138142.373153711524      -19215.371618769157         439.722725752813         734.794132424304         608.844356402911           1.040367086817           0.058216700960           0.161317998587
2024-01-14-15-59-59.99      358318.377660191036     -135489.009214464721      -17029.628189168223         428.917626377448         739.284338670264         605.459864639206           1.041047314323           0.057260431133           0.163265255186
2024-01-14-17-00-00.00      359843.081984454882     -132819.616648549738      -14856.045692410133         418.145699750222         743.698935310371         602.087797426282           1.041713523580           0.056277630653           0.165157287711
2024-01-14-18-00-00.00      361329.064261010208     -130134.467514276068      -12694.584515763692         407.405080637744         748.038004854923         598.725346644256           1.042365516769           0.055269212871           0.166994565027
2024-01-14-18-59-59.99      362776.434082289110     -127433.833502444133      -10545.214800012061         396.694064039689         752.301668152190         595.369898935516           1.043003104768           0.054236065813           0.168777533472
2024-01-14-20-00-00.00      364185.295167377626     -124717.985806697630       -8407.915768183608         386.011089523774         756.490079846503         592.019019379174           1.043626106854           0.053179053330           0.170506618322
2024-01-14-21-00-00.00      365555.745856837486     -121987.195009174058       -6282.675110214140         375.354727254155         760.603424398065         588.670436715866           1.044234350387           0.052099017190           0.172182225142
2024-01-14-21-59-59.99      366887.879559961089     -119241.730979584652       -4169.488418272625         364.723665505846         764.641912599615         585.322029947528           1.044827670518           0.050996779017           0.173804741032
2024-01-14-23-00-00.00      368181.785159481806     -116481.862786011523       -2068.358668086594         354.116699485366         768.605778522224         581.971816163908           1.045405909949           0.049873140968           0.175374535760
2024-01-15-00-00-00.00      369437.547378148069     -113707.858616099838          20.704257941615         343.532721301071         772.495276819783         578.617939469570           1.045968918670           0.048728887411           0.176891962817
2024-01-15-00-59-59.99      370655.247111061355     -110919.985707252679        2097.684009525271         332.970710949231         776.310680369483         575.258660887591           1.046516553721           0.047564786485           0.178357360380
2024-01-15-02-00-00.00      371834.961727207527     -108118.510284888398        4162.558172571888         322.429728197059         780.052278187363         571.892349145467           1.047048678992           0.046381590443           0.179771052203
2024-01-15-03-00-00.00      372976.765343229636     -105303.697507688063        6215.298641525342         311.908905261042         783.720373601383         568.517472248197           1.047565165005           0.045180037029           0.181133348434
2024-01-15-03-59-59.99      374080.729072133603     -102475.811419073914        8255.871962679259         301.407440189521         787.315282625304         565.132589765439           1.048065888716           0.043960850765           0.182444546375
2024-01-15-05-00-00.00      375146.921249326784      -99635.114904111935       10284.239650884634         290.924590873565         790.837332544961         561.736345753449           1.048550733342           0.042724743058           0.183704931168
2024-01-15-06-00-00.00      376175.407638117089      -96781.869651252433       12300.358481842242         280.459669616095         794.286860665522         558.327462255989           1.049019588184           0.041472413346           0.184914776444
2024-01-15-06-59-59.99      377166.251616576163      -93916.336118295963       14304.180761947027         270.012038200533         797.664213220709         554.904733324372           1.049472348452           0.040204550201           0.186074344909
2024-01-15-08-00-00.00      378119.514347470540      -91038.773501989868       16295.654577463119         259.581103405052         800.969744404272         551.467019509783           1.049908915122           0.038921831242           0.187183888887
2024-01-15-09-00-00.00      379035.254932775453      -88149.439710914128       18274.724024653264         249.166312916952         804.203815530144         548.013242780607           1.050329194781           0.037624924133           0.188243650820
2024-01-15-09-59-59.99      379913.530554136261      -85248.591341196210       20241.329422319130         238.767151605795         807.366794310804         544.542381825479           1.050733099479           0.036314487531           0.189253863732
2024-01-15-11-00-00.00      380754.396600499400      -82336.483654716387       22195.407508070071         228.383138116895         810.459054221826         541.053467708560           1.051120546605           0.034991170876           0.190214751642
2024-01-15-12-00-00.00      381557.906784015475      -79413.370559228541       24136.891619537662         218.013821752138         813.480973946192         537.545579841851           1.051491458750           0.033655615261           0.191126529960
2024-01-15-12-59-59.99      382324.113245175395      -76479.504590562501       26065.711861652500         207.658779609269         816.432936919029         534.017842247230           1.051845763582           0.032308454280           0.191989405841
2024-01-15-14-00-00.00      383053.066648075357      -73535.136896293770       27981.795260757124         197.317613951187         819.315330940160         530.469420082031           1.052183393734           0.030950313712           0.192803578505
2024-01-15-15-00-00.00      383744.816266589973      -70580.517220508074       29885.065907032244         186.989949781338         822.128547835972         526.899516402999           1.052504286685           0.029581812311           0.193569239540
2024-01-15-15-59-59.99      384399.410062157316      -67615.893889825224       31775.445085288149         176.675432605154         824.872983217358         523.307369149466           1.052808384653           0.028203562568           0.194286573171
2024-01-15-17-00-00.00      385016.894753800472      -64641.513800284483       33652.851395445781         166.373726355858         827.549036249524         519.692248323511           1.053095634491           0.026816170327           0.194955756503
2024-01-15-18-00-00.00      385597.315880970098      -61657.622404656489       35517.200863166254         156.084511471978         830.157109532048         516.053453352353           1.053365987584           0.025420235508           0.195576959745
2024-01-15-18-59-59.99      386140.717859699798      -58664.463700398272       37368.407041276187         145.807483107272         832.697608982884         512.390310613784           1.053619399757           0.024016352810           0.196150346412
2024-01-15-20-00-00.00      386647.144032547891      -55662.280217661872       39206.381102574989         135.542349463145         835.170943813783         508.702171114383           1.053855831177           0.022605111274           0.196676073503
2024-01-15-21-00-00.00      387116.636712724692      -52651.313007633304       41031.031924508374         125.288830227857         837.577526504885         504.988408300547           1.054075246263           0.021187094960           0.197154291658
2024-01-15-21-59-59.99      387549.237222789088      -49631.801630549300       42842.266166217079         115.046655114286         839.917772871583         501.248415998655           1.054277613607           0.019762883606           0.197585145306
2024-01-15-23-00-00.00      387944.985928232374      -46603.984143622089       44639.988338356517         104.815562482718         842.192102138383         497.481606464503           1.054462905880           0.018333052155           0.197968772780
2024-01-16-00-00-00.00      388303.922266247624      -43568.097088479066       46424.100866101900          94.595298040330         844.400937084306         493.687408540325           1.054631099758           0.016898171400           0.198305306427
2024-01-16-00-59-59.99      388626.084769935347      -40524.375478186645       48194.504145657804          84.385613606273         846.544704192455         489.865265898531           1.054782175846           0.015458808606           0.198594872702
2024-01-16-02-00-00.00      388911.511088175699      -37473.052783370542       49951.096594652612          74.186265934950         848.623833886733         486.014635378551           1.054916118596           0.014015527024           0.198837592233
2024-01-16-03-00-00.00      389160.238001346821      -34414.360917769322       51693.774696618508          63.997015587278         850.638760759528         482.134985389822           1.055032916238           0.012568886499           0.199033579886
2024-01-16-03-59-59.99      389372.301433062414      -31348.530222585312       53422.433039907308          53.817625843614         852.589923884268         478.225794392289           1.055132560720           0.011119444087           0.199182944811
2024-01-16-05-00-00.00      389547.736458055675      -28275.789449854070       55136.964351198338          43.647861650132         854.477767131377         474.286549428074           1.055215047624           0.009667753544           0.199285790465
2024-01-16-06-00-00.00      389686.577306321182      -25196.365744436764       56837.259523862325          33.487488592531         856.302739564057         470.316744717376           1.055280376109           0.008214365926           0.199342214636
2024-01-16-06-59-59.99      389788.857363603311      -22110.484624616573       58523.207641326437          23.336271890873         858.065295846355         466.315880292300           1.055328548857           0.006759830193           0.199352309441
2024-01-16-08-00-00.00      389854.609168293595      -19018.369961098808       60194.695995612921          13.193975409764         859.765896718138         462.283460679079           1.055359571998           0.005304692691           0.199316161316
2024-01-16-09-00-00.00      389883.864404785971      -15920.243954231531       61851.610101193852           3.060360678566         861.405009506131         458.218993612373           1.055373455057           0.003849497754           0.199233850992
2024-01-16-09-59-59.99      389876.653893313196      -12816.327109291005       63493.833704276658          -7.064814084015         862.983108688722         454.121988781831           1.055370210912           0.002394788296           0.199105453462
2024-01-16-11-00-00.00      389833.007576271892       -9706.838209645373       65121.248787623859         -17.181794946665         864.500676510612         449.991956603684           1.055349855717           0.000941105301           0.198931037924
2024-01-16-12-00-00.00      389752.954501019733       -6591.994287604319       66733.735570991950         -27.290833249478         865.958203648034         445.828407011299           1.055312408864          -0.000511011574           0.198710667721
2024-01-16-12-59-59.99      389636.522799106431       -3472.010592780856       68331.172507243187         -37.392186601963         867.356189934821         441.630848263312           1.055257892944          -0.001961023402           0.198444400271
2024-01-16-14-00-00.00      389483.739661881700        -347.100557788914       69913.436274149833         -47.486119901428         868.695145141615         437.398785759470           1.055186333679          -0.003408392485           0.198132286967
2024-01-16-15-00-00.00      389294.631312379555        2782.524239131623       71480.401762043359         -57.572906378484         869.975589817923         433.131720859946           1.055097759885          -0.004852581742           0.197774373079
2024-01-16-15-59-59.99      389069.222973391647        5916.654114446358       73031.942057094697         -67.652828677267         871.198056205496         428.829149708461           1.054992203449          -0.006293054099           0.197370697641
2024-01-16-17-00-00.00      388807.538831570768        9055.081323212637       74567.928420435099         -77.726179976448         872.363089219638         424.490562046992           1.054869699258          -0.007729272971           0.196921293317
2024-01-16-18-00-00.00      388509.601997418911       12197.600106559721       76088.230262946105         -87.793265158421         873.471247508344         420.115440021237           1.054730285175          -0.009160701629           0.196426186254
2024-01-16-18-59-59.99      388175.434460966964       15344.006743180589       77592.715115755986         -97.854402033378         874.523104592231         415.703256968981           1.054574002023          -0.010586802576           0.195885395930
2024-01-16-20-00-00.00      387805.057042939065       18494.099605039974       79081.248596309248        -107.909922626500         875.519250100987         411.253476193790           1.054400893517          -0.012007037992           0.195298934972
2024-01-16-21-00-00.00      387398.489341157256       21647.679217742512       80553.694370003737        -117.960174535192         876.460291099055         406.765549708782           1.054211006251          -0.013420869084           0.194666808967
2024-01-16-21-59-59.99      386955.749671922124       24804.548325822736       82009.914107225806        -128.005522365504         877.346853513816         402.238916949314           1.054004389689          -0.014827755426           0.193989016260
2024-01-16-23-00-00.00      386476.855006058235       27964.511963450725       83449.767435754446        -138.046349257829         878.179583680176         397.673003452622           1.053781096100          -0.016227155370           0.193265547723
2024-01-17-00-00-00.00      385961.820899305574       31127.377530762464       84873.111888206200        -148.083058512660         878.959150006239         393.067219498085           1.053541180557          -0.017618525357           0.192496386517
2024-01-17-00-59-59.99      385410.661416645104       34292.954876581643       86279.802844645048        -158.116075327246         879.686244763653         388.420958693049           1.053284700936          -0.019001319217           0.191681507829
2024-01-17-02-00-00.00      384823.389050162048       37461.056387734410       87669.693469911013        -168.145848657774         880.361586025223         383.733596509826           1.053011717858          -0.020374988528           0.190820878590
2024-01-17-03-00-00.00      384200.014629949117       40631.497085696894       89042.634645660437        -178.172853219634         880.985919746696         379.004488750572           1.052722294694          -0.021738981883           0.189914457172
2024-01-17-03-59-59.99      383540.547227551753       43804.094730900062       90398.474896609128        -188.197591645680         881.560022039413         374.232969966361           1.052416497577          -0.023092744129           0.188962193066
2024-01-17-05-00-00.00      382844.994051342481       46978.669935485290       91737.060310837682        -198.220596813393         882.084701594640         369.418351768861           1.052094395350          -0.024435716666           0.187964026528
2024-01-17-06-00-00.00      382113.360333074408       50155.046286093857       93058.234455141413        -208.242434366298         882.560802343677         364.559921076242           1.051756059582          -0.025767336642           0.186919888210
2024-01-17-06-59-59.99      381345.649205209222       53333.050474571617       94361.838281182107        -218.263705446403         882.989206303225         359.656938258031           1.051401564591          -0.027087036126           0.185829698752
2024-01-17-08-00-00.00      380541.861567762506       56512.512441418949       95647.710027512556        -228.285049662725         883.370836693344         354.708635176118           1.051030987396          -0.028394242320           0.184693368357
2024-01-17-09-00-00.00      379701.995944114926       59693.265529905329       96915.685112981868        -238.307148320317         883.706661306493         349.714213110106           1.050644407751          -0.029688376669           0.183510796325
2024-01-17-09-59-59.99      378826.048324662843       62875.146653046773       98165.596022730941        -248.330727939308         883.997696175496         344.672840560402           1.050241908174          -0.030968853932           0.182281870562
2024-01-17-11-00-00.00      377914.011997236521       66057.996474323270       99397.272185993177        -258.356564094344         884.245009555126         339.583650901909           1.049823573914          -0.032235082289           0.181006467045
2024-01-17-12-00-00.00      376965.877363058098       69241.659603396096      100610.539845223160        -268.385485614137         884.449726271617         334.445739901850           1.049389492990          -0.033486462339           0.179684449251
2024-01-17-12-59-59.99      375981.631736875046       72425.984808176479      101805.221915990202        -278.418379178832         884.613032453651         329.258163056396           1.048939756244          -0.034722386033           0.178315667555
2024-01-17-14-00-00.00      374961.259129759273       75610.825244664360      102981.137836929949        -288.456194365321         884.736180705732         324.019932756800           1.048474457310          -0.035942236651           0.176899958559
2024-01-17-15-00-00.00      373904.740012856957       78796.038706284235      104138.103409156465        -298.499949190554         884.820495753800         318.730015240947           1.047993692676          -0.037145387631           0.175437144397
2024-01-17-15-59-59.99      372812.051060195139       81981.487894486752      105275.930624310815        -308.550736216186         884.867380634232         313.387327338300           1.047497561745          -0.038331201346           0.173927031977
2024-01-17-17-00-00.00      371683.164868400607       85167.040712695336      106394.427480481463        -318.609729279846         884.878323471559         307.990732962751           1.046986166825          -0.039499028878           0.172369412158
2024-01-17-18-00-00.00      370518.049650947272       88352.570585795474      107493.397784984496        -328.678190932260         884.854904924329         302.539039348601           1.046459613202          -0.040648208649           0.170764058876
2024-01-17-18-59-59.99      369316.668904229591       91537.956807748953      108572.640943087797        -338.757480665803         884.798806366326         297.030992984271           1.045918009226          -0.041778064964           0.169110728202
2024-01-17-20-00-00.00      368078.981042431376       94723.084920162568      109631.951731600537        -348.849064037857         884.711818907881         291.465275246188           1.045361466313          -0.042887907529           0.167409157312
2024-01-17-21-00-00.00      366804.938997781719       97907.847124931810      110671.120056046129        -358.954522799629         884.595853337653         285.840497664760           1.044790099039          -0.043977029798           0.165659063394
2024-01-17-21-59-59.99      365494.489782341407      101092.142734512439      111689.930690103487        -369.075566165919         884.452951117367         280.155196823740           1.044204025252          -0.045044707209           0.163860142457
2024-01-17-23-00-00.00      364147.574006930634      104275.878663908108      112688.162996037805        -379.214043374886         884.285296547437         274.407828824951           1.043603366089          -0.046090196344           0.162012068036
2024-01-18-00-00-00.00      362764.125352263683      107458.969968756384      113665.590624341989        -389.371957717287         884.095230269281         268.596763316726           1.042988246100          -0.047112732890           0.160114489808
2024-01-18-00-59-59.99      361344.069986640417      110641.340434655416      114621.981190936553        -399.551482234553         883.885264258441         262.720276993367           1.042358793382          -0.048111529437           0.158167032076
2024-01-18-02-00-00.00      359887.325923759199      113822.923223495018      115557.095930062816        -409.754977326738         883.658098526234         256.776546559053           1.041715139627          -0.049085774156           0.156169292127
2024-01-18-03-00-00.00      358393.802313301829      117003.661583305366      116470.689320743026        -419.985010544228         883.416639751607         250.763641078612           1.041057420272          -0.050034628207           0.154120838451
2024-01-18-03-59-59.99      356863.398655860219      120183.509629053049      117362.508684509419        -430.244378886646         883.164022115593         244.679513665682           1.040385774670          -0.050957222930           0.152021208804
2024-01-18-05-00-00.00      355296.003932516556      123362.433202873537      118232.293751930702        -440.536133987435         882.903630652937         238.521992451069           1.039700346166          -0.051852657824           0.149869908087
2024-01-18-06-00-00.00      353691.495637905726      126540.410823449245      119079.776195337618        -450.863610626469         882.639127477823         232.288770723332           1.039001282290          -0.052719997176           0.147666406043
2024-01-18-06-59-59.99      352049.738703874988      129717.434735572620      119904.679124160684        -461.230459099658         882.374481331880         225.977396265792           1.038288734965          -0.053558266373           0.145410134734
2024-01-18-08-00-00.00      350370.584298752772      132893.512072842714      120706.716540653011        -471.640682059085         882.114000928252         219.585259658364           1.037562860627          -0.054366448869           0.143100485779
2024-01-18-09-00-00.00      348653.868484857667      136068.666148092103      121485.592751350603        -482.098676568695         881.862372717402         213.109581638039           1.036823820465          -0.055143481680           0.140736807327
2024-01-18-09-59-59.99      346899.410713927879      139242.937888755900      122241.001731191325        -492.609282248590         881.624703748665         206.547399279367           1.036071780684          -0.055888250387           0.138318400732
2024-01-18-11-00-00.00      345107.012136717327      142416.387436956895      122972.626435696176        -503.177836566317         881.406570480511         199.895551028997           1.035306912676          -0.056599584613           0.135844516896
2024-01-18-12-00-00.00      343276.453698815370      145589.095937468199      123680.138057059201        -513.810238540139         881.214074519281         193.150660418269           1.034529393324          -0.057276251807           0.133314352235
2024-01-18-12-59-59.99      341407.493989738694      148761.167540562310      124363.195219124565        -524.513022388403         881.053906483743         186.309118444358           1.033739405329          -0.057916950277           0.130727044231
2024-01-18-14-00-00.00      339499.866806249192      151932.731651497714      125021.443106430321        -535.293442984713         880.933419421813         179.367064542574           1.032937137459          -0.058520302382           0.128081666500
2024-01-18-15-00-00.00      337553.278383447148      155103.945464040444      125654.512522141988        -546.159575388585         880.860713504558         172.320366098601           1.032122784930          -0.059084845671           0.125377223340
2024-01-18-15-59-59.99      335567.404238133924      158274.996822261572      126262.018869648717        -557.120431235204         880.844734094029         165.164596515964           1.031296549825          -0.059609022845           0.122612643663
2024-01-18-17-00-00.00      333541.885557791975      161446.107463203487      126843.561052702469        -568.186095414648         880.895385739371         157.895011923258           1.030458641438          -0.060091171341           0.119786774242
2024-01-18-18-00-00.00      331476.325054759916      164617.536703202146      127398.720289418459        -579.367887292335         881.023665230386         150.506526695702           1.029609276767          -0.060529510253           0.116898372191
2024-01-18-18-59-59.99      329370.282188070472      167789.585643165017      127927.058836528042        -590.678551777314         881.241817570407         142.993688056530           1.028748681050          -0.060922125307           0.113946096539
2024-01-18-20-00-00.00      327223.267633975192      170962.601983612491      128428.118621341200        -602.132486889112         881.563519645181         135.350650382258           1.027877088248          -0.061266952550           0.110928498808
2024-01-18-21-00-00.00      325034.736859211524      174136.985559535562      128901.419781720251        -613.746016233834         882.004097550504         127.571149996430           1.026994741687          -0.061561758240           0.107844012424
2024-01-18-21-59-59.99      322804.082616907952      177313.194729132811      129346.459118374711        -625.537717088123         882.580785059124         119.648481796814           1.026101894761          -0.061804115419           0.104690940805
2024-01-18-23-00-00.00      320530.626141248969      180491.753780912986      129762.708469034478        -637.528817797817         883.313032662887         111.575479765066           1.025198811609          -0.061991377478           0.101467443927
2024-01-19-00-00-00.00      318213.606760866183      183673.261561965453      130149.613023752769        -649.743682206477         884.222879198060         103.344504394826           1.024285767966          -0.062120645804           0.098171523146
2024-01-19-00-59-59.99      315852.169578015979      186858.401579152589      130506.589614191544        -662.210404198541         885.335401440424          94.947441585419           1.023363052124          -0.062188731428           0.094801004010
2024-01-19-02-00-00.00      313445.350764971285      190047.953888208838      130833.025029186872        -674.961542686803         886.679261509437          86.375719885430           1.022430965875          -0.062192110290           0.091353516766
2024-01-19-03-00-00.00      310992.059903085639      193242.809167208994      131128.274440194742        -688.035037333389         888.287377947597          77.620356205251           1.021489825702          -0.062126868271           0.087826474232
2024-01-19-03-59-59.99      308491.058621470933      196443.985477950424      131391.660064618191        -701.475358955573         890.197754336192          68.672045561662           1.020539964108          -0.061988634699           0.084217046640
2024-01-19-05-00-00.00      305940.934565550997      199652.648359299230      131622.470264684671        -715.334967854336         892.454510432912          59.521317821028           1.019581731015          -0.061772502267           0.080522133056
2024-01-19-06-00-00.00      303340.069415895268      202870.135084453475      131819.959381985624        -729.676180382148         895.109175810755          50.158797042383           1.018615495487          -0.061472927313           0.076738328946
2024-01-19-06-59-59.99      300686.599250842002      206097.984165538772      131983.348768099677        -744.573583160187         898.222327097219          40.575617693839           1.017641647708          -0.061083606089           0.072861889496
2024-01-19-08-00-00.00      297978.364948693372      209337.971531054907      132111.829717033106        -760.117191087377         901.865679304777          30.764082511644           1.016660601191          -0.060597320695           0.068888688375
2024-01-19-09-00-00.00      295212.849478091812      212592.155270155548      132204.569391253957        -776.416629315517         906.124783576740          20.718695416762           1.015672795519          -0.060005742695           0.064814171909
2024-01-19-09-59-59.99      292387.097705129010      215862.931487052847      132260.721446000971        -793.606745408673         911.102543200289          10.437783612274           1.014678699671          -0.059299181467           0.060633309138
2024-01-19-11-00-00.00      289497.612561303773      219153.104716571688      132279.444049204321        -811.855250870556         916.923845777298          -0.073942349814           1.013678816033          -0.058466258629           0.056340539251
2024-01-19-12-00-00.00      286540.218759332667      222465.977634343813      132259.929628666257        -831.373291378326         923.741733582444         -10.801309741365           1.012673685685          -0.057493478287           0.051929719918
2024-01-19-12-59-59.99      283509.881215399655      225805.466618215927      132201.453432778973        -852.430321813287         931.745713962369         -21.712097741751           1.011663895443          -0.056364652798           0.047394083806
2024-01-19-14-00-00.00      280400.459107257717      229176.252319201943      132103.452744399605        -875.375433536838         941.173068073416         -32.746217721089           1.010650087570          -0.055060123395           0.042726217848
2024-01-19-15-00-00.00      277204.366667906812      232583.978096621082      131965.657019622042        -900.668555202279         952.324370278533         -43.797556144351           1.009632974221          -0.053555679844           0.037918093993
2024-01-19-15-59-59.99      273912.095983235515      236035.514313753607      131788.304650118138        -928.927087583502         965.584872311442         -54.682715985440           1.008613359907          -0.051821034027           0.032961208139
2024-01-19-17-00-00.00      270511.531075487786      239539.313218034367      131572.511267639522        -960.997171363528         981.453801738706         -65.085557685192           1.007592178604          -0.049817615720           0.027846941038
2024-01-19-18-00-00.00      266986.939278020116      243105.886442191229      131320.912026221427        -998.064966373477        1000.583378185406         -74.455291140562           1.006570559373          -0.047495310061           0.022567375151
2024-01-19-18-59-59.99      263317.453710316564      246748.439624426479      131038.818414389636       -1041.833438554967        1023.826275642763         -81.811532559333           1.005549949955          -0.044787511386           0.017117064972
2024-01-19-20-00-00.00      259474.744037734228      250483.674998741248      130736.383826541918       -1094.804385269339        1052.276616062109         -85.354293653098           1.004532365766          -0.041603455648           0.011496862829
2024-01-19-21-00-00.00      255419.409642876766      254332.645653058833      130432.840967461409       -1160.712798644018        1087.237770402615         -81.646316170193           1.003520928843          -0.037816172239           0.005722356285
2024-01-19-21-59-59.99      251095.541566894419      258321.034402546065      130165.187133311178       -1245.086343625972        1129.859890038488         -63.829242862013           1.002521123004          -0.033243869816          -0.000156881549
2024-01-19-23-00-00.00      246423.714633258322      262476.321087170043      130006.642333940938       -1355.346625421233        1179.502051887172         -17.721919680529           1.001543930087          -0.027624534415          -0.006011827171
2024-01-20-00-00-00.00      241298.664641631098      266812.592827907531      130105.206718103203       -1497.002553877281        1227.656931931623          85.485501899713           1.000613996363          -0.020601210750          -0.011526708694
2024-01-20-00-59-59.99      235625.401993281965      271275.749030690931      130746.505838679732       -1652.706365687211        1241.132299925298         291.626117044173           0.999789181545          -0.011822325375          -0.015984215090
2024-01-20-02-00-00.00      229482.321520119207      275625.704836077872      132342.437414133397       -1737.738137076496        1153.978109848936         605.659932123471           0.999185553062          -0.001452423457          -0.018134803899
2024-01-20-03-00-00.00      223311.206131026644      279454.594520850165      135064.224929827964       -1666.196759934205         964.201103603036         884.973292880318           0.998930000873           0.009163113700          -0.017050742395
2024-01-20-03-59-59.99      217583.974545484962      282576.993281283649      138525.323016295908       -1512.414743500857         778.568908356892        1013.965867372863           0.999026838019           0.018474208526          -0.013361468833
2024-01-20-05-00-00.00      212402.326913795318      285129.825197225320      142239.982754111290       -1371.917934320956         648.830608046103        1038.560522413416           0.999380248654           0.026065477388          -0.008348788841
2024-01-20-06-00-00.00      207663.030812453915      287302.989336467173      145953.105400035478       -1266.626407516998         564.423489904967        1020.376851233660           0.999901191083           0.032207038309          -0.002842701765
2024-01-20-06-59-59.99      203247.810375274450      289226.910602123186      149570.796108395909       -1190.330152520134         507.951715538418         988.383128939913           1.000533326248           0.037248752373           0.002770824261
2024-01-20-08-00-00.00      199068.336289793457      290980.039728884702      153066.191681371070       -1134.387495885359         468.137544868910         953.452653335983           1.001242834276           0.041460984418           0.008326715334
2024-01-20-09-00-00.00      195063.493757580756      292609.649237066275      156436.798743674794       -1092.455463756627         438.534914649220         919.397832971100           1.002008595413           0.045034426067           0.013756557419
2024-01-20-09-59-59.99      191190.951018194639      294145.254493328684      159688.386103694589       -1060.325335078461         415.449659510749         887.422780914435           1.002816645379           0.048103051684           0.019034273977
2024-01-20-11-00-00.00      187420.750956490752      295606.047099522490      162829.040965149848       -1035.225178764945         396.691478311815         857.769304022754           1.003657239254           0.050762841815           0.024152776564
2024-01-20-12-00-00.00      183731.147344984405      297004.985400773003      165866.989030242752       -1015.295873327192         380.909105470259         830.332588943436           1.004523255299           0.053084288436           0.029113584515
2024-01-20-12-59-59.99      180105.964462260948      298351.113315786235      168809.837749501603        -999.258995491213         367.236696361535         804.897207593348           1.005409285354           0.055120450495           0.033922024637
2024-01-20-14-00-00.00      176532.903687176382      299650.925665730145      171664.367850982642        -986.212688127363         355.100223724354         781.228151566947           1.006311090486           0.056912174600           0.038584941556
2024-01-20-15-00-00.00      173002.433124381962      300909.202907594678      174436.534006639675        -975.505271474393         344.107544621169         759.104595462937           1.007225260094           0.058491546104           0.043109588009
2024-01-20-15-59-59.99      169507.041312146728      302129.539490472700      177131.539337434282        -966.655430865370         333.983652033732         738.330596094409           1.008148989636           0.059884223192           0.047503090271
2024-01-20-17-00-00.00      166040.723316615535      303314.688870185812      179753.929292277317        -959.300623202239         324.531211303164         718.736574150463           1.009079930465           0.061111051512           0.051772201562
2024-01-20-18-00-00.00      162598.618721204257      304466.795134167012      182307.683545714826        -953.162924425450         315.605745485860         700.177324744822           1.010016085153           0.062189207263           0.055923201964
2024-01-20-18-59-59.99      159176.751245888881      305587.552375609404      184796.298364731396        -948.025903084025         307.099586968989         682.528958251068           1.010955732516           0.063133022519           0.059961872949
2024-01-20-20-00-00.00      155771.837880981358      306678.316778315406      187222.857628399797        -943.718624980646         298.931232958652         665.685752991579           1.011897372601           0.063954591300           0.063893509164
2024-01-20-21-00-00.00      152381.146550490346      307740.186995054246      189590.092966564931        -940.104371855789         291.038123069744         649.557290743219           1.012839685452           0.064664223658           0.067722947791
2024-01-20-21-59-59.99      149002.388297990547      308774.062801941414      191900.434279522218        -937.072540893281         283.371637672228         634.065983530703           1.013781499604           0.065270790585           0.071454605033
2024-01-20-23-00-00.00      145633.634457392967      309780.688575042412      194156.052067631943        -934.532731959367         275.893569616654         619.144992126786           1.014721767634           0.065781988727           0.075092514245
2024-01-21-00-00-00.00      142273.252193451219      310760.685974085180      196358.892914513242        -932.410366313082         268.573593387383         604.736495744255           1.015659546863           0.066204547650           0.078640362922
2024-01-21-00-59-59.99      138919.853745018219      311714.578827693127      198510.709296201356        -930.643395030696         261.387421947531         590.790261485408           1.016593983930           0.066544393433           0.082101527212
2024-01-21-02-00-00.00      135572.256026128132      312642.812301071419      200613.084704329871        -929.179794574825         254.315445685914         577.262463470754           1.017524302332           0.066806778212           0.085479103405
2024-01-21-03-00-00.00      132229.448152736964      313545.767816141073      202667.454898775381        -927.975638889000         247.341714646041         564.114706946641           1.018449792217           0.066996385329           0.088775936316
2024-01-21-03-59-59.99      128890.565102459383      314423.774776956125      204675.125960720237        -926.993599248880         240.453168471449         551.313220352488           1.019369801945           0.067117414820           0.091994644657
2024-01-21-05-00-00.00      125554.866169811430      315277.119866167894      206637.289690262580        -926.201765257606         233.639047636554         538.828183925091           1.020283731071           0.067173652532           0.095137643621
2024-01-21-06-00-00.00      122221.717207262554      316106.054474980920      208555.036795393156        -925.572709649395         226.890438773528         526.633169981017           1.021191024435           0.067168528038           0.098207164941
2024-01-21-06-59-59.99      118890.575881802724      316910.800685645314      210429.368235178001        -925.082740093899         220.199920393395         514.704674314193           1.022091167143           0.067105162845           0.101205274693
2024-01-21-08-00-00.00      115560.979353509887      317691.556121235073      212261.205015340354        -924.711295797381         213.561284460473         503.021722413970           1.022983680314           0.066986409811           0.104133889091
2024-01-21-09-00-00.00      112232.533914431551      318448.497902103816      214051.396679972211        -924.440457254293         206.969315915274         491.565537041868           1.023868117406           0.066814887219           0.106994788509
2024-01-21-09-59-59.99      108904.906225701096      319181.785892204149      215800.728701069864        -924.254545128658         200.419616767942         480.319256602677           1.024744061042           0.066593007676           0.109789629959
2024-01-21-11-00-00.00      105577.815866426419      319891.565377127030      217509.928931981354        -924.139789925225         193.908464832626         469.267695492753           1.025611120275           0.066323001806           0.112519958189
2024-01-21-12-00-00.00      102251.028966114449      320577.969284311985      219179.673262932920        -924.084058284588         187.432699555668         458.397139398500           1.026468928180           0.066006939399           0.115187215585
2024-01-21-12-59-59.99       98924.352737422902      321241.120032171370      220810.590593744972        -924.076624886534         180.989629195597         447.695169786128           1.027317139739           0.065646747646           0.117792751016
2024-01-21-14-00-00.00       95597.630761255714      321881.131076666410      222403.267220167618        -924.107981321658         174.576954936697         437.150512887713           1.028155430007           0.065244225968           0.120337827747
2024-01-21-15-00-00.00       92270.738903747711      322498.108210034319      223958.250714468944        -924.169675135608         168.192708547737         426.752909245752           1.028983492459           0.064801059761           0.122823630542
2024-01-21-15-59-59.99       88943.581766766001      323092.150655272824      225476.053368785826        -924.254173609552         161.835200897367         416.493000693035           1.029801037528           0.064318832405           0.125251272035
2024-01-21-17-00-00.00       85616.089590829739      323663.351991714968      226957.155258704908        -924.354747968040         155.502979265210         406.362232054060           1.030607791325           0.063799034846           0.127621798471
2024-01-21-18-00-00.00       82288.215543543047      324211.800940125424      228402.006976360630        -924.465374499572         149.194791768353         396.352765447550           1.031403494467           0.063243074880           0.129936194881
2024-01-21-18-59-59.99       78959.933337751907      324737.582030649821      229811.032074615621        -924.580649804822         142.909557629309         386.457405266566           1.032187901036           0.062652285375           0.132195389757
2024-01-21-20-00-00.00       75631.235133006645      325240.776172522863      231184.629258333211        -924.695717840534         136.646342203137         376.669532388468           1.032960777651           0.062027930600           0.134400259281
2024-01-21-21-00-00.00       72302.129681210368      325721.461141242995      232523.174353230745        -924.806206912978         130.404335952166         366.983046252979           1.033721902622           0.061371212723           0.136551631161
2024-01-21-21-59-59.99       68972.640683617225      326179.711996055499      233827.022078883427        -924.908175048410         124.182836664776         357.392313781217           1.034471065177           0.060683277633           0.138650288119
2024-01-21-23-00-00.00       65642.805331307536      326615.601438468089      235096.507648629777        -924.998062489558         117.981234387285         347.892124167975           1.035208064790           0.059965219180           0.140696971049
2024-01-22-00-00-00.00       62312.673005458288      327029.200120719266      236331.948216113116        -925.072650255912         111.798998615280         338.477648778707           1.035932710535           0.059218083875           0.142692381913
2024-01-22-00-59-59.99       58982.304117358071      327420.576911550248      237533.644185842102        -925.129023854089         105.635667355678         329.144405537409           1.036644820522           0.058442875132           0.144637186372
2024-01-22-02-00-00.00       55651.769070671733      327789.799125679594      238701.880402354873        -925.164541463365          99.490837800565         319.888227134383           1.037344221373           0.057640556139           0.146532016189
2024-01-22-03-00-00.00       52321.147331417240      328136.932722023630      239836.927231538662        -925.176805903612          93.364158313974         310.705232685741           1.038030747749           0.056812053348           0.148377471438
2024-01-22-03-59-59.99       48990.526592575530      328462.042475296883      240939.041545077256        -925.163639931251          87.255321569595         301.591802319544           1.038704241904           0.055958259663           0.150174122519
2024-01-22-05-00-00.00       45660.002022572633      328765.192124558671      242008.467618502531        -925.123064357143          81.164058627813         292.544554422891           1.039364553294           0.055080036373           0.151922512010
2024-01-22-06-00-00.00       42329.675587800462      329046.444502047612      243045.437951324362        -925.053278663169          75.090133840414         283.560325162080           1.040011538205           0.054178215823           0.153623156370
2024-01-22-06-59-59.99       38999.655441081115      329305.861644875724      244050.174017353798        -924.952643766654          69.033340443513         274.636150051505           1.040645059405           0.053253603864           0.155276547505
2024-01-22-08-00-00.00       35670.055368609159      329543.504892010475      245022.886951848515        -924.819666673756          62.993496746776         265.769247315032           1.041264985850           0.052306981146           0.156883154209
2024-01-22-09-00-00.00       32340.994289201019      329759.434968428570      245963.778181799076        -924.652986772361          56.970442825668         256.957002855209           1.041871192378           0.051339105205           0.158443423494
2024-01-22-09-59-59.99       29012.595800154751      329953.712058200850      246873.040004622890        -924.451363583477          50.964037654931         248.196956627527           1.042463559450           0.050350712406           0.159957781817
2024-01-22-11-00-00.00       25684.987764906276      330126.395867931133      247750.856120166834        -924.213665778672          44.974156613502         239.486790285834           1.043041972905           0.049342518766           0.161426636212
2024-01-22-12-00-00.00       22358.301938137567      330277.545681817341      248597.402120279090        -923.938861327225          39.000689315278         230.824315947266           1.043606323728           0.048315221639           0.162850375340
2024-01-22-12-59-59.99       19032.673624535746      330407.220409415429      249412.845939783845        -923.626008633255          33.043537717844         222.207465966846           1.044156507835           0.047269501283           0.164229370459
2024-01-22-14-00-00.00       15708.241367861698      330515.478627036267      250197.348272309522        -923.274248554324          27.102614473456         213.634283611614           1.044692425883           0.046206021356           0.165563976324
2024-01-22-15-00-00.00       12385.146667234923      330602.378613614535      250951.062953960005        -922.882797199770          21.177841489651         205.102914543058           1.045213983084           0.045125430297           0.166854532014
2024-01-22-15-59-59.99        9063.533718230101      330667.978381687950      251674.137317776971        -922.450939431342          15.269148673383         196.611599020004           1.045721089028           0.044028362626           0.168101361715
2024-01-22-17-00-00.00        5743.549176054699      330712.335704195255      252366.712521185604        -921.978022974946           9.376472831754         188.158664759180           1.046213657537           0.042915439198           0.169304775427
2024-01-22-18-00-00.00        2425.341939041582      330735.508137536701      253028.923848914594        -921.463453090976           3.499756711525         179.742520379080           1.046691606504           0.041787268362           0.170465069637
2024-01-22-18-59-59.99        -890.937049696282      330737.553041423031      253660.900993199495        -920.906687735637          -2.361051841975         171.361649374656           1.047154857762           0.040644447063           0.171582527935
2024-01-22-20-00-00.00       -4205.134983837866      330718.527595856634      254262.768313277484        -920.307233172523          -8.206000620636         163.014604565144           1.047603336955           0.039487560910           0.172657421591
2024-01-22-21-00-00.00       -7517.097360542873      330678.488815666817      254834.645075562148        -919.664639970822         -14.035133700237         154.700002979501           1.048036973414           0.038317185178           0.173690010086
2024-01-22-21-59-59.99      -10826.668133284276      330617.493562841788      255376.645676188724        -918.978499378937         -19.848492004605         146.416521120132           1.048455700047           0.037133885755           0.174680541617
2024-01-22-23-00-00.00      -14133.689852190366      330535.598556955345      255888.879847164761        -918.248440010143         -25.646113803226         138.162890587039           1.048859453231           0.035938219081           0.175629253553
2024-01-23-00-00-00.00      -17438.003793102391      330432.860383929452      256371.452847289358        -917.474124820628         -31.428035147650         129.937894020090           1.049248172716           0.034730733014           0.176536372867
2024-01-23-00-59-59.99      -20739.450076185647      330309.335503314913      256824.465639022324        -916.655248350491         -37.194290255193         121.740361331687           1.049621801530           0.033511967677           0.177402116539
2024-01-23-02-00-00.00      -24037.867774975195      330165.080254267610      257248.015052312665        -915.791534227535         -42.944911843474         113.569166189707           1.049980285893           0.032282455283           0.178226691927
2024-01-23-03-00-00.00      -27333.095016942174      330000.150860408088      257642.193936141994        -914.882732854608         -48.679931428995         105.423222758427           1.050323575135           0.031042720919           0.179010297110
2024-01-23-03-59-59.99      -30624.969076021443      329814.603433663084      258007.091298770625        -913.928619318284         -54.399379587261          97.301482643193           1.050651621622           0.029793283292           0.179753121214
2024-01-23-05-00-00.00      -33913.326458007752      329608.493977233826      258342.792437312775        -912.928991467455         -60.103286183118          89.202932037353           1.050964380679           0.028534654489           0.180455344709
2024-01-23-06-00-00.00      -37198.002979275225      329381.878387772013      258649.379057402257        -911.883668165221         -65.791680573700          81.126589043605           1.051261810526           0.027267340680           0.181117139683
2024-01-23-06-59-59.99      -40478.833839468542      329134.812456900312      258926.929383484152        -910.792487681894         -71.464591789424          73.071501161941           1.051543872218           0.025991842806           0.181738670102
2024-01-23-08-00-00.00      -43755.653688747429      328867.351872059633      259175.518260351935        -909.655306229826         -77.122048693968          65.036742921287           1.051810529578           0.024708656271           0.182320092046
2024-01-23-09-00-00.00      -47028.296689907722      328579.552216871176      259395.217246374901        -908.471996619969         -82.764080128464          57.021413646020           1.052061749142           0.023418271597           0.182861553926
2024-01-23-09-59-59.99      -50296.596575879805      328271.468970970192      259586.094698938308        -907.242447042205         -88.390715040959          49.024635338633           1.052297500118           0.022121175056           0.183363196691
2024-01-23-11-00-00.00      -53560.386703050448      327943.157509408484      259748.215852436639        -905.966559940028         -94.001982604466          41.045550675140           1.052517754319           0.020817848323           0.183825154006
2024-01-23-12-00-00.00      -56819.500100761928      327594.673101647059      259881.642889212817        -904.644251004666         -99.597912324998          33.083321089217           1.052722486127           0.019508769083           0.184247552428
2024-01-23-12-59-59.99      -60073.769517209046      327226.070910173352      259986.435003818187        -903.275448229666        -105.178534142376          25.137124955899           1.052911672453           0.018194411628           0.184630511561
2024-01-23-14-00-00.00      -63323.027462339669      326837.405988768791      260062.648460777389        -901.860091091674        -110.743878524577          17.206155837274           1.053085292684           0.016875246478           0.184974144192
2024-01-23-15-00-00.00      -66567.106247641728      326428.733280443586      260110.336646286742        -900.398129766932        -116.293976557698           9.289620814624           1.053243328651           0.015551740954           0.185278556422
2024-01-23-15-59-59.99      -69805.838023513570      326000.107615054178      260129.550113918609        -898.889524461087        -121.828860033044           1.386738867901           1.053385764601           0.014224359747           0.185543847782
2024-01-23-17-00-00.00      -73039.054814157324      325551.583706612932      260120.336624660267        -897.334244774048        -127.348561531437          -6.503260678824           1.053512587146           0.012893564513           0.185770111328
2024-01-23-18-00-00.00      -76266.588550446526      325083.216150291788      260082.741181396268        -895.732269162815        -132.853114508425         -14.381139675303           1.053623785240           0.011559814427           0.185957433738
2024-01-23-18-59-59.99      -79488.271100875048      324595.059419122350      260016.806058030314        -894.083584436493        -138.342553378519         -22.247652614380           1.053719350158           0.010223566733           0.186105895385
2024-01-23-20-00-00.00      -82703.934300820591      324087.167860387824      259922.570823370683        -892.388185324607        -143.816913602421         -30.103548072726           1.053799275451           0.008885276317           0.186215570403
2024-01-23-21-00-00.00      -85913.409980387863      323559.595691692375      259800.072359870392        -890.646074102151        -149.276231777892         -37.949570125326           1.053863556931           0.007545396251           0.186286526743
2024-01-23-21-59-59.99      -89116.529990920579      323012.396996704279      259649.344877330353        -888.857260248769        -154.720545733268         -45.786459735692           1.053912192649           0.006204378322           0.186318826216
2024-01-23-23-00-00.00      -92313.126230458263      322445.625720540877      259470.419921608554        -887.021760181899        -160.149894629542         -53.614956137523           1.053945182863           0.004862672607           0.186312524526
2024-01-24-00-00-00.00      -95503.030668255669      321859.335664783895      259263.326378382568        -885.139597018176        -165.564319067112         -61.435798203926           1.053962530022           0.003520727999           0.186267671289
2024-01-24-00-59-59.99      -98686.075368584818      321253.580482087040      259028.090471979231        -883.210800397033        -170.963861202896         -69.249725817213           1.053964238754           0.002178992734           0.186184310052
2024-01-24-02-00-00.00     -101862.092513940428      320628.413670351321      258764.735759277770        -881.235406340677        -176.348564875654         -77.057481239872           1.053950315837           0.000837913958           0.186062478281
2024-01-24-03-00-00.00     -105030.914427844182      319983.888566427573      258473.283118659310        -879.213457164360        -181.718475742840         -84.859810494994           1.053920770185          -0.000502061745           0.185902207362
2024-01-24-03-59-59.99     -108192.373597404279      319320.058339304989      258153.750733963912        -877.145001430315        -187.073641429344         -92.657464760603           1.053875612848          -0.001840487829           0.185703522575
2024-01-24-05-00-00.00     -111346.302695788967      318636.975982740405      257806.154073394195        -875.030093944929        -192.414111689390        -100.451201783723           1.053814856977          -0.003176918216           0.185466443063
2024-01-24-06-00-00.00     -114492.534604761458      317934.694307280704      257430.505863284081        -872.868795802505        -197.739938583860        -108.241787320436           1.053738517822          -0.004510906763           0.185190981787
2024-01-24-06-59-59.99     -117630.902437475015      317213.265931611939      257026.816056625976        -870.661174468545        -203.051176672904        -116.029996607835           1.053646612736          -0.005842006738           0.184877145478
2024-01-24-08-00-00.00     -120761.239561608294      316472.743273192085      256595.091796233755        -868.407303914926        -208.347883228795        -123.816615874886           1.053539161142          -0.007169771235           0.184524934567
2024-01-24-09-00-00.00     -123883.379623108616      315713.178538072330      256135.337372384616        -866.107264794570        -213.630118467542        -131.602443898725           1.053416184536          -0.008493752635           0.184134343108
2024-01-24-09-59-59.99     -126997.156570609164      314934.623709855077      255647.554174765275        -863.761144660095        -218.897945802318        -139.388293613843           1.053277706496          -0.009813502069           0.183705358698
2024-01-24-11-00-00.00     -130102.404680803098      314137.130537667661      255131.740638522489        -861.369038236484        -224.151432123207        -147.174993782302           1.053123752652          -0.011128569818           0.183237962365
2024-01-24-12-00-00.00     -133198.958584719803      313320.750523137278      254587.892184171127        -858.931047743268        -229.390648105219        -154.963390731410           1.052954350695          -0.012438504759           0.182732128462
2024-01-24-12-59-59.99     -136286.653295438533      312485.534906141227      254016.001151120785        -856.447283262976        -234.615668544164        -162.754350169225           1.052769530390          -0.013742853806           0.182187824542
2024-01-24-14-00-00.00     -139365.324237108231      311631.534649328387      253416.056724507420        -853.917863170266        -239.826572728359        -170.548759084804           1.052569323551          -0.015041162291           0.181605011215
2024-01-24-15-00-00.00     -142434.807275712956      310758.800421200518      252788.044855029497        -851.342914607592        -245.023444842716        -178.347527744654           1.052353764054          -0.016332973383           0.180983641995
2024-01-24-15-59-59.99     -145494.938751497859      309867.382577731682      252131.948171386670        -848.722574047917        -250.206374423178        -186.151591790733           1.052122887855          -0.017617827505           0.180323663136
2024-01-24-17-00-00.00     -148545.555513714353      308957.331142201787      251447.745884987555        -846.056987888423        -255.375456842508        -193.961914458067           1.051876732968          -0.018895262679           0.179625013444
2024-01-24-18-00-00.00     -151586.494957528426      308028.695783234551      250735.413686434564        -843.346313136721        -260.530793853677        -201.779488917020           1.051615339486          -0.020164813915           0.178887624077
2024-01-24-18-59-59.99     -154617.595063547400      307081.525790776068      249994.923633330065        -840.590718163704        -265.672494184318        -209.605340756665           1.051338749606          -0.021426012591           0.178111418334
2024-01-24-20-00-00.00     -157638.694440201187      306115.870049828372      249226.244028869463        -837.790383534336        -270.800674189980        -217.440530623137           1.051047007605          -0.022678386753           0.177296311414
2024-01-24-21-00-00.00     -160649.632369259198      305131.777011717495      248429.339290631877        -834.945502926207        -275.915458574162        -225.286157027993           1.050740159874          -0.023921460463           0.176442210169
2024-01-24-21-59-59.99     -163650.248854702804      304129.294662677567      247604.169808922365        -832.056284137437        -281.016981180454        -233.143359344251           1.050418254946          -0.025154753126           0.175549012824
2024-01-24-23-00-00.00     -166640.384676066315      303108.470489214698      246750.691794014827        -829.122950194100        -286.105385862982        -241.013321013090           1.050081343479          -0.026377779734           0.174616608689
2024-01-25-00-00-00.00     -169619.881444572937      302069.351440655417      245868.857111329533        -826.145740572456        -291.180827454496        -248.897272968636           1.049729478296          -0.027590050161           0.173644877834
2024-01-25-00-59-59.99     -172588.581665311591      301011.983887536626      244958.613103965501        -823.124912532201        -296.243472825660        -256.796497322728           1.049362714421          -0.028791068413           0.172633690757
2024-01-25-02-00-00.00     -175546.328803682438      299936.413576253923      244019.902401409461        -820.060742586201        -301.293502061292        -264.712331318524           1.048981109070          -0.029980332814           0.171582908008
2024-01-25-03-00-00.00     -178492.967357592250      298842.685579178797      243052.662713501224        -816.953528110618        -306.331109758413        -272.646171588018           1.048584721695          -0.031157335207           0.170492379800
2024-01-25-03-59-59.99     -181428.342935665190      297730.844239888014      242056.826608468982        -813.803589113010        -311.356506462914        -280.599478741350           1.048173614036          -0.032321560133           0.169361945583
2024-01-25-05-00-00.00     -184352.302342200186      296600.933112910308      241032.321273817011        -810.611270174985        -316.369920260677        -288.573782322065           1.047747850113          -0.033472484907           0.168191433589
2024-01-25-06-00-00.00     -187264.693669382803      295452.994897480996      239979.068258636747        -807.376942586883        -321.371598541770        -296.570686164995           1.047307496284          -0.034609578729           0.166980660337
2024-01-25-06-59-59.99     -190165.366397582751      294287.071364591713      238896.983195846580        -804.101006687084        -326.361809953481        -304.591874202741           1.046852621306          -0.035732301738           0.165729430117
2024-01-25-08-00-00.00     -193054.171504536294      293103.203276599641      237785.975502676913        -800.783894449268        -331.340846577660        -312.639116759279           1.046383296338          -0.036840104973           0.164437534415
2024-01-25-09-00-00.00     -195930.961584240693      291901.430298602674      236645.948057509144        -797.426072315249        -336.309026343229        -320.714277394817           1.045899595013          -0.037932429336           0.163104751307
2024-01-25-09-59-59.99     -198795.590976550360      290681.790900650725      235476.796851002087        -794.028044328549        -341.266695719790        -328.819320350047           1.045401593507          -0.039008704504           0.161730844806
2024-01-25-11-00-00.00     -201647.915908703406      289444.322249670513      234278.410609258950        -790.590355581534        -346.214232714679        -336.956318666697           1.044889370563          -0.040068348719           0.160315564158
2024-01-25-12-00-00.00     -204487.794649809715      288189.060090031300      233050.670386410959        -787.113596031133        -351.152050225186        -345.127463049573           1.044363007569          -0.041110767567           0.158858643080
2024-01-25-12-59-59.99     -207315.087679880031      286916.038611288648      231793.449123872881        -783.598404725010        -356.080599791284        -353.335071555310           1.043822588652          -0.042135352694           0.157359798947
2024-01-25-14-00-00.00     -210129.657874730066      285625.290301717701      230506.611173006590        -780.045474458670        -361.000375782749        -361.581600219404           1.043268200714          -0.043141481362           0.155818731908
2024-01-25-15-00-00.00     -212931.370708741277      284316.845785746758      229190.011777809850        -776.455556978131        -365.911920120717        -369.869654696219           1.042699933529          -0.044128514989           0.154235123935
2024-01-25-15-59-59.99     -215720.094477215491      282990.733643469110      227843.496513574530        -772.829468733947        -370.815827564801        -378.202003068017           1.042117879862          -0.045095797588           0.152608637799
2024-01-25-17-00-00.00     -218495.700540674763      281646.980209895934      226466.900677198399        -769.168097303190        -375.712751676264        -386.581589937200           1.041522135520          -0.046042655017           0.150938915957
2024-01-25-18-00-00.00     -221258.063593560742      280285.609351417574      225060.048624189687        -765.472408546626        -380.603411539721        -395.011551971518           1.040912799484          -0.046968393181           0.149225579351
2024-01-25-18-59-59.99     -224007.061960189429      278906.642216523760      223622.753046837985        -761.743454609323        -385.488599360905        -403.495235077598           1.040289974043          -0.047872296093           0.147468226110
2024-01-25-20-00-00.00     -226742.577921189833      277510.096957407077      222154.814187320269        -757.982382877711        -390.369189069001        -412.036213412019           1.039653764885          -0.048753624705           0.145666430135
2024-01-25-21-00-00.00     -229464.498074114352      276095.988418559951      220656.018978707405        -754.190446030614        -395.246146078984        -420.638310465952           1.039004281254          -0.049611614635           0.143819739572
2024-01-25-21-59-59.99     -232172.713732441945      274664.327787866408      219126.140105941216        -750.369013339886        -400.120538392912        -429.305622499353           1.038341636124          -0.050445473702           0.141927675149
2024-01-25-23-00-00.00     -234867.121367751504      273215.122205033142      217564.934977710654        -746.519583418639        -404.993549265585        -438.042544626528           1.037665946326          -0.051254380162           0.139989728362
2024-01-26-00-00-00.00     -237547.623100782686      271748.374321177136      215972.144599186402        -742.643798597920        -409.866491654636        -446.853799957578           1.036977332751          -0.052037479770           0.138005359502
2024-01-26-00-59-59.99     -240214.127247506549      270264.081802785571      214347.492333656468        -738.743461255412        -414.740824816943        -455.744472145747           1.036275920574          -0.052793882560           0.135973995509
2024-01-26-02-00-00.00     -242866.548927939381      268762.236771538563      212690.682540135691        -734.820552317544        -419.618173335313        -464.720041922620           1.035561839431          -0.053522660227           0.133895027614
2024-01-26-03-00-00.00     -245504.810746044415      267242.825170596130      211001.399071461114        -730.877252364078        -424.500349068218        -473.786428118006           1.034835223679          -0.054222842222           0.131767808768
2024-01-26-03-59-59.99     -248128.843550912483      265705.826045853435      209279.303615652374        -726.915965718179        -429.389376495314        -482.950033889525           1.034096212697          -0.054893411438           0.129591650823
2024-01-26-05-00-00.00     -250738.587290722120      264151.210729006329      207524.033860175172        -722.939348069211        -434.287522115648        -492.217798903206           1.033344951125          -0.055533300335           0.127365821433
2024-01-26-06-00-00.00     -253333.991973565833      262578.941906207765      205735.201456535520        -718.950338190686        -439.197328596176        -501.597258474146           1.032581589220          -0.056141385599           0.125089540650
2024-01-26-06-59-59.99     -255915.018750760850      260988.972554067470      203912.389757564175        -714.952194572349        -444.121654670713        -511.096610645064           1.031806283242          -0.056716482189           0.122761977177
2024-01-26-08-00-00.00     -258481.641142260982      259381.244719951414      202055.151297101082        -710.948537770985        -449.063721809380        -520.724792652421           1.031019195808          -0.057257337563           0.120382244223
2024-01-26-09-00-00.00     -261033.846426427684      257755.688120071427      200163.004975201708        -706.943399644470        -454.027169113278        -530.491568219629           1.030220496365          -0.057762624154           0.117949394930
2024-01-26-09-59-59.99     -263571.637221408891      256112.218522633804      198235.432906911068        -702.941280758558        -459.016118082761        -540.407627611025           1.029410361720          -0.058230930885           0.115462417303
2024-01-26-11-00-00.00     -266095.033290247957      254450.735877022904      196271.876884480967        -698.947217617534        -464.035249379439        -550.484702659559           1.028588976548          -0.058660754440           0.112920228583
2024-01-26-12-00-00.00     -268604.073608715495      252771.122141157306      194271.734394639905        -694.966861742667        -469.089894207892        -560.735699469971           1.027756534058          -0.059050488301           0.110321668983
2024-01-26-12-59-59.99     -271098.818742822274      251073.238748741598      192234.354121493263        -691.006573116909        -474.186143619584        -571.174852056261           1.026913236726          -0.059398410218           0.107665494718
2024-01-26-14-00-00.00     -273579.353593180655      249356.923644696013      190159.030852744938        -687.073531130151        -479.330979891538        -581.817900914630           1.026059297061          -0.059702668724           0.104950370203
2024-01-26-15-00-00.00     -276045.790576087253      247621.987800111121      188044.999691087316        -683.175866980273        -484.532435271718        -592.682301411652           1.025194938553          -0.059961266533           0.102174859335
2024-01-26-15-59-59.99     -278498.273327219533      245868.211096524785      185891.429452992219        -679.322822570318        -489.799784911580        -603.787467897020           1.024320396755          -0.060172041301           0.099337415701
2024-01-26-17-00-00.00     -280936.981034352910      244095.337441404525      183697.415113412222        -675.524942267422        -495.143782694162        -615.155061010239           1.023435920450          -0.060332644127           0.096436371568
2024-01-26-18-00-00.00     -283362.133531629108      242303.068940759811      181461.969125123927        -671.794305775699        -500.576951374332        -626.809327289055           1.022541773085          -0.060440513300           0.093469925492
2024-01-26-18-59-59.99     -285773.997321714531      240491.058907759143      179184.011404525983        -668.144812780572        -506.113941949678        -638.777502548056           1.021638234432          -0.060492843396           0.090436128309
2024-01-26-20-00-00.00     -288172.892736219568      238658.903424196818      176862.357729538606        -664.592533330073        -511.771982051165        -651.090293319801           1.020725602464          -0.060486549560           0.087332867301
2024-01-26-21-00-00.00     -290559.202502592234      236806.131089170813      174495.706237194099        -661.156142346515        -517.571439736019        -663.782454522973           1.019804195647          -0.060418223842           0.084157848253
2024-01-26-21-59-59.99     -292933.382062431134      234932.190478497243      172082.621635112737        -657.857462832197        -523.536538381919        -676.893486203234           1.018874355671          -0.060284082787           0.080908575104
2024-01-26-23-00-00.00     -295295.972088952200      233036.434688017587      169621.516647405515        -654.722150809200        -529.696271339701        -690.468478618161           1.017936450651          -0.060079904947           0.077582326839
2024-01-27-00-00-00.00     -297647.613790729432      231118.102127098828      167110.630096861743        -651.780567046298        -536.085583643797        -704.559142894469           1.016990879093          -0.059800953638           0.074176131275
2024-01-27-00-59-59.99     -299989.067779786361      229176.292441226571      164548.000872634380        -649.068897632616        -542.746914808949        -719.225075446921           1.016038074765          -0.059441882012           0.070686735353
2024-01-27-02-00-00.00     -302321.237547142082      227209.936037825188      161931.436835146567        -646.630610166210        -549.732236292720        -734.535317517772           1.015078512659          -0.058996616207           0.067110571594
2024-01-27-03-00-00.00     -304645.198962141003      225217.755109864695      159258.477459309972        -644.518368393573        -557.105775733383        -750.570289514321           1.014112716585          -0.058458207882           0.063443720478
2024-01-27-03-59-59.99     -306962.237744447659      223198.213211342052      156526.348691245512        -642.796582038474        -564.947709283873        -767.424201484657           1.013141268865          -0.057818647524           0.059681868746
2024-01-27-05-00-00.00     -309273.897630414343      221149.449196605274      153731.908081632311        -641.544850172498        -573.359240908074        -785.208068309020           1.012164822834          -0.057068626196           0.055820264118
2024-01-27-06-00-00.00     -311582.043095920817      219069.189466889133      150871.577742699330        -640.862682614738        -582.469704581823        -804.053488193504           1.011184119456          -0.056197225288           0.051853667929
2024-01-27-06-59-59.99     -313888.942212019698      216954.629599403939      147941.262053718965        -640.876082591431        -592.446675331952        -824.117369556747           1.010200009716          -0.055191508297           0.047776309035
2024-01-27-08-00-00.00     -316197.377838788670      214802.271933161479      144936.246353463823        -641.746893854052        -603.510652996377        -845.587796584251           1.009213485425          -0.054035976221           0.043581845975
2024-01-27-09-00-00.00     -318510.799482464499      212607.698450421391      141851.072256138985        -643.686342344811        -615.956862328425        -868.691159028453           1.008225722845          -0.052711826077           0.039263351204
2024-01-27-09-59-59.99     -320833.534746596531      210365.246351283888      138679.385148109490        -646.975090755362        -630.188421256905        -893.700415545447           1.007238146104          -0.051195923829           0.034813344585
2024-01-27-11-00-00.00     -323171.090159027197      208067.533437384380      135413.751027074963        -651.993657546779        -646.768198511662        -920.943602385565           1.006252522249          -0.049459352706           0.030223929778
2024-01-27-12-00-00.00     -325530.589425456128      205704.744891402253      132045.446150843898        -659.269756798328        -666.502374014642        -950.809639851754           1.005271109102          -0.047465311532           0.025487141178
2024-01-27-12-59-59.99     -327921.428637993056      203263.528734619118      128564.241875415653        -669.553961734785        -690.579608501521        -983.742989765342           1.004296894566          -0.045165998119           0.020595723215
2024-01-27-14-00-00.00     -330356.283147908514      200725.226994152326      124958.259832637195        -683.943767474328        -720.811154853231       -1020.203836097814           1.003334002178          -0.042497868654           0.015544815440
2024-01-27-15-00-00.00     -332852.697535433399      198062.938292228326      121214.118651742116        -704.090883155950        -760.059945057349       -1060.528844253948           1.002388415504          -0.039374247392           0.010335598242
2024-01-27-15-59-59.99     -335435.650983334577      195236.457411066629      117318.006962302214        -732.546338116190        -813.029103344005       -1104.505996168386           1.001469350113          -0.035673619653           0.004983368639
2024-01-27-17-00-00.00     -338141.695478273323      192183.299657719996      113259.532605334723        -773.290680843055        -887.709053530540       -1150.106748142573           1.000592020652          -0.031221300357          -0.000463876679
2024-01-27-18-00-00.00     -341025.126717331295      188802.856924370630      109043.876165886628        -832.235863438024        -997.744098532970       -1189.686135881585           0.999783550133          -0.025763776073          -0.005880909574
2024-01-27-18-59-59.99     -344163.580064274371      184932.201445066748      104728.448476015910        -915.717790040485       -1163.884681045495       -1199.067352858974           0.999095769788          -0.018952178790          -0.010957655180
2024-01-27-20-00-00.00     -347642.202035004157      180337.400032465463      100520.392907074565       -1017.383094727309       -1398.736164096196       -1115.317669096819           0.998628355381          -0.010442062446          -0.014975970066
2024-01-27-21-00-00.00     -351446.472428638372      174854.861696825130       96914.706288798363       -1082.266823352000       -1633.721877653561        -857.381236543499           0.998533429284          -0.000431904296          -0.016667389376
2024-01-27-21-59-59.99     -355302.477541182539      168769.044516454887       94464.467694055958       -1042.854028519374       -1714.933490211615        -507.361807281934           0.998894796681           0.009647623970          -0.015143743645
2024-01-27-23-00-00.00     -358883.168627541279      162685.457769177039       93137.028250515214        -943.467536684816       -1650.765253028505        -252.826278283915           0.999599723481           0.018267904537          -0.011162548495
2024-01-28-00-00-00.00     -362102.928931433475      156925.263931371097       92500.084792063528        -848.356950208266       -1548.911158507460        -116.637785085760           1.000484096709           0.025136524302          -0.006034082317
2024-01-28-00-59-59.99     -365015.838331868581      151520.534562002140       92214.891253569192        -773.174911311616       -1456.507951993135         -49.853770011919           1.001451302707           0.030593219605          -0.000536335341
2024-01-28-02-00-00.00     -367690.187656249793      146417.433254171483       92099.603735571101        -714.973552100541       -1381.330484366342         -18.250099865212           1.002456681872           0.035004701902           0.004993542652
2024-01-28-03-00-00.00     -370178.130285718129      141556.926162020944       92062.261636753916        -668.888857976812       -1321.158577420174          -4.612587561853           1.003479514414           0.038639236619           0.010421098057
2024-01-28-03-59-59.99     -372516.283969622978      136891.212067419110       92055.085413330933        -631.258468176781       -1272.576993400057          -0.526855132319           1.004509436783           0.041681035669           0.015695897674
2024-01-28-05-00-00.00     -374730.348390600411      132383.888486304408       92052.206377925308        -599.619347168120       -1232.756563217489          -1.721681187481           1.005540793333           0.044257549593           0.020802576387
2024-01-28-06-00-00.00     -376838.745306971832      128007.393807629036       92039.123247648764        -572.332494767020       -1199.597739007108          -5.919926045318           1.006570229346           0.046459207318           0.025740646662
2024-01-28-06-59-59.99     -378855.020950293168      123740.636399963914       92007.524097480287        -548.288873908411       -1171.576128137342         -11.850785964451           1.007595597928           0.048351993417           0.030515844862
2024-01-28-08-00-00.00     -380789.385961921886      119567.226574035711       91952.614440094767        -526.719803058758       -1147.579962018194         -18.777058496782           1.008615428945           0.049985345885           0.035136282631
2024-01-28-09-00-00.00     -382649.711743496999      115474.224266114339       91871.670838945050        -507.079102290919       -1126.787515944741         -26.257511833140           1.009628654411           0.051397195652           0.039610697913
2024-01-28-09-59-59.99     -384442.188782103767      111451.258324670649       91763.223889516623        -488.969477028639       -1108.581646422783         -34.021637134180           1.010634458359           0.052617261708           0.043947663333
2024-01-28-11-00-00.00     -386171.772155090177      107489.901991970575       91626.579496716819        -472.095679094261       -1092.491275363794         -41.900746361169           1.011632190642           0.053669261720           0.048155245268
2024-01-28-12-00-00.00     -387842.490223653731      103583.223859569829       91461.529538308590        -456.234025185719       -1078.151207113899         -49.788609623476           1.012621315163           0.054572433993           0.052240878910
2024-01-28-12-59-59.99     -389457.663329115487       99725.459903929528       91268.172396490147        -441.212097044143       -1065.274225343932         -57.618215098954           1.013601377513           0.055342609518           0.056211346801
2024-01-28-14-00-00.00     -391020.061921914050       95911.770156961036       91046.799231836732        -426.894918812858       -1053.631437633421         -65.347650047450           1.014571984028           0.055992982430           0.060072805472
2024-01-28-15-00-00.00     -392532.023040846165       92138.055421425874       90797.820668144312        -413.175347572369       -1043.038217737788         -72.951307855272           1.015532787717           0.056534675725           0.063830832568
2024-01-28-15-59-59.99     -393995.537570640678       88400.817241582030       90521.718899169704        -399.967263455705       -1033.343998096249         -80.414293928583           1.016483478519           0.056977163469           0.067490480653
2024-01-28-17-00-00.00     -395412.316616066091       84697.049499967397       90219.016111407778        -387.200658080250       -1024.424749820823         -87.728800714694           1.017423776396           0.057328590000           0.071056330907
2024-01-28-18-00-00.00     -396783.842696710315       81024.153467712211       89890.253558843760        -374.818034495559       -1016.177366049691         -94.891721834380           1.018353426240           0.057596016090           0.074532543591
2024-01-28-18-59-59.99     -398111.409735958732       77379.870481323946       89535.977692211090        -362.771729116501       -1008.515412613967        -101.903061230035           1.019272194044           0.057785610734           0.077922903982
2024-01-28-20-00-00.00     -399396.154659432999       73762.228031981896       89156.731016808742        -351.021892336479       -1001.365874445885        -108.764861066817           1.020179863993           0.057902801474           0.081230863468
2024-01-28-21-00-00.00     -400639.082628118515       70169.496180385482       88753.046149299611        -339.534946692463        -994.666636395383        -115.480473404980           1.021076236144           0.057952394911           0.084459575955
2024-01-28-21-59-59.99     -401841.087384528480       66600.152006454809       88325.442054583633        -328.282396100868        -988.364512417187        -122.054062452581           1.021961124563           0.057938673722           0.087611929926
2024-01-28-23-00-00.00     -403002.967805032909       63052.850374770773       87874.421774285904        -317.239896390188        -982.413688707322        -128.490263585036           1.022834355840           0.057865474603           0.090690576628
2024-01-29-00-00-00.00     -404125.441476832377       59526.399710847007       87400.471177737723        -306.386522688791        -976.774482809128        -134.793949662814           1.023695767826           0.057736252852           0.093697954801
2024-01-29-00-59-59.99     -405209.155919288693       56019.741787742787       86904.058412295999        -295.704186685290        -971.412346189888        -140.970071635149           1.024545208560           0.057554135720           0.096636312405
2024-01-29-02-00-00.00     -406254.697923865519       52531.934748365828       86385.633829266342        -285.177169195544        -966.297056255338        -147.023550713263           1.025382535409           0.057321965905           0.099507725713
2024-01-29-03-00-00.00     -407262.601379065658       49062.138758465910       85845.630228851209        -274.791742246151        -961.402056981960        -152.959206702984           1.026207614270           0.057042338741           0.102314116121
2024-01-29-03-59-59.99     -408233.353866209683       45609.603813470676       85284.463315209723        -264.535861303598        -956.703917162855        -158.781711581654           1.027020318889           0.056717633544           0.105057264978
2024-01-29-05-00-00.00     -409167.402250736894       42173.659320718871       84702.532284348927        -254.398912887265        -952.181882387881        -164.495560923412           1.027820530296           0.056350039326           0.107738826690
2024-01-29-06-00-00.00     -410065.157447325182       38753.705154070689       84100.220491636530        -244.371506293742        -947.817502333030        -170.105057669608           1.028608136270           0.055941577480           0.110360340332
2024-01-29-06-59-59.99     -410926.998501097958       35349.203936976744       83477.896160734846        -234.445300662692        -943.594318902786        -175.614304674680           1.029383030855           0.055494121242           0.112923239952
2024-01-29-08-00-00.00     -411753.276099487091       31959.674356010302       82835.913108173321        -224.612860591561        -939.497603913322        -181.027203204117           1.030145113976           0.055009411582           0.115428863748
2024-01-29-09-00-00.00     -412544.315607445023       28584.685343387584       82174.611465306807        -214.867534933653        -935.514137318519        -186.347455563103           1.030894291049           0.054489071735           0.117878462243
2024-01-29-09-59-59.99     -413300.419701585604       25223.850995851240       81494.318385613267        -205.203354550113        -931.632018821532        -191.578570455033           1.031630472620           0.053934619857           0.120273205600
2024-01-29-11-00-00.00     -414021.870665163675       21876.826120475998       80795.348729180812        -195.614945640195        -927.840507120620        -196.723870116553           1.032353574091           0.053347479187           0.122614190175
2024-01-29-12-00-00.00     -414708.932394960430       18543.302316538153       80078.005719500070        -186.097455947916        -924.129882150254        -201.786498522693           1.033063515422           0.052728987757           0.124902444395
2024-01-29-12-59-59.99     -415361.852162345487       15223.004517702069       79342.581569521833        -176.646491665690        -920.491326547078        -206.769430162465           1.033760220859           0.052080406949           0.127138934052
2024-01-29-14-00-00.00     -415980.862163734622       11915.687931021472       78589.358075548749        -167.258063263633        -916.916823265456        -211.675479067104           1.034443618722           0.051402928174           0.129324567073
2024-01-29-15-00-00.00     -416566.180889914045        8621.135319319392       77818.607178730366        -157.928538807179        -913.399066818278        -216.507307813740           1.035113641178           0.050697679597           0.131460197832
2024-01-29-15-59-59.99     -417118.014338952140        5339.154581740499       77030.591494152381        -148.654603576672        -909.931386062713        -221.267436384058           1.035770224022           0.049965732136           0.133546631046
2024-01-29-17-00-00.00     -417636.557093632175        2069.576594157242       76225.564808844967        -139.433225024134        -906.507676802876        -225.958250697820           1.036413306519           0.049208103928           0.135584625317
2024-01-29-18-00-00.00     -418121.993281079282       -1187.746723310498       75403.772549416419        -130.261622252822        -903.122342781230        -230.582010838980           1.037042831223           0.048425765147           0.137574896340
2024-01-29-18-59-59.99     -418574.497429654584       -4432.944139584964       74565.452220931751        -121.137239359890        -899.770243852066        -235.140858854491           1.037658743790           0.047619642341           0.139518119827
2024-01-29-20-00-00.00     -418994.235235970293       -7666.126670759350       73710.833818365383        -112.057722078376        -896.446650337118        -239.636826158694           1.038260992873           0.046790621456           0.141414934174
2024-01-29-21-00-00.00     -419381.364253058098      -10887.388983717967       72840.140212268016        -103.020897254910        -893.147202711016        -244.071840503470           1.038849529955           0.045939551393           0.143265942888
2024-01-29-21-59-59.99     -419736.034509138321      -14096.810663157787       71953.587509904974         -94.024754767833        -889.867875901113        -248.447732536776           1.039424309215           0.045067247235           0.145071716813
2024-01-29-23-00-00.00     -420058.389065205236      -17294.457357442221       71051.385393734978         -85.067431553319        -886.604947596761        -252.766241960851           1.039985287428           0.044174492300           0.146832796162
2024-01-30-00-00-00.00     -420348.564518462226      -20480.381816785386       70133.737438332551         -76.147197461318        -883.354970038947        -257.029023275770           1.040532423844           0.043262040842           0.148549692386
2024-01-30-00-59-59.99     -420606.691457757435      -23654.624835513627       69200.841407261556         -67.262442695513        -880.114744862763        -261.237651177850           1.041065680061           0.042330620521           0.150222889887
2024-01-30-02-00-00.00     -420832.894876356644      -26817.216108634148       68252.889531243665         -58.411666637943        -876.881300601111        -265.393625587056           1.041585019960           0.041380933788           0.151852847585
2024-01-30-03-00-00.00     -421027.294546703168      -29968.175011732728       67290.068768787416         -49.593467880425        -873.651872529847        -269.498376347579           1.042090409592           0.040413659985           0.153440000377
2024-01-30-03-59-59.99     -421190.005361234886      -33107.511312099334       66312.561050465942         -40.806535313109        -870.423884572355        -273.553267616813           1.042581817082           0.039429457293           0.154984760460
2024-01-30-05-00-00.00     -421321.137642828515      -36235.225818042294       65320.543507938732         -32.049640140848        -867.194933021595        -277.559601964384           1.043059212569           0.038428963639           0.156487518572
2024-01-30-06-00-00.00     -421420.797428004094      -39351.310972550142       64314.188688708200         -23.321628716872        -863.962771866687        -281.518624195386           1.043522568120           0.037412798376           0.157948645120
2024-01-30-06-59-59.99     -421489.086725642730      -42455.751396782893       63293.664757508544         -14.621416096613        -860.725299544005        -285.431524924595           1.043971857637           0.036381563855           0.159368491233
2024-01-30-08-00-00.00     -421526.103753697535      -45548.524388089703       62259.135685421927          -5.947980228076        -857.480546954835        -289.299443918233           1.044407056822           0.035335845990           0.160747389732
2024-01-30-09-00-00.00     -421531.943155990622      -48629.600377071467       61210.761427155609           2.699643291154        -854.226666600501        -293.123473207170           1.044828143098           0.034276215639           0.162085656029
2024-01-30-09-59-59.99     -421506.696201076906      -51698.943347299857       60148.698087603872          11.322365958770        -850.961922730581        -296.904660016883           1.045235095529           0.033203229897           0.163383588957
2024-01-30-11-00-00.00     -421450.450964849850      -54756.511221189663       59073.098078224473          19.921050664765        -847.684682379321        -300.644009496687           1.045627894796           0.032117432417           0.164641471543
2024-01-30-12-00-00.00     -421363.292498382390      -57802.256215149995       57984.110263790826          28.496515591458        -844.393407201920        -304.342487277130           1.046006523127           0.031019354565           0.165859571724
2024-01-30-12-59-59.99     -421245.302982388821      -60836.125166624595       56881.880100278984          37.049537759494        -841.086646027689        -308.001021866961           1.046370964234           0.029909516516           0.167038143007
2024-01-30-14-00-00.00     -421096.561869513069      -63858.059835451648       55766.549764473348          45.580856262754        -837.763028073487        -311.620506925833           1.046721203291           0.028788427390           0.168177425089
2024-01-30-15-00-00.00     -420917.146015467646      -66867.997181933213       54638.258275521315          54.091175214335        -834.421256712704        -315.201803366199           1.047057226876           0.027656586242           0.169277644428
2024-01-30-15-59-59.99     -420707.129800043476      -69865.869623372884       53497.141609225233          62.581166445085        -831.060103783321        -318.745741355006           1.047379022916           0.026514483007           0.170339014772
2024-01-30-17-00-00.00     -420466.585238805914      -72851.605271038949       52343.332805273189          71.051471973645        -827.678404358674        -322.253122188716           1.047686580674           0.025362598503           0.171361737657
2024-01-30-18-00-00.00     -420195.582086286100      -75825.128149022057       51176.962067985674          79.502706276648        -824.275051955193        -325.724720075320           1.047979890700           0.024201405292           0.172346002864
2024-01-30-18-59-59.99     -419894.187931323191      -78786.358396587151       49998.156860775540          87.935458372204        -820.848994111171        -329.161283800345           1.048258944781           0.023031368518           0.173291988843
2024-01-30-20-00-00.00     -419562.468285205949      -81735.212455250512       48807.041994775485          96.350293743028        -817.399228329914        -332.563538320952           1.048523735935           0.021852945799           0.174199863111
2024-01-30-21-00-00.00     -419200.486663175630      -84671.603241791672       47603.739711921058         104.747756108191        -813.924798330413        -335.932186264659           1.048774258370           0.020666588004           0.175069782623
2024-01-30-21-59-59.99     -418808.304659773654      -87595.440308359175       46388.369762620372         113.128369063019        -810.424790593985        -339.267909362328           1.049010507442           0.019472739998           0.175901894105
2024-01-30-23-00-00.00     -418385.982018541836      -90506.629990564470       45161.049478899396         121.492637594194        -806.898331162893        -342.571369796060           1.049232479651           0.018271840463           0.176696334380
2024-01-31-00-00-00.00     -417933.576696417818      -93405.075544543113       43921.893841862817         129.841049493215        -803.344582699299        -345.843211514359           1.049440172612           0.017064322595           0.177453230657
2024-01-31-00-59-59.99     -417451.144923283660      -96290.677273732726       42671.015545511043         138.174076661143        -799.762741729711        -349.084061448793           1.049633585012           0.015850614795           0.178172700801
2024-01-31-02-00-00.00     -416938.741256911017      -99163.332646265466       41408.525055651393         146.492176336209        -796.152036123350        -352.294530718585           1.049812716621           0.014631140419           0.178854853591
2024-01-31-03-00-00.00     -416396.418633700232     -102022.936403388769       40134.530664878177         154.795792232678        -792.511722717535        -355.475215752965           1.049977568257           0.013406318433           0.179499788945
2024-01-31-03-59-59.99     -415824.228415390826     -104869.380659838629       38849.138543390851         163.085355617944        -788.841085138612        -358.626699399701           1.050128141762           0.012176564043           0.180107598139
2024-01-31-05-00-00.00     -415222.220432051283     -107702.554996505540       37552.452786025278         171.361286319264        -785.139431749025        -361.749551971889           1.050264440006           0.010942288413           0.180678364002
2024-01-31-06-00-00.00     -414590.443021515268     -110522.346546071203       36244.575455485116         179.623993681729        -781.406093759450        -364.844332282424           1.050386466865           0.009703899266           0.181212161096
2024-01-31-06-59-59.99     -413928.943065483880     -113328.640072010050       34925.606621965693         187.873877469456        -777.640423447069        -367.911588630010           1.050494227202           0.008461801490           0.181709055884
2024-01-31-08-00-00.00     -413237.766022458381     -116121.318041415871       33595.644399258199         196.111328725508        -773.841792504532        -370.951859768939           1.050587726871           0.007216396810           0.182169106877
2024-01-31-09-00-00.00     -412516.955957643688     -118900.260692107826       32254.784977386029         204.336730592277        -770.009590499365        -373.965675857074           1.050666972707           0.005968084370           0.182592364770
2024-01-31-09-59-59.99     -411766.555569980119     -121665.346094317545       30903.122651902526         212.550459092161        -766.143223419380        -376.953559374870           1.050731972505           0.004717261305           0.182978872566
2024-01-31-11-00-00.00     -410986.606216405751     -124416.450207363014       29540.749849873544         220.752883882567        -762.242112328216        -379.916026041228           1.050782735039           0.003464322389           0.183328665687
2024-01-31-12-00-00.00     -410177.147933461936     -127153.446931595390       28167.757152610327         228.944368979187        -758.305692089154        -382.853585706313           1.050819270045           0.002209660599           0.183641772068
2024-01-31-12-59-59.99     -409338.219456320687     -129876.208155950793       26784.233315171838         237.125273461995        -754.333410184128        -385.766743246246           1.050841588216           0.000953667663           0.183918212241
2024-01-31-14-00-00.00     -408469.858235342836     -132584.603801254358       25390.265282733377         245.295952154805        -750.324725578017        -388.655999436457           1.050849701216          -0.000303266300           0.184157999412
2024-01-31-15-00-00.00     -407572.100450149097     -135278.501859775424       23985.938203684145         253.456756301021        -746.279107683064        -391.521851843026           1.050843621681          -0.001560752244           0.184361139520
2024-01-31-15-59-59.99     -406644.981021358690     -137957.768430908065       22571.335439670664         261.608034219120        -742.196035351770        -394.364795695729           1.050823363208          -0.002818401646           0.184527631286
2024-01-31-17-00-00.00     -405688.533619922120     -140622.267753514083       21146.538572378311         269.750131957553        -738.074995945422        -397.185324776777           1.050788940380          -0.004075826890           0.184657466254
2024-01-31-18-00-00.00     -404702.790674126765     -143271.862234935397       19711.627407145344         277.883393944685        -733.915484448314        -399.983932312973           1.050740368770          -0.005332640726           0.184750628822
2024-01-31-18-59-59.99     -403687.783374258259     -145906.412476919271       18266.679973339295         286.008163639629        -729.717002632121        -402.761111879331           1.050677664940          -0.006588455736           0.184807096254
2024-01-31-20-00-00.00     -402643.541674914071     -148525.777298612666       16811.772521458515         294.124784185769        -725.479058262873        -405.517358315544           1.050600846466          -0.007842884716           0.184826838690
2024-01-31-21-00-00.00     -401570.094294952985     -151129.813756783435       15346.979516901725         302.233599072246        -721.201164354446        -408.253168661648           1.050509931952          -0.009095540145           0.184809819144
2024-01-31-21-59-59.99     -400467.468715053576     -153718.377163406112       13872.373630338556         310.334952802979        -716.882838454969        -410.969043112257           1.050404941030          -0.010346033644           0.184755993489
2024-01-31-23-00-00.00     -399335.691172815103     -156291.321100823290       12388.025724579544         318.429191580098        -712.523601974727        -413.665485998032           1.050285894402          -0.011593976361           0.184665310430
2024-02-01-00-00-00.00     -398174.786655423697     -158848.497434389370       10894.004837905482         326.516664003703        -708.122979547656        -416.343006794716           1.050152813844          -0.012838978432           0.184537711475
2024-02-01-00-59-59.99     -396984.778889707581     -161389.756323042879        9390.378163660278         334.597721789962        -703.680498418636        -419.002121164622           1.050005722230          -0.014080648443           0.184373130879
2024-02-01-02-00-00.00     -395765.690329600475     -163914.946227615845        7877.211026056706         342.672720515192        -699.195687863951        -421.643352036149           1.049844643565          -0.015318593802           0.184171495599
2024-02-01-03-00-00.00     -394517.542140846141     -166423.913917194179        6354.566852005512         350.742020385350        -694.668078627532        -424.267230723263           1.049669603009          -0.016552420193           0.183932725216
2024-02-01-03-59-59.99     -393240.354182924202     -168916.504473341542        4822.507138855601         358.805987047188        -690.097202404772        -426.874298096103           1.049480626899          -0.017781731028           0.183656731859
2024-02-01-05-00-00.00     -391934.144987930602     -171392.561292673898        3281.091417801124         366.864992427601        -685.482591317566        -429.465105797453           1.049277742796          -0.019006127802           0.183343420118
2024-02-01-06-00-00.00     -390598.931736390688     -173851.926087489992        1730.377212823036         374.919415624077        -680.823777432115        -432.040217520868           1.049060979513          -0.020225209540           0.182992686933
2024-02-01-06-59-59.99     -389234.730229774665     -176294.438884718053         170.419994914765         382.969643841977        -676.120292290063        -434.600210350658           1.048830367146          -0.021438572222           0.182604421484
2024-02-01-08-00-00.00     -387841.554859540658     -178719.938023212890       -1398.726868640320         391.016073386114        -671.371666457987        -437.145676171494           1.048585937133          -0.022645809128           0.182178505057
2024-02-01-09-00-00.00     -386419.418572504306     -181128.260149456939       -2977.012170201248         399.059110713230        -666.577429096600        -439.677223154790           1.048327722284          -0.023846510256           0.181714810911
2024-02-01-09-59-59.99     -384968.332832292013     -183519.240211767406       -4564.386923203459         407.099173550195        -661.737107544232        -442.195477329022           1.048055756832          -0.025040261725           0.181213204109
2024-02-01-11-00-00.00     -383488.307576649531     -185892.711453000520       -6160.804429406071         415.136692087298        -656.850226920453        -444.701084242419           1.047770076487          -0.026226646094           0.180673541357
2024-02-01-12-00-00.00     -381979.351170314709     -188248.505401845323       -7766.220352307550         423.172110251972        -651.916309741556        -447.194710726339           1.047470718493          -0.027405241746           0.180095670815
2024-02-01-12-59-59.99     -380441.470353115059     -190586.451862843416       -9380.592797101830         431.205887071764        -646.934875547072        -449.677046769862           1.047157721677          -0.028575622261           0.179479431891
2024-02-01-14-00-00.00     -378874.670182980830     -192906.378905098245      -11003.882397562651         439.238498140781        -641.905440549120        -452.148807515798           1.046831126522          -0.029737356696           0.178824655026
2024-02-01-15-00-00.00     -377278.953973666881     -195208.112849179830      -12636.052410542330         447.270437195472        -636.827517290090        -454.610735386105           1.046490975232          -0.030890008932           0.178131161454
2024-02-01-15-59-59.99     -375654.323226169101     -197491.478254080343      -14277.068817987289         455.302217810517        -631.700614302370        -457.063602359264           1.046137311798          -0.032033136995           0.177398762943
2024-02-01-17-00-00.00     -374000.777554207889     -199756.297901709186      -15926.900437827342         463.334375236085        -626.524235795838        -459.508212399968           1.045770182084          -0.033166293298           0.176627261523
2024-02-01-18-00-00.00     -372318.314602634753     -202002.392780879542      -17585.519043722488         471.367468384173        -621.297881351075        -461.945404065781           1.045389633901          -0.034289023921           0.175816449183
2024-02-01-18-59-59.99     -370606.929958428314     -204229.582070105302      -19252.899494573412         479.402081980256        -616.021045620361        -464.376053304566           1.044995717098          -0.035400867889           0.174966107547
2024-02-01-20-00-00.00     -368866.617053618131     -206437.683119341265      -20929.019874473033         487.438828902191        -610.693218049529        -466.801076460555           1.044588483655          -0.036501357336           0.174076007535
2024-02-01-21-00-00.00     -367097.367059393204     -208626.511430846935      -22613.861643878896         495.478352724411        -605.313882617519        -469.221433509799           1.044167987782          -0.037590016726           0.173145908983
2024-02-01-21-59-59.99     -365299.168770734163     -210795.880638903414      -24307.409802896345         503.521330483397        -599.882517578734        -471.638131548231           1.043734286026          -0.038666362046           0.172175560243
2024-02-01-23-00-00.00     -363472.008480556484     -212945.602488894074      -26009.653067593743         511.568475696906        -594.398595233215        -474.052228557138           1.043287437383          -0.039729900891           0.171164697754
2024-02-02-00-00-00.00     -361615.869842547982     -215075.486815436278      -27720.584060421927         519.620541660119        -588.861581714077        -476.464837472960           1.042827503421          -0.040780131593           0.170113045579
2024-02-02-00-59-59.99     -359730.733721584606     -217185.341519812529      -29440.199515881628         527.678325049475        -583.270936793586        -478.877130593689           1.042354548404          -0.041816542309           0.169020314898
2024-02-02-02-00-00.00     -357816.578030539211     -219274.972546822566      -31168.500502695653         535.742669871778        -577.626113717034        -481.290344355149           1.041868639440          -0.042838611000           0.167886203480
2024-02-02-03-00-00.00     -355873.377552241611     -221344.183860946650      -32905.492663922581         543.814471794120        -571.926559055152        -483.705784517193           1.041369846620          -0.043845804439           0.166710395102
2024-02-02-03-59-59.99     -353901.103745059110     -223392.777422135521      -34651.186476523668         551.894682903497        -566.171712589542        -486.124831801875           1.040858243176          -0.044837577158           0.165492558922
2024-02-02-05-00-00.00     -351899.724530511186     -225420.553161199234      -36405.597532120795         559.984316946650        -560.361007234711        -488.548948030888           1.040333905657          -0.045813371291           0.164232348816
2024-02-02-06-00-00.00     -349869.204061047640     -227427.308955059561      -38168.746840810767         568.084455107247        -554.493869001348        -490.979682817234           1.039796914106          -0.046772615410           0.162929402652
2024-02-02-06-59-59.99     -347809.502466026868     -229412.840601776348      -39940.661160204581         576.196252382310        -548.569716998324        -493.418680874133           1.039247352253          -0.047714723305           0.161583341511
2024-02-02-08-00-00.00     -345720.575573459791     -231376.941795926716      -41721.373351923336         584.320944638566        -542.587963501358        -495.867690006013           1.038685307725          -0.048639093618           0.160193768846
2024-02-02-09-00-00.00     -343602.374605078832     -233319.404104143003      -43510.922768262091         592.459856427790        -536.548014083380        -498.328569861630           1.038110872272          -0.049545108471           0.158760269579
