2027-12-08-05-00-00.00      198994.813993595977     -174298.417525062105     -160166.386456481647         752.287855630563         694.790758718984         524.399871866238           0.407227233767          -0.635258082716          -0.205583562825
2027-12-08-06-00-00.00      201685.405328767811     -171781.927604534139     -158264.466250553291         742.453070038009         703.247831126659         532.215276228608           0.409637867146          -0.632443791770          -0.204702630819
2027-12-08-07-00-00.00      204340.245165179629     -169235.116499778611     -156334.489487388375         732.425842194258         711.635436549822         539.986496250328           0.412063548974          -0.629612528621          -0.203785164466
2027-12-08-08-00-00.00      206958.639988392068     -166658.238899997785     -154376.619052531809         722.205779268050         719.951008499310         547.711402573691           0.414504046031          -0.626764184358          -0.202831038813
2027-12-08-09-00-00.00      209539.894962518039     -164051.558803376276     -152391.025562777708         711.792540319064         728.191941840588         555.387829416503           0.416959118927          -0.623898648401          -0.201840134761
2027-12-08-10-00-00.00      212083.314121012343     -161415.349655816070     -150377.887497290707         701.185838518513         736.355593018132         563.013574582246           0.419428522267          -0.621015808434          -0.200812339276
2027-12-08-11-00-00.00      214588.200565544481     -158749.894488768798     -148337.391328621772         690.385443418848         744.439280332609         570.586399508485           0.421912004265          -0.618115550749          -0.199747545615
2027-12-08-12-00-00.00      217053.856673128204     -156055.486055973539     -146269.731653478550         679.391183271282         752.440284272572         578.104029355591           0.424409306924          -0.615197760187          -0.198645653545
2027-12-08-13-00-00.00      219479.584311678307     -153332.426968898391     -144175.111323099234         668.202947389737         760.355847902968         585.564153138802           0.426920166199          -0.612262320080          -0.197506569565
2027-12-08-14-00-00.00      221864.685064158577     -150581.029830677871     -142053.741573067906         656.820688558886         768.183177312708         592.964423906508           0.429444311643          -0.609309112616          -0.196330207143
2027-12-08-15-00-00.00      224208.460461474315     -147801.617368327832     -139905.842152400204         645.244425484872         775.919442124998         600.302458968827           0.431981466582          -0.606338018792          -0.195116486946
2027-12-08-16-00-00.00      226510.212224262476     -144994.522563004371     -137731.641451709613         633.474245286139         783.561776073483         607.575840179259           0.434531348305          -0.603348918367          -0.193865337071
2027-12-08-17-00-00.00      228769.242513717269     -142160.088778065488     -135531.376630260434         621.510306023159         791.107277648555         614.782114272970           0.437093667719          -0.600341690248          -0.192576693292
2027-12-08-18-00-00.00      230984.854191591061     -139298.669884672767     -133305.293741696572         609.352839265031         798.553010817215         621.918793263788           0.439668129541          -0.597316212455          -0.191250499303
2027-12-08-19-00-00.00      233156.351089497708     -136410.630384665739     -131053.647858233759         597.002152691660         805.896005820218         628.983354902198           0.442254432504          -0.594272362088          -0.189886706955
2027-12-08-20-00-00.00      235283.038287648000     -133496.345530420076     -128776.703193088077         584.458632729517         813.133260049191         635.973243195646           0.444852269027          -0.591210015738          -0.188485276514
2027-12-08-21-00-00.00      237364.222403128486     -130556.201441402998     -126474.733220919428         571.722747219522         820.261739006776         642.885868993267           0.447461325434          -0.588129049460          -0.187046176908
2027-12-08-22-00-00.00      239399.211887840996     -127590.595217117618     -124148.020796050041         558.795048114313         827.278377351665         649.718610636381           0.450081282161          -0.585029338759          -0.185569385978
2027-12-08-23-00-00.00      241387.317336200271     -124599.935046129598     -121796.858268219803         545.676174202304         834.180080030889         656.468814677132           0.452711813467          -0.581910759016          -0.184054890741
2027-12-09-00-00-00.00      243327.851802681515     -121584.640310857954     -119421.547595628843         532.366853855143         840.963723501487         663.133796667784           0.455352587656          -0.578773185487          -0.182502687640
2027-12-09-01-00-00.00      245220.131129295682     -118545.141687801908     -117022.400455005642         518.867907794368         847.626157043608         669.710842023346           0.458003267316          -0.575616493294          -0.180912782807
2027-12-09-02-00-00.00      247063.474283051735     -115481.881242874035     -114599.738348434359         505.180251873296         854.164204168090         676.197206961287           0.460663509046          -0.572440557883          -0.179285192327
2027-12-09-03-00-00.00      248857.203703453968     -112395.312521491200     -112153.892706655010         491.304899868563         860.574664120738         682.590119521074           0.463332963706          -0.569245255030          -0.177619942496
2027-12-09-04-00-00.00      250600.645660059788     -109285.900633069992     -109685.204988543002         477.242966276520         866.854313486938         688.886780667498           0.466011276677          -0.566030460856          -0.175917070084
2027-12-09-05-00-00.00      252293.130620101932     -106154.122329563135     -107194.026776464045         462.995669108796         872.999907899797         695.084365480792           0.468698087613          -0.562796052301          -0.174176622606
2027-12-09-06-00-00.00      253933.993626168376     -103000.466077651145     -104680.719867180596         448.564332681555         879.008183855404         701.180024436511           0.471393030721          -0.559541907158          -0.172398658582
2027-12-09-07-00-00.00      255522.574683901446      -99825.432124203959     -102145.656357988002         433.950390392800         884.875860638388         707.170884777272           0.474095735038          -0.556267904090          -0.170583247800
2027-12-09-08-00-00.00      257058.219159674423      -96629.532554606660      -99589.218727740808         419.155387483035         890.599642361609         713.054051978964           0.476805824223          -0.552973923145          -0.168730471585
2027-12-09-09-00-00.00      258540.278188134194      -93413.291343528224      -97011.799912439339         404.180983773498         896.176220121078         718.826611310949           0.479522916857          -0.549659845791          -0.166840423062
2027-12-09-10-00-00.00      259968.109089620877      -90177.244397732211      -94413.803375007614         389.028956377526         901.602274270677         724.485629494727           0.482246626748          -0.546325554963          -0.164913207415
2027-12-09-11-00-00.00      261341.075797224825      -86921.939590471957      -91795.643168943760         373.701202378966         906.874476814632         730.028156457938           0.484976562759          -0.542970935592          -0.162948942156
2027-12-09-12-00-00.00      262658.549293450487      -83647.936787063780      -89157.743995470359         358.199741471664         911.989493920532         735.451227187929           0.487712329139          -0.539595874665          -0.160947757380
2027-12-09-13-00-00.00      263919.908056296990      -80355.807861194306      -86500.541253831761         342.526718552937         916.943988552525         740.751863685672           0.490453525851          -0.536200261284          -0.158909796020
2027-12-09-14-00-00.00      265124.538514576445      -77046.136701533644      -83824.481084375919         326.684406262372         921.734623224789         745.927077022005           0.493199748445          -0.532783987221          -0.156835214111
2027-12-09-15-00-00.00      266271.835512262944      -73719.519208217171      -81130.020404044219         310.675207456896         926.358062876168         750.973869498816           0.495950588412          -0.529346946996          -0.154724181036
2027-12-09-16-00-00.00      267361.202781621134      -70376.563278758797      -78417.626933888692         294.501657612151         930.810977867036         755.889236917415           0.498705633553          -0.525889037948          -0.152576879773
2027-12-09-17-00-00.00      268392.053424830723      -67017.888782955124      -75687.779218229043         278.166427140089         935.090047099818         760.670170955875           0.501464467884          -0.522410160821          -0.150393507146
2027-12-09-18-00-00.00      269363.810403791722      -63644.127526327698      -72940.966635050107         261.672323612908         939.191961264561         765.313661656343           0.504226672029          -0.518910219851          -0.148174274061
2027-12-09-19-00-00.00      270275.907037749537      -60255.923201658123      -70177.689397250535         245.022293884163         943.113426210868         769.816700022710           0.506991823620          -0.515389122861          -0.145919405742
2027-12-09-20-00-00.00      271127.787508360983      -56853.931328153158      -67398.458544338951         228.219426098142         946.851166446450         774.176280727965           0.509759497244          -0.511846781862          -0.143629141959
2027-12-09-21-00-00.00      271918.907371778681      -53438.819177788064      -64603.795924188154         211.266951579266         950.401928762012         778.389404930349           0.512529264871          -0.508283113160          -0.141303737256
2027-12-09-22-00-00.00      272648.734077307279      -50011.265688378480      -61794.234164460737         194.168246592564         953.762485980384         782.453083196335           0.515300696291          -0.504698037464          -0.138943461160
2027-12-09-23-00-00.00      273316.747492156574      -46571.961362928778      -58970.316633315728         176.926833967364         956.929640828550         786.364338529941           0.518073359102          -0.501091480507          -0.136548598398
2027-12-10-00-00-00.00      273922.440431775176      -43121.608154830436      -56132.597389026247         159.546384573981         959.900229928483         790.120209505872           0.520846819179          -0.497463373170          -0.134119449097
2027-12-10-01-00-00.00      274465.319195223856      -39660.919338481224      -53281.641118129934         142.030718643860         962.671127903810         793.717753505565           0.523620641138          -0.493813651597          -0.131656328969
2027-12-10-02-00-00.00      274944.904105000838      -36190.619364921142      -50418.023061749700         124.383806922136         965.239251598147         797.154050054321           0.526394388381          -0.490142257841          -0.129159569507
2027-12-10-03-00-00.00      275360.730050700367      -32711.443702082910      -47542.328929717325         106.609771641196         967.601564401006         800.426204257783           0.529167623592          -0.486449139994          -0.126629518153
2027-12-10-04-00-00.00      275712.347035833984      -29224.138659285898      -44655.154802153731          88.712887303242         969.755080676980         803.531350335615           0.531939909247          -0.482734252315          -0.124066538462
2027-12-10-05-00-00.00      275999.320727106940      -25729.461195604574      -41757.107018155744          70.697581259336         971.696870293420         806.466655249371           0.534710807698          -0.478997555892          -0.121471010259
2027-12-10-06-00-00.00      276221.233005394985      -22228.178711767425      -38848.802051258557          52.568434072851         973.424063242147         809.229322421341           0.537479881708          -0.475239018784          -0.118843329778
2027-12-10-07-00-00.00      276377.682517623412      -18721.068825254646      -35930.866371351709          34.330179655509         974.933854350293         811.816595540112           0.540246694998          -0.471458616148          -0.116183909792
2027-12-10-08-00-00.00      276468.285228709748      -15208.919128285206      -33003.936292747370          15.987705164988         976.223508074998         814.225762447806           0.543010812377          -0.467656330925          -0.113493179733
2027-12-10-09-00-00.00      276492.674972693902      -11692.526928400968      -30068.657808116390          -2.453949346020         977.290363375748         816.454159102818           0.545771800313          -0.463832153980          -0.110771585793
2027-12-10-10-00-00.00      276450.504002143745       -8172.698971379677      -27125.686408031404         -20.989591537628         978.131838658166         818.499173612112           0.548529227514          -0.459986084235          -0.108019591014
2027-12-10-11-00-00.00      276341.443534899096       -4650.251146234299      -24175.686885879670         -39.613877655645         978.745436780772         820.358250325570           0.551282665102          -0.456118129366          -0.105237675366
2027-12-10-12-00-00.00      276165.184297184402       -1126.008172087756      -21219.333127934995         -58.321313676562         979.128750115908         822.028893985506           0.554031687222          -0.452228305939          -0.102426335805
2027-12-10-13-00-00.00      275921.437062099285        2399.196733253565      -18257.307888403204         -77.106256732264         979.279465653970         823.508673923619           0.556775871649          -0.448316639551          -0.099586086316
2027-12-10-14-00-00.00      275609.933182464330        5924.522203161534      -15290.302549285223         -95.962916822067         979.195370140062         824.795228298285           0.559514800009          -0.444383165521          -0.096717457944
2027-12-10-15-00-00.00      275230.425116974220        9449.119090582813      -12319.016864922984        -114.885358821728         978.874355229693         825.886268363274           0.562248058417          -0.440427929037          -0.093820998809
2027-12-10-16-00-00.00      274782.686948567862       12972.130855007084       -9344.158691137583        -133.867504797490         978.314422653387         826.779582761277           0.564975238115          -0.436450985276          -0.090897274088
2027-12-10-17-00-00.00      274266.514893905784       16492.693968029700       -6366.443698876385        -152.903136636559         977.513689375142         827.473041830723           0.567695935732          -0.432452400111          -0.087946866007
2027-12-10-18-00-00.00      273681.727802794834       20009.938337454423       -3386.595072347623        -171.985899001195         976.470392735269         827.964601917926           0.570409753948          -0.428432250236          -0.084970373788
2027-12-10-19-00-00.00      273028.167646384856       23522.987749864536        -405.343191637831        -191.109302614262         975.182895564783         828.252309682885           0.573116302157          -0.424390623289          -0.081968413592
2027-12-10-20-00-00.00      272305.699992930866       27030.960331534479        2576.574700141269        -210.266727881836         973.649691258546         828.334306386594           0.575815196759          -0.420327618547          -0.078941618441
2027-12-10-21-00-00.00      271514.214469905128       30532.969027516348        5558.414845092709        -229.451428854963         971.869408795871         828.208832148938           0.578506061850          -0.416243347041          -0.075890638116
2027-12-10-22-00-00.00      270653.625211232109       34028.122098680797        8539.427334027114        -248.656537532261         969.840817693965         827.874230163961           0.581188529897          -0.412137931661          -0.072816139037
2027-12-10-23-00-00.00      269723.871288422553       37515.523636451006       11518.856485037802        -267.875068502574         967.562832880206         827.328950860525           0.583862242066          -0.408011507847          -0.069718804126
2027-12-11-00-00-00.00      268724.917124383035       40994.274094904846       14495.941236934928        -287.099923926692         965.034519466994         826.571555995249           0.586526848912          -0.403864223681          -0.066599332649
2027-12-11-01-00-00.00      267656.752888685034       44463.470839870140       17469.915557276177        -306.323898855396         962.255097414117         825.600722666117           0.589182011082          -0.399696239973          -0.063458440027
2027-12-11-02-00-00.00      266519.394873085257       47922.208714573004       20440.008864681618        -325.539686882757         959.223946059508         824.415247232270           0.591827399649          -0.395507730935          -0.060296857644
2027-12-11-03-00-00.00      265312.885846096906       51369.580621337387       23405.446465073845        -344.739886130339         955.940608503859         823.014049128981           0.594462696817          -0.391298884254          -0.057115332618
2027-12-11-04-00-00.00      264037.295385424979       54804.678118776152       26365.450001440404        -363.917005560708         952.404795828799         821.396174562277           0.597087596619          -0.387069901147          -0.053914627560
2027-12-11-05-00-00.00      262692.720187087427       58226.592033846006       29319.237916662743        -383.063471614661         948.616391133979         819.560800071441           0.599701805266          -0.382820997019          -0.050695520313
2027-12-11-06-00-00.00      261279.284350068250       61634.413088089153       32266.025928915307        -402.171635169125         944.575453372551         817.507235942705           0.602305041849          -0.378552401508          -0.047458803660
2027-12-11-07-00-00.00      259797.139635344181       65027.232537256765       35205.027519033916        -421.233778805768         940.282220973463         815.234929464032           0.604897039027          -0.374264358507          -0.044205285020
2027-12-11-08-00-00.00      258246.465698216547       68404.142823639311       38135.454429353689        -440.242124387913         935.737115226513         812.743467999399           0.607477543377          -0.369957126800          -0.040935786123
2027-12-11-09-00-00.00      256627.470292812242       71764.238240064777       41056.517173213470        -459.188840928012         930.940743424087         810.032581876951           0.610046316079          -0.365630980072          -0.037651142662
2027-12-11-10-00-00.00      254940.389447757538       75106.615604770079       43967.425554520822        -478.066052738831         925.893901736255         807.102147069815           0.612603133589          -0.361286206900          -0.034352203921
2027-12-11-11-00-00.00      253185.487612027529       78430.374946127748       46867.389196579556        -496.865847849152         920.597577810443         803.952187661125           0.615147787970          -0.356923111360          -0.031039832389
2027-12-11-12-00-00.00      251363.057770042593       81734.620196203337       49755.618079377047        -515.580286668706         915.052953076950         800.582878078056           0.617680087557          -0.352542012996          -0.027714903355
2027-12-11-13-00-00.00      249473.421525155049       85018.459892067796       52631.323084485688        -534.201410881620         909.261404748264         796.994545085322           0.620199857591          -0.348143246779          -0.024378304477
2027-12-11-14-00-00.00      247516.929150735086       88281.007883727667       55493.716546687931        -552.721252549231         903.224507494910         793.187669526049           0.622706940531          -0.343727163678          -0.021030935339
2027-12-11-15-00-00.00      245493.959608143981       91521.384047489279       58342.012811402274        -571.131843401123         896.944034783497         789.162887800425           0.625201196671          -0.339294130594          -0.017673706987
2027-12-11-16-00-00.00      243404.920530946139       94738.715003497753       61175.428796938257        -589.425224294605         890.421959860178         784.920993071087           0.627682504732          -0.334844530272          -0.014307541450
2027-12-11-17-00-00.00      241250.248174801673       97932.134836172103       63993.184560594054        -607.593454820969         883.660456367156         780.462936186641           0.630150762137          -0.330378761843          -0.010933371239
2027-12-11-18-00-00.00      239030.407332536619      101100.785816162403       66794.503867546053        -625.628623039314         876.661898575610         775.789826311517           0.632605885570          -0.325897240718          -0.007552138838
2027-12-11-19-00-00.00      236745.891213979252      104243.819122449509       69578.614761471297        -643.522855314442         869.428861226746         770.902931255033           0.635047811509          -0.321400398454          -0.004164796170
2027-12-11-20-00-00.00      234397.221290223970      107360.395563144630       72344.750135795941        -661.268326236613         861.964118968849         765.803677490155           0.637476496445          -0.316888683269          -0.000772304060
2027-12-11-21-00-00.00      231984.947102077946      110449.686293529929       75092.148304446790        -678.857268597129         854.270645383903         760.493649856345           0.639891917375          -0.312362559883           0.002624368326
2027-12-11-22-00-00.00      229509.646032531105      113510.873529835866       77820.053570951073        -696.281983392875         846.351611596663         754.974590941365           0.642294072256          -0.307822509354           0.006024244050
2027-12-11-23-00-00.00      226971.923043206305      116543.151257266669       80527.716794737382        -713.534849830799         838.210384461332         749.248400139612           0.644682980156          -0.303269029553           0.009426338980
2027-12-12-00-00-00.00      224372.410374832805      119545.725930716522       83214.395953454092        -730.608335302967         829.850524320617         743.317132385509           0.647058681660          -0.298702634967           0.012829662385
2027-12-12-01-00-00.00      221711.767211910774      122517.817166649955       85879.356700148142        -747.495005301744         821.275782334002         737.182996562936           0.649421239235          -0.294123856489           0.016233217536
2027-12-12-02-00-00.00      218990.679311832209      125458.658424581110       88521.872914135602        -764.187533245640         812.490097371064         730.848353591990           0.651770737295          -0.289533241867           0.019636002313
2027-12-12-03-00-00.00      216209.858598835242      128367.497676585190       91141.227244409645        -780.678710185777         803.497592469007         724.315714196771           0.654107282504          -0.284931355462           0.023037009829
2027-12-12-04-00-00.00      213370.042723271530      131243.598063266545       93736.711644441908        -796.961454365021         794.302570851666         717.587736357382           0.656431004036          -0.280318778005           0.026435229048
2027-12-12-05-00-00.00      210471.994586769521      134086.238534610398       96307.627897252212        -813.028820601447         784.909511511301         710.667222451686           0.658742053542          -0.275696107007           0.029829645421
2027-12-12-06-00-00.00      207516.501833972841      136894.714474141540       98853.288129637833        -828.874009468704         775.323064355963         703.557116093188           0.661040605335          -0.271063956489           0.033219241517
2027-12-12-07-00-00.00      204504.376311637112      139668.338304841687      101373.015314484393        -844.490376248380         765.548044923381         696.260498671121           0.663326856530          -0.266422956696           0.036602997665
2027-12-12-08-00-00.00      201436.453495941765      142406.440075256920      103866.143760094827        -859.871439626183         755.589428673383         688.780585603769           0.665601026896          -0.261773754485           0.039979892596
2027-12-12-09-00-00.00      198313.591889000061      145108.368024322321      106332.019585533300        -875.010890110400         745.452344860308         681.120722312522           0.667863358911          -0.257117013017           0.043348904086
2027-12-12-10-00-00.00      195136.672385595710      147773.489123381121      108770.001180988664        -889.902598146339         735.142070001164         673.284379930734           0.670114117768          -0.252453411440           0.046709009599
2027-12-12-11-00-00.00      191906.597611290024      150401.189593982039      111179.459652233592        -904.540621903122         724.664020953477         665.275150761749           0.672353591097          -0.247783645250           0.050059186939
2027-12-12-12-00-00.00      188624.291233122785      152990.875400082034      113559.779248306950        -918.919214712388         714.023747613548         657.096743500679           0.674582088882          -0.243108425955           0.053398414888
2027-12-12-13-00-00.00      185290.697244184819      155541.972713287862      115910.357771591094        -933.032832134425         703.226925258567         648.752978240201           0.676799943310          -0.238428480724           0.056725673855
2027-12-12-14-00-00.00      181906.779223469639      158053.928349948721      118230.606969560002        -946.876138634580         692.279346544515         640.247781277910           0.679007508367          -0.233744552726           0.060039946514
2027-12-12-15-00-00.00      178473.519572402438      160526.210178816924      120519.952907497602        -960.444013848058         681.186913186313         631.585179747714           0.681205159589          -0.229057400764           0.063340218447
2027-12-12-16-00-00.00      174991.918729592813      162958.307498236361      122777.836321609371        -973.731558419221         669.955627335598         622.769296094542           0.683393293762          -0.224367798893           0.066625478776
2027-12-12-17-00-00.00      171462.994365349150      165349.731381772523      125003.712951989888        -986.734099399744         658.591582681304         613.804342413901           0.685572328365          -0.219676536737           0.069894720799
2027-12-12-18-00-00.00      167887.780557573802      167700.014991344535      127197.053855000864        -999.447195194159         647.100955296682         604.694614676495           0.687742701168          -0.214984419095           0.073146942620
2027-12-12-19-00-00.00      164267.326950680173      170008.713856985240      129357.345694680131       -1011.866640044811         635.489994256798         595.444486857315           0.689904869761          -0.210292265523           0.076381147769
2027-12-12-20-00-00.00      160602.697899204853      172275.406122453453      131484.091012872872       -1023.988468048836         623.765012056728         586.058404989605           0.692059310853          -0.205600910634           0.079596345826
2027-12-12-21-00-00.00      156894.971597809985      174499.692756048404      133576.808477854880       -1035.808956702370         611.932374862359         576.540881164024           0.694206519698          -0.200911203665           0.082791553035
2027-12-12-22-00-00.00      153145.239199351752      176681.197726023674      135635.033111271914       -1047.324629970622         599.998492624635         566.896487492706           0.696347009469          -0.196224008029           0.085965792915
2027-12-12-23-00-00.00      149354.603922873765      178819.568140407442      137658.316493363789       -1058.532260883874         587.969809092157         557.129850060146           0.698481310397          -0.191540201585           0.089118096863
2027-12-13-00-00-00.00      145524.180152871995      180914.474350384204      139646.226946332114       -1069.428873655919         575.852791763753         547.245642880630           0.700609969045          -0.186860676171           0.092247504757
2027-12-13-01-00-00.00      141655.092532030947      182965.610017819476      141598.349696087738       -1080.011745330893         563.653921814932         537.248581884950           0.702733547510          -0.182186337112           0.095353065545
2027-12-13-02-00-00.00      137748.475048733642      184972.692146309884      143514.287012379151       -1090.278406962903         551.379684032164         527.143418952960           0.704852622429          -0.177518103459           0.098433837841
2027-12-13-03-00-00.00      133805.470121220511      186935.461076172098      145393.658327571204       -1100.226644327699         539.036556805036         516.934936013265           0.706967784090          -0.172856907471           0.101488890501
2027-12-13-04-00-00.00      129827.227679983378      188853.680443501071      147236.100334314950       -1109.854498179711         526.631002202056         506.627939223477           0.709079635495          -0.168203694085           0.104517303202
2027-12-13-05-00-00.00      125814.904250063351      190727.137103750923      149041.267062440776       -1119.160264057299         514.169456177770         496.227253246756           0.711188791226          -0.163559421099           0.107518167013
2027-12-13-06-00-00.00      121769.662034843946      192555.641020344046      150808.829935435846       -1128.142491647283         501.658318945928         485.737715635534           0.713295876425          -0.158925058608           0.110490584962
2027-12-13-07-00-00.00      117692.668002888793      194339.025118945545      152538.477806905517       -1136.799983722752         489.103945551095         475.164171331106           0.715401525724          -0.154301588410           0.113433672585
2027-12-13-08-00-00.00      113585.092979400593      196077.145108284953      154229.916977463610       -1145.131794656487         476.512636690632         464.511467288156           0.717506382003          -0.149690004137           0.116346558488
2027-12-13-09-00-00.00      109448.110743729587      197769.879268364777      155882.871192492981       -1153.137228533179         463.890629805983         453.784447226993           0.719611095259          -0.145091310629           0.119228384882
2027-12-13-10-00-00.00      105282.897134407118      199417.128207177098      157497.081621254940       -1160.815836865940         451.244090490538         442.987946518420           0.721716321427          -0.140506523262           0.122078308118
2027-12-13-11-00-00.00      101090.629163083315      201018.814587097382      159072.306817824487       -1168.167415934163         438.579104242199         432.126787202485           0.723822721063          -0.135936668024           0.124895499219
2027-12-13-12-00-00.00       96872.484138717278      202574.882822265034      160608.322664335807       -1175.192003753072         425.901668596895         421.205773142128           0.725930958125          -0.131382780807           0.127679144391
2027-12-13-13-00-00.00       92629.638803300040      204085.298748349596      162104.922297022218       -1181.889876694502         413.217685664463         410.229685310988           0.728041698729          -0.126845906663           0.130428445531
2027-12-13-14-00-00.00       88363.268480389714      205550.049266260845      163561.916015534371       -1188.261545761400         400.532955107294         399.203277215040           0.730155609781          -0.122327099804           0.133142620722
2027-12-13-15-00-00.00       84074.546237610411      206969.141961348214      164979.131176011753       -1194.307752542671         387.853167566833         388.131270445178           0.732273357715          -0.117827422810           0.135820904714
2027-12-13-16-00-00.00       79764.642064318599      208342.604699830728      166356.412068377336       -1200.029464846636         375.183898574823         377.018350358685           0.734395607217          -0.113347945805           0.138462549387
2027-12-13-17-00-00.00       75434.722065518887      209670.485204164899      167693.619778310473       -1205.427872034584         362.530602952237         365.869161885194           0.736523019847          -0.108889746378           0.141066824212
2027-12-13-18-00-00.00       71085.947673121045      210952.850609166955      168990.632034338516       -1210.504380059074         349.898609714905         354.688305452429           0.738656252777          -0.104453908710           0.143633016678
2027-12-13-19-00-00.00       66719.474875563246      212189.787000706972      170247.343040468404       -1215.260606221167         337.293117489273         343.480333025863           0.740795957515          -0.100041522659           0.146160432709
2027-12-13-20-00-00.00       62336.453466804538      213381.398938828264      171463.663294755883       -1219.698373656342         324.719190443308         332.249744256029           0.742942778575          -0.095653683616           0.148648397065
2027-12-13-21-00-00.00       57938.026315637042      214527.808967144840      172639.519394190371       -1223.819705560870         312.181754731860         321.000982727277           0.745097352237          -0.091291491539           0.151096253713
2027-12-13-22-00-00.00       53525.328656236452      215629.157110365806      173774.853826248698       -1227.626819170310         299.685595453094         309.738432302458           0.747260305331          -0.086956049973           0.153503366174
2027-12-13-23-00-00.00       49099.487400798134      216685.600361757388      174869.624747456779       -1231.122119503137         287.235354108138         298.466413559285           0.749432253975          -0.082648465829           0.155869117856
2027-12-14-00-00-00.00       44661.620475141586      217697.312162383023      175923.805749281513       -1234.308192882635         274.835526554295         287.189180315833           0.751613802413          -0.078369848358           0.158192912349
2027-12-14-01-00-00.00       40212.836177968857      218664.481873808254      176937.385611675389       -1237.187800249177         262.490461438297         275.910916244445           0.753805541887          -0.074121308099           0.160474173688
2027-12-14-02-00-00.00       35754.232564585021      219587.314246026945      177910.368044590403       -1239.763870278680         250.204359092599         264.635731575248           0.756008049477          -0.069903956615           0.162712346605
2027-12-14-03-00-00.00       31286.896855693296      220466.028882204002      178842.771417790907       -1242.039492317404         237.981270877650         253.367659892004           0.758221887057          -0.065718905406           0.164906896728
2027-12-14-04-00-00.00       26811.904871978491      221300.859701844951      179734.628479302832       -1244.017909157121         225.825098943598         242.110655024613           0.760447600275          -0.061567264822           0.167057310755
2027-12-14-05-00-00.00       22330.320494921903      222092.054403805203      180585.986062858137       -1245.702509648699         213.739596397528         230.868588043154           0.762685717538          -0.057450143758           0.169163096599
2027-12-14-06-00-00.00       17843.195154482713      222839.873930599395      181396.904784709448       -1247.096821187065         201.728367841554         219.645244359880           0.764936749094          -0.053368648551           0.171223783491
2027-12-14-07-00-00.00       13351.567344081481      223544.591935292934      182167.458730216662       -1248.204502074224         189.794870261916         208.444320945501           0.767201186157          -0.049323881859           0.173238922045
2027-12-14-08-00-00.00        8856.462163183734      224206.494252153032      182897.735130626592       -1249.029333779151         177.942414240439         197.269423667227           0.769479500046          -0.045316942361           0.175208084297
2027-12-14-09-00-00.00        4358.890888012161      224825.878372241568      183587.834030502767       -1249.575213114776         166.174165462269         186.124064755711           0.771772141417          -0.041348923642           0.177130863694
2027-12-14-10-00-00.00        -140.149429540514      225403.052924896270      184237.867946277722       -1249.846144349789         154.493146492236         175.011660409131           0.774079539542          -0.037420913084           0.179006875053
2027-12-14-11-00-00.00       -4639.676334478132      225938.337166066340      184847.961516439886       -1249.846231277171         142.902238793904         163.935528542199           0.776402101610          -0.033533991582           0.180835754480
2027-12-14-12-00-00.00       -9138.722312661770      226432.060474314058      185418.251143890520       -1249.579669258977         131.404184966013         152.898886688409           0.778740212123          -0.029689232451           0.182617159255
2027-12-14-13-00-00.00      -13636.335106150354      226884.561855215463      185948.884631035762       -1249.050737269604         120.001591171133         141.904850063920           0.781094232321          -0.025887700351           0.184350767671
2027-12-14-14-00-00.00      -18131.577999907513      227296.189454819018      186440.020808212663       -1248.263789960640         108.696929733132         130.956429801179           0.783464499660          -0.022130451044           0.186036278853
2027-12-14-15-00-00.00      -22623.530080007185      227667.300082727626      186891.829156074615       -1247.223249766958          97.492541881877         120.056531360440           0.785851327355          -0.018418530353           0.187673412521
2027-12-14-16-00-00.00      -27111.286463551096      227998.258745289757      187304.489422588347       -1245.933599080485          86.390640623162         109.207953126536           0.788255003962          -0.014752973129           0.189261908734
2027-12-14-17-00-00.00      -31593.958500538196      228289.438189324719      187678.191235324950       -1244.399372504208          75.393313716958          98.413385198086           0.790675793018          -0.011134803083           0.190801527597
2027-12-14-18-00-00.00      -36070.673948048054      228541.218456733215      188013.133709744987       -1242.625149217712          64.502526743842          87.675408373853           0.793113932720          -0.007565031809           0.192292048929
2027-12-14-19-00-00.00      -40540.577117151697      228753.986450284661      188309.525054196885       -1240.615545459424          53.720126246195          76.996493341444           0.795569635661          -0.004044657815           0.193733271910
2027-12-14-20-00-00.00      -45002.828993014446      228928.135510823369      188567.582172360009       -1238.375207162524          43.047842926845          66.379000068278           0.798043088608          -0.000574666447           0.195125014693
2027-12-14-21-00-00.00      -49456.607328754355      229064.065006075718      188787.530263865076       -1235.908802737610          32.487294895128          55.825177397660           0.800534452323           0.002843971024           0.196467113989
2027-12-14-22-00-00.00      -53901.106713654037      229162.179931207589      188969.602423819655       -1233.221016039262          22.039990945717          45.337162845606           0.803043861419           0.006210298273           0.197759424627
2027-12-14-23-00-00.00      -58335.538616375066      229222.890521230904      189114.039241962775       -1230.316539519017          11.707333861215          34.916982596238           0.805571424274           0.009523373917           0.199001819095
2027-12-15-00-00-00.00      -62759.131403875952      229246.611875325878      189221.088402155030       -1227.200067582273           1.490623728459          24.566551690393           0.808117222967           0.012782272333           0.200194187049
2027-12-15-01-00-00.00      -67171.130336823830      229233.763593115582      189291.004282881157       -1223.876290165793          -8.608938739879          14.287674400652           0.810681313246           0.015986084448           0.201336434806
2027-12-15-02-00-00.00      -71570.797542279252      229184.769422895362      189324.047559432773       -1220.349886535258         -18.590248885775           4.082044788410           0.813263724554           0.019133917632           0.202428484828
2027-12-15-03-00-00.00      -75957.411964479325      229100.056921800220      189320.484808409645       -1216.625519327509         -28.452294794515          -6.048752567620           0.815864460070           0.022224896429           0.203470275172
2027-12-15-04-00-00.00      -80330.269294610698      228980.057127869106      189280.588115143240       -1212.707828835822         -38.194153996919         -16.103241677620           0.818483496763           0.025258163258           0.204461758938
2027-12-15-05-00-00.00      -84688.681880463977      228825.204243950662      189204.634684620571       -1208.601427546220         -47.814990189633         -26.080054090759           0.821120785520           0.028232878207           0.205402903698
2027-12-15-06-00-00.00      -89031.978616873297      228635.935333377449      189092.906456455676       -1204.310894930439         -57.314049976874         -35.977927699407           0.823776251265           0.031148219679           0.206293690920
2027-12-15-07-00-00.00      -93359.504817887762      228412.690027328295      188945.689724408468       -1199.840772495914         -66.690659636968         -45.795705407385           0.826449793091           0.034003385005           0.207134115372
2027-12-15-08-00-00.00      -97670.622071564590      228155.910243779101      188763.274760933535       -1195.195559095255         -75.944221915737         -55.532333674621           0.829141284467           0.036797590145           0.207924184525
2027-12-15-09-00-00.00     -101964.708078380354      227866.039917953778      188545.955447156535       -1190.379706492324         -85.074212849629         -65.186860949461           0.831850573422           0.039530070255           0.208663917949
2027-12-15-10-00-00.00     -106241.156474074814      227543.524744140188      188294.028908705077       -1185.397615184979         -94.080178619547         -74.758436003182           0.834577482735           0.042200080212           0.209353346701
2027-12-15-11-00-00.00     -110499.376637988593      227188.811928792013      188007.795157658518       -1180.253630478197        -102.961732438660         -84.246306178092           0.837321810211           0.044806894244           0.209992512708
2027-12-15-12-00-00.00     -114738.793487651565      226802.349954757607      187687.556740964064       -1174.952038806652        -111.718551474368         -93.649815565322           0.840083328907           0.047349806401           0.210581468149
2027-12-15-13-00-00.00     -118958.847260611801      226384.588356535416      187333.618395501253       -1169.497064297610        -120.350373807603        -102.968403123708           0.842861787377           0.049828131031           0.211120274837
2027-12-15-14-00-00.00     -123158.993284271157      225935.977506393014      186946.286710026499       -1163.892865571913        -128.856995429552        -112.201600755701           0.845656909985           0.052241202312           0.211609003591
2027-12-15-15-00-00.00     -127338.701734680173      225456.968411247042      186525.869794070954       -1158.143532768054        -137.238267280241        -121.349031348493           0.848468397180           0.054588374673           0.212047733618
2027-12-15-16-00-00.00     -131497.457384956127      224948.012520109536      186072.676953963586       -1152.253084799593        -145.494092323990        -130.410406803270           0.851295925762           0.056869023195           0.212436551889
2027-12-15-17-00-00.00     -135634.759344258608      224409.561542001989      185587.018375939311       -1146.225466810594        -153.624422671794        -139.385526049305           0.854139149239           0.059082543082           0.212775552518
2027-12-15-18-00-00.00     -139750.120787950786      223842.067274144909      185069.204816404730       -1140.064547845762        -161.629256742553        -148.274273068859           0.856997698119           0.061228350024           0.213064836139
2027-12-15-19-00-00.00     -143843.068679740129      223245.981440294941      184519.547299281054       -1133.774118704263        -169.508636470864        -157.076614931427           0.859871180201           0.063305880540           0.213304509290
2027-12-15-20-00-00.00     -147913.143486409332      222621.755539050733      183938.356820388988       -1127.357889986607        -177.262644553827        -165.792599860732           0.862759180952           0.065314591395           0.213494683793
2027-12-15-21-00-00.00     -151959.898885833798      221969.840701995505      183325.944058725581       -1120.819490302381        -184.891401744754        -174.422355331845           0.865661263808           0.067253959910           0.213635476143
2027-12-15-22-00-00.00     -155982.901468940021      221290.687561503612      182682.619094408496       -1114.162464641829        -192.395064187998        -182.966086217689           0.868576970485           0.069123484271           0.213727006887
2027-12-15-23-00-00.00     -159981.730435526988      220584.746128058556      182008.691133719112       -1107.390272891116        -199.773820796789        -191.424072998917           0.871505821355           0.070922682879           0.213769400022
2027-12-16-00-00-00.00     -163955.977286074340      219852.465676948312      181304.468239405367       -1100.506288478165        -207.027890677867        -199.796670026845           0.874447315756           0.072651094638           0.213762782379
2027-12-16-01-00-00.00     -167905.245507819229      219094.294644141453      180570.257068155915       -1093.513797145636        -214.157520594809        -208.084303885009           0.877400932295           0.074308279212           0.213707283017
2027-12-16-02-00-00.00     -171829.150257130445      218310.680531212332      179806.362613299163       -1086.415995823143        -221.162982480837        -216.287471827305           0.880366129234           0.075893816349           0.213603032618
2027-12-16-03-00-00.00     -175727.318037890334      217502.069819136697      179013.087953056267       -1079.215991597248        -228.044570995352        -224.406740319229           0.883342344782           0.077407306121           0.213450162875
2027-12-16-04-00-00.00     -179599.386376362643      216668.907890822302      178190.734003818303       -1071.916800762826        -234.802601126675        -232.442743686765           0.886328997390           0.078848369167           0.213248805896
2027-12-16-05-00-00.00     -183445.003492697811      215811.638962150901      177339.599278139794       -1064.521347941135        -241.437405841593        -240.396182880970           0.889325486125           0.080216645969           0.212999093588
2027-12-16-06-00-00.00     -187263.827969433332      214930.706021430931      176459.979646903754       -1057.032465254278        -247.949333780636        -248.267824367858           0.892331190940           0.081511797080           0.212701157055
2027-12-16-07-00-00.00     -191055.528417064779      214026.550777046592      175552.168105276156       -1049.452891540395        -254.338746999251        -256.058499151026           0.895345472955           0.082733503335           0.212355125987
2027-12-16-08-00-00.00     -194819.783136828279      213099.613613147376      174616.454541946616       -1041.785271589692        -260.606018757997        -263.769101928669           0.898367674792           0.083881465108           0.211961128049
2027-12-16-09-00-00.00     -198556.279780840938      212150.333553259494      173653.125511050690       -1034.032155408393        -266.751531348410        -271.400590416764           0.901397120831           0.084955402512           0.211519288262
2027-12-16-10-00-00.00     -202264.715009496897      211179.148231586762      172662.464006351773       -1026.195997457081        -272.775673976793        -278.953984806836           0.904433117442           0.085955055608           0.211029728387
2027-12-16-11-00-00.00     -205944.794146072556      210186.493871844548      171644.749237080192       -1018.279155884498        -278.678840683793        -286.430367408068           0.907474953296           0.086880183628           0.210492566293
2027-12-16-12-00-00.00     -209596.230828693049      209172.805273606005      170600.256404545857       -1010.283891729909        -284.461428306726        -293.830882471470           0.910521899568           0.087730565177           0.209907915325
2027-12-16-13-00-00.00     -213218.746659064025      208138.515805715491      169529.256479393836       -1002.212368050502        -290.123834501666        -301.156736177644           0.913573210126           0.088505998418           0.209275883664
2027-12-16-14-00-00.00     -216812.070848214935      207084.057406954642      168432.015978201787        -994.066649006510        -295.666455795081        -308.409196856265           0.916628121790           0.089206300296           0.208596573669
2027-12-16-15-00-00.00     -220375.939858607773      206009.860593469493      167308.796739118377        -985.848698840497        -301.089685695553        -315.589595396626           0.919685854479           0.089831306726           0.207870081219
2027-12-16-16-00-00.00     -223910.097042458219      204916.354472975334      166159.855695560545        -977.560380756797        -306.393912851708        -322.699325890425           0.922745611336           0.090380872781           0.207096495028
2027-12-16-17-00-00.00     -227414.292275799846      203803.966765491612      164985.444647169206        -969.203455671509        -311.579519265558        -329.739846506676           0.925806578917           0.090854871905           0.206275895958
2027-12-16-18-00-00.00     -230888.281587787089      202673.123830409546      163785.810027166415        -960.779580823304        -316.646878555956        -336.712680629320           0.928867927266           0.091253196106           0.205408356308
2027-12-16-19-00-00.00     -234331.826784684294      201524.250699692260      162561.192665174865        -952.290308204980        -321.596354288879        -343.619418243635           0.931928809956           0.091575756155           0.204493939083
2027-12-16-20-00-00.00     -237744.695067891385      200357.771116991149      161311.827544508124        -943.737082812666        -326.428298363014        -350.461717619272           0.934988364191           0.091822480793           0.203532697247
2027-12-16-21-00-00.00     -241126.658645282791      199174.107582455006      160037.943552872224        -935.121240672414        -331.143049466234        -357.241307283616           0.938045710784           0.091993316941           0.202524672945
2027-12-16-22-00-00.00     -244477.494334988558      197973.681402951042      158739.763225428294        -926.444006623805        -335.740931602727        -363.959988317355           0.941099954095           0.092088229913           0.201469896710
2027-12-16-23-00-00.00     -247796.983160731208      196756.912747463997      157417.502478954411        -917.706491827318        -340.222252700232        -370.619636987697           0.944150182016           0.092107202641           0.200368386629
2027-12-17-00-00-00.00     -251084.909937652119      195524.220707360277      156071.370335863525        -908.909690966390        -344.587303302746        -377.222207751308           0.947195465827           0.092050235902           0.199220147484
2027-12-17-01-00-00.00     -254341.062847403286      194276.023361140047      154701.568636818673        -900.054479096761        -348.836355369076        -383.769736631118           0.950234860001           0.091917348569           0.198025169862
2027-12-17-02-00-00.00     -257565.233001307672      193012.737843390409      153308.291740272602        -891.141608126015        -352.969661172387        -390.264345039610           0.953267402043           0.091708576857           0.196783429214
2027-12-17-03-00-00.00     -260757.213990006887      191734.780417402653      151891.726207612810        -882.171702852216        -356.987452340529        -396.708244024021           0.956292112188           0.091423974595           0.195494884893
2027-12-17-04-00-00.00     -263916.801418049843      190442.566551017400      150452.050472078903        -873.145256538072        -360.889939037156        -403.103739015257           0.959307993034           0.091063613522           0.194159479126
2027-12-17-05-00-00.00     -267043.792421639024      189136.510995132412      148989.434489616309        -864.062625956365        -364.677309317533        -409.453235090371           0.962314029193           0.090627582585           0.192777135951
2027-12-17-06-00-00.00     -270137.985167442006      187817.027864123374      147504.039369924954        -854.924025855383        -368.349728680984        -415.759242804685           0.965309186786           0.090115988271           0.191347760094
2027-12-17-07-00-00.00     -273199.178330426337      186484.530717545946      145996.016985251481        -845.729522777695        -371.907339855689        -422.024384624797           0.968292412854           0.089528954984           0.189871235796
2027-12-17-08-00-00.00     -276227.170548109803      185139.432642085303      144465.509554993158        -836.479028164991        -375.350262850456        -428.251402022826           0.971262634768           0.088866624412           0.188347425563
2027-12-17-09-00-00.00     -279221.759848596295      183782.146332778822      142912.649203490873        -827.172290666734        -378.678595322214        -434.443163271528           0.974218759456           0.088129155964           0.186776168865
2027-12-17-10-00-00.00     -282182.743049424491      182413.084172329283      141337.557488228893        -817.808887576492        -381.892413301700        -440.602672031804           0.977159672532           0.087316727259           0.185157280753
2027-12-17-11-00-00.00     -285109.915123754065      181032.658306959172      139740.344895919814        -808.388215278794        -384.991772358486        -446.733076742735           0.980084237380           0.086429533611           0.183490550393
2027-12-17-12-00-00.00     -288003.068530326243      179641.280717269285      138121.110302941583        -798.909478617209        -387.976709261907        -452.837680939491           0.982991294044           0.085467788619           0.181775739526
2027-12-17-13-00-00.00     -290861.992502963461      178239.363282036036      136479.940397021099        -789.371679049721        -390.847244237835        -458.919954544176           0.985879657969           0.084431724820           0.180012580828
2027-12-17-14-00-00.00     -293686.472295095504      176827.317832705448      134816.909056230594        -779.773601460185        -393.603383922023        -464.983546226977           0.988748118678           0.083321593364           0.178200776173
2027-12-17-15-00-00.00     -296476.288374092837      175405.556195751793      133132.076681643492        -770.113799470070        -396.245125138344        -471.032296922299           0.991595438193           0.082137664828           0.176339994790
2027-12-17-16-00-00.00     -299231.215559826174      173974.490219784202      131425.489478930802        -760.390579081056        -398.772459649224        -477.070254595439           0.994420349283           0.080880230115           0.174429871309
2027-12-17-17-00-00.00     -301951.022101031442      172534.531783522660      129697.178684449696        -750.601980459984        -401.185380052153        -483.101690379052           0.997221553576           0.079549600427           0.172470003682
2027-12-17-18-00-00.00     -304635.468682446459      171086.092780182604      127947.159730582454        -740.745757648917        -403.483887034209        -489.131116173517           0.999997719371           0.078146108399           0.170459950976
2027-12-17-19-00-00.00     -307284.307354799996      169629.585072919639      126175.431344967379        -730.819355964824        -405.667998229233        -495.163303845917           1.002747479216           0.076670109394           0.168399231028
2027-12-17-20-00-00.00     -309897.280378900003      168165.420415087079      124381.974577500849        -720.819886816672        -407.737758974961        -501.203306121978           1.005469427260           0.075121981902           0.166287317950
2027-12-17-21-00-00.00     -312474.118973968725      166694.010327829921      122566.751748882511        -710.744099649783        -409.693255311422        -507.256479344704           1.008162116247           0.073502129183           0.164123639488
2027-12-17-22-00-00.00     -315014.541959321068      165215.765926248598      120729.705313639395        -700.588350676737        -411.534629640246        -513.328508189310           1.010824054172           0.071810981152           0.161907574206
2027-12-17-23-00-00.00     -317518.254277088679      163731.097683632659      118870.756630716874        -690.348568024104        -413.262099536739        -519.425432469713           1.013453700621           0.070048995431           0.159638448512
2027-12-18-00-00-00.00     -319984.945382500009      162240.415121513826      116989.804633145774        -680.020212887998        -414.875980294129        -525.553676186716           1.016049462632           0.068216659780           0.157315533495
2027-12-18-01-00-00.00     -322414.287486373971      160744.126410738972      115086.724389341427        -669.598236234034        -416.376711904781        -531.720078899427           1.018609690104           0.066314494866           0.154938041591
2027-12-18-02-00-00.00     -324805.933632998553      159242.637866233999      113161.365547000110        -659.077030540432        -417.764891305318        -537.931929514419           1.021132670737           0.064343056350           0.152505123059
2027-12-18-03-00-00.00     -327159.515594542667      157736.353314750682      111213.550650878649        -648.450376034077        -419.041310875032        -544.197002564834           1.023616624354           0.062302938506           0.150015862268
2027-12-18-04-00-00.00     -329474.641561107303      156225.673311022460      109243.073325517311        -637.711380818544        -420.207004367353        -550.523596973330           1.026059696585           0.060194778375           0.147469273814
2027-12-18-05-00-00.00     -331750.893603286473      154710.994173122454      107249.696314002154        -626.852414250628        -421.263301676890        -556.920577234998           1.028459951893           0.058019259452           0.144864298452
2027-12-18-06-00-00.00     -333987.824881708657      153192.706802293542      105233.149364330166        -615.865032885092        -422.211894114003        -563.397416881272           1.030815365763           0.055777117163           0.142199798884
2027-12-18-07-00-00.00     -336184.956575550779      151671.195245957701      103193.126955723797        -604.739898272527        -423.054912168791        -569.964243855217           1.033123816033           0.053469145177           0.139474555407
2027-12-18-08-00-00.00     -338341.774499375955      150146.834954779741      101129.285858623611        -593.466685902197        -423.795018130546        -576.631887417545           1.035383073277           0.051096201594           0.136687261479
2027-12-18-09-00-00.00     -340457.725375158130      148619.990675515699       99041.242524466812        -582.033984584338        -424.435516354124        -583.411925724056           1.037590790088           0.048659217342           0.133836519234
2027-12-18-10-00-00.00     -342532.212723947421      147091.013910176320       96928.570304244538        -570.429185647845        -424.980484484667        -590.316733063119           1.039744489187           0.046159205883           0.130920835048
2027-12-18-11-00-00.00     -344564.592339515279      145560.239859346999       94790.796500031778        -558.638361451583        -425.434929541022        -597.359525173929           1.041841550240           0.043597273348           0.127938615227
2027-12-18-12-00-00.00     -346554.167304957111      144027.983752081927       92627.399259819591        -546.646132937035        -425.804973442218        -604.554400542577           1.043879195235           0.040974631529           0.124888161976
2027-12-18-13-00-00.00     -348500.182512808417      142494.536447023100       90437.804335234716        -534.435526302855        -426.098073319997        -611.916374732739           1.045854472297           0.038292612945           0.121767669811
2027-12-18-14-00-00.00     -350401.818650442816      140960.159168613784       88221.381733889080        -521.987819423928        -426.323282807261        -619.461403815662           1.047764237855           0.035552687196           0.118575222649
2027-12-18-15-00-00.00     -352258.185616088624      139425.077218431630       85977.442314704138        -509.282379429270        -426.491561394726        -627.206391633478           1.049605136985           0.032756481201           0.115308791886
2027-12-18-16-00-00.00     -354068.315337830572      137889.472474413953       83705.234396286629        -496.296493990199        -426.616139875532        -635.169173954710           1.051373581887           0.029905802671           0.111966235836
2027-12-18-17-00-00.00     -355831.153979856696      136353.474460307625       81403.940477224925        -483.005200466344        -426.712950756250        -643.368470397012           1.053065728409           0.027002666193           0.108545301033
2027-12-18-18-00-00.00     -357545.553538905166      134817.149734467821       79072.674204859184        -469.381119268100        -426.801133207229        -651.823792284524           1.054677450630           0.024049324719           0.105043626024
2027-12-18-19-00-00.00     -359210.262861918833      133280.489311786485       76710.477777235952        -455.394300801736        -426.903622427346        -660.555291208238           1.056204313586           0.021048305965           0.101458748450
2027-12-18-20-00-00.00     -360823.918156552128      131743.393797460158       74316.320025261768        -441.012099407921        -427.047832995642        -669.583528988469           1.057641544339           0.018002453295           0.097788116392
2027-12-18-21-00-00.00     -362385.033123589237      130205.655879080383       71889.095500189913        -426.199093035203        -427.266444330911        -678.929144760227           1.058984001807           0.014914974000           0.094029105231
2027-12-18-22-00-00.00     -363891.988919889554      128666.939799020067       69427.624988743089        -410.917074283347        -427.598293196362        -688.612389170622           1.060226145984           0.011789494590           0.090179041512
2027-12-18-23-00-00.00     -365343.024267153582      127126.757421253904       66930.657997686532        -395.125147219993        -428.089372513197        -698.652489414817           1.061362007537           0.008630122627           0.086235235643
2027-12-19-00-00-00.00     -366736.226166516077      125584.440524055259       64396.877892033517        -378.779975116269        -428.793926372197        -709.066802439027           1.062385159250           0.005441517852           0.082195025608
2027-12-19-01-00-00.00     -368069.521860345034      124039.109012847533       61824.910535598254        -361.836236963100        -429.775616124809        -719.869707417674           1.063288691379           0.002228971749           0.078055834213
2027-12-19-02-00-00.00     -369340.672919851437      122489.634872212788       59213.337465690442        -344.247364904110        -431.108711190284        -731.071185364775           1.064065193693          -0.001001505720           0.073815242733
2027-12-19-03-00-00.00     -370547.272620852105      120934.601897212327       56560.714823218514        -325.966649229996        -432.879227234692        -742.675033945103           1.064706748058          -0.004243090845           0.069471084077
2027-12-19-04-00-00.00     -371686.748106357525      119372.261592513969       53865.599433362971        -306.948810039408        -435.185893122075        -754.676674122086           1.065204936448          -0.007488045301           0.065021558641
2027-12-19-05-00-00.00     -372756.369205439056      117800.486146652111       51126.583555249548        -287.152141078818        -438.140775359338        -767.060526321162           1.065550870528          -0.010727614018           0.060465375769
2027-12-19-06-00-00.00     -373753.266151417221      116216.720116325945       48342.339834726030        -266.541325059171        -441.869325633415        -779.796973277062           1.065735250420          -0.013951924652           0.055801922993
2027-12-19-07-00-00.00     -374674.458758705063      114617.933420663248       45511.677824156432        -245.090992402521        -446.509549653627        -792.838991715892           1.065748461292          -0.017149897205           0.051031463692
2027-12-19-08-00-00.00     -375516.899779924075      113000.579446146425       42633.612975016462        -222.790035278423        -452.209934681248        -806.118630744508           1.065580717148          -0.020309175100           0.046155361338
2027-12-19-09-00-00.00     -376277.535035526962      111360.563439276972       39707.448146771640        -199.646584884153        -459.125740430921        -819.543643261517           1.065222261131          -0.023416088750           0.041176324707
2027-12-19-10-00-00.00     -376953.382311277208      109693.227765106974       36732.866301769798        -175.693403529659        -467.413283165132        -832.994730187413           1.064663629839          -0.026455668708           0.036098663366
2027-12-19-11-00-00.00     -377541.629766580008      107993.361757736420       33710.031114800033        -150.993236813139        -477.221964691872        -846.324013663402           1.063895985232          -0.029411727397           0.030928536452
2027-12-19-12-00-00.00     -378039.752539223875      106255.244368085449       30639.689777625776        -125.643436212926        -488.684053229453        -859.355471960314           1.062911511285          -0.032267024964           0.025674170884
2027-12-19-13-00-00.00     -378445.643348289770      104472.727100331278       27523.269573733931         -99.778948738633        -501.902630525650        -871.888083105338           1.061703862828          -0.035003534980           0.020346018972
2027-12-19-14-00-00.00     -378757.749397502746      102639.362303858172       24362.957334711722         -73.572657470070        -516.938653616844        -883.702264495312           1.060268642068          -0.037602818297           0.014956821644
2027-12-19-15-00-00.00     -378975.204298806319      100748.577441223373       21161.749400450648         -47.232140148126        -533.798647029009        -894.569808339020           1.058603865894          -0.040046498259           0.009521544623
2027-12-19-16-00-00.00     -379097.940938214073       98793.889640846348       17923.460029716192         -20.992273030343        -552.424976832477        -904.266900400890           1.056710376402          -0.042316818113           0.004057162643
2027-12-19-17-00-00.00     -379126.770226986147       96769.147512466167       14652.679011843733           4.896247036876        -572.690755187538        -912.589068693411           1.054592142270          -0.044397244588          -0.001417717819
2027-12-19-18-00-00.00     -379063.412413512124       94668.780394801302       11354.674652988284          30.181557012319        -594.401017152310        -919.366234073646           1.052256403040          -0.046273063984          -0.006883385290
2027-12-19-19-00-00.00     -378910.472382996988       92488.030837235594        8035.245675268890          54.626751659444        -617.300874523562        -924.475670366568           1.049713622723          -0.047931913022          -0.012319663637
2027-12-19-20-00-00.00     -378671.357550960092       90223.145838842305        4700.533377512849          78.025266579037        -641.090064371021        -927.850820010841           1.046977242641          -0.049364189678          -0.017706609572
2027-12-19-21-00-00.00     -378350.145074634755       87871.506830321086        1356.811731711715         100.213314449443        -665.442031698099        -929.484586440635           1.044063251362          -0.050563299872          -0.023025199467
2027-12-19-22-00-00.00     -377951.412209439848       85431.686821004740       -1989.723755128118         121.077717836119        -690.024817292020        -929.426766374704           1.040989614774          -0.051525721457          -0.028257938793
2027-12-19-23-00-00.00     -377480.047999479866       82903.433523041211       -5333.148377190624         140.558411963467        -714.520829084440        -927.776379288776           1.037775626201          -0.052250892147          -0.033389340978
2027-12-20-00-00-00.00     -376941.065257511975       80287.587071641596       -8667.966055011690         158.645906888217        -738.643073648115        -924.670473405752           1.034441241810          -0.052740947105          -0.038406244582
2027-12-20-01-00-00.00     -376339.429199529055       77585.948043149983      -11989.223416990219         175.374802940137        -762.146385027443        -920.271343248358           1.031006459569          -0.053000349741          -0.043297962214
2027-12-20-02-00-00.00     -375679.914277876436       74801.114771025430      -15292.577780431340         190.814874680446        -784.833274308720        -914.753972292608           1.027490785012          -0.053035464448          -0.048056276117
2027-12-20-03-00-00.00     -374966.995159717393       71936.308598846867      -18574.322456319558         205.061256682850        -806.554928150338        -908.295059795422           1.023912808815          -0.052854113580          -0.052675309884
2027-12-20-04-00-00.00     -374204.772706894786       68995.202685841301      -21831.376647191722         218.224989599104        -827.208444620711        -901.064403210503           1.020289903256          -0.052465155215          -0.057151312408
2027-12-20-05-00-00.00     -373396.932010738994       65981.765609409922      -25061.248970459113         230.424769942024        -846.731590594383        -893.218862234543           1.016638030880          -0.051878106880          -0.061482389884
2027-12-20-06-00-00.00     -372546.727266538073       62900.126470264680      -28261.983679065361         241.780328962607        -865.096281394606        -884.898728423296           1.012971650121          -0.051102826235          -0.065668216781
2027-12-20-07-00-00.00     -371656.987378670950       59754.464289869276      -31432.097550323204         252.407529309938        -882.301740821790        -876.226092278927           1.009303698296          -0.050149253763          -0.069709749535
2027-12-20-08-00-00.00     -370730.136306456581       56548.921567604339      -34570.513753905871         262.415043634221        -898.368005602278        -867.304714727434           1.005645631854          -0.049027216055          -0.073608959136
2027-12-20-09-00-00.00     -369768.222892214952       53287.539978838809      -37676.497240881690         271.902360423678        -913.330165700771        -858.220926130820           1.002007505909          -0.047746281235          -0.077368592179
2027-12-20-10-00-00.00     -368772.955919068423       49974.215193345546      -40749.594597760712         280.958823787193        -927.233516495596        -849.045147762592           0.998398077820          -0.046315659370          -0.080991964649
2027-12-20-11-00-00.00     -367745.741190189903       46612.667448992324      -43789.580015630127         289.663426700988        -940.129648754516        -839.833723471959           0.994824922899          -0.044744140266          -0.084482788999
2027-12-20-12-00-00.00     -366687.718364578905       43206.424602401967      -46796.408065417214         298.085116859408        -952.073411115353        -830.630838811488           0.991294553801          -0.043040058562          -0.087845032693
2027-12-20-13-00-00.00     -365599.796064228634       39758.814708769351      -49770.173311569451         306.283423388334        -963.120632820006        -821.470382671637           0.987812537511          -0.041211280077          -0.091082805023
2027-12-20-14-00-00.00     -364482.684370242234       36272.965623493365      -52711.076387750916         314.309260578271        -973.326478622794        -812.377665002912           0.984383606045          -0.039265204558          -0.094200268472
2027-12-20-15-00-00.00     -363336.924263977911       32751.809576536045      -55619.395928167243         322.205806551732        -982.744310373758        -803.370948084739           0.981011758815          -0.037208778088          -0.097201570761
2027-12-20-16-00-00.00     -362162.913880556822       29198.091107477991      -58495.465651611441         330.009388090437        -991.424942579112        -794.462777203623           0.977700355538          -0.035048512540          -0.100090793993
2027-12-20-17-00-00.00     -360960.931630919804       25614.377114742230      -61339.655878664023         337.750328330400        -999.416196192113        -785.661114797666           0.974452199354          -0.032790510294          -0.102871917638
2027-12-20-18-00-00.00     -359731.156380152504       22003.068095787457      -64152.358799577749         345.453732341763       -1006.762672360777        -776.970292774741           0.971269610590          -0.030440490202          -0.105548792570
2027-12-20-19-00-00.00     -358473.684929065115       18366.409900829145      -66933.976871744700         353.140198366176       -1013.505684128599        -768.391802426233           0.968154491636          -0.028003814368          -0.108125123804
2027-12-20-20-00-00.00     -357188.547075682087       14706.505521914183      -69684.913800495764         360.826450969811       -1019.683298137574        -759.924943239119           0.965108383636          -0.025485515699          -0.110604459966
2027-12-20-21-00-00.00     -355875.718536208500       11025.326589968208      -72405.567632768201         368.525897654309       -1025.330449968470        -751.567351267197           0.962132515916          -0.022890323600          -0.112990187939
2027-12-20-22-00-00.00     -354535.131993155344        7324.724365646712      -75096.325565489344         376.249113652219       -1030.479106161966        -743.315426360004           0.959227848898          -0.020222688377          -0.115285531397
2027-12-20-23-00-00.00     -353166.686518194503        3606.440093432132      -77757.560135624895         384.004261211395       -1035.158453214892        -735.164675252332           0.956395111217          -0.017486805069          -0.117493552224
2027-12-21-00-00-00.00     -351770.255593038455        -127.885351473940      -80389.626516627162         391.797450343299       -1039.395099490445        -727.109985353757           0.953634831879          -0.014686634652          -0.119617154025
2027-12-21-01-00-00.00     -350345.693926500739       -3876.702551063247      -82992.860694891206         399.633048024054       -1043.213280215329        -719.145841829736           0.950947368048          -0.011825923554          -0.121659087119
2027-12-21-02-00-00.00     -348892.843241133436       -7638.545365672703      -85567.578341890025         407.513942506613       -1046.635058917311        -711.266498577690           0.948332929000          -0.008908222481          -0.123621954516
2027-12-21-03-00-00.00     -347411.537179923791      -11412.023466987695      -88114.074232123923         415.441768842102       -1049.680520918568        -703.466111839409           0.945791596859          -0.005936902681          -0.125508218540
2027-12-21-04-00-00.00     -345901.605462576146      -15195.815549209845      -90632.622085991505         423.417101111721       -1052.367956258104        -695.738843731623           0.943323344505          -0.002915170723          -0.127320207801
2027-12-21-05-00-00.00     -344362.877402318118      -18988.663177403294      -93123.474740289486         431.439616209357       -1054.714030572695        -688.078941607873           0.940928051017           0.000153917182          -0.129060124320
2027-12-21-06-00-00.00     -342795.184877905529      -22789.365228165672      -95586.864568198886         439.508233389481       -1056.733943270252        -680.480798050669           0.938605515057           0.003267443088          -0.130730050643
2027-12-21-07-00-00.00     -341198.364841294184      -26596.772876820316      -98023.004086461064         447.621233238802       -1058.441572978502        -672.938995438171           0.936355466461           0.006422616415          -0.132331956852
2027-12-21-08-00-00.00     -339572.261429305014      -30409.785085642001     -100432.086700001833         455.776359193771       -1059.849610553242        -665.448338224796           0.934177576235           0.009616763166          -0.133867707371
2027-12-21-09-00-00.00     -337916.727737142181      -34227.344549573754     -102814.287544667750         463.970904283869       -1060.969680272275        -658.003875516138           0.932071465261           0.012847317087          -0.135339067528
2027-12-21-10-00-00.00     -336231.627302822715      -38048.434057625098     -105169.764396722181         472.201785356828       -1061.812449817240        -650.600915942631           0.930036711839           0.016111811687          -0.136747709838
2027-12-21-11-00-00.00     -334516.835343941522      -41872.073231573857     -107498.658624725809         480.465606724189       -1062.387729930278        -643.235036527244           0.928072858220           0.019407872143          -0.138095219979
2027-12-21-12-00-00.00     -332772.239781905490      -45697.315605815667     -109801.096164447823         488.758714844269       -1062.704564466154        -635.902086831928           0.926179416297           0.022733208853          -0.139383102454
2027-12-21-13-00-00.00     -330997.742083338613      -49523.246015402176     -112077.188501856333         497.077245419683       -1062.771311680519        -628.598189452543           0.924355872562           0.026085611633          -0.140612785942
2027-12-21-14-00-00.00     -329193.257943821372      -53348.978262020770     -114327.033652597878         505.417164066119       -1062.595717486853        -621.319737695290           0.922601692392           0.029462943577          -0.141785628332
2027-12-21-15-00-00.00     -327358.717835325107      -57173.653030492671     -116550.717129059049         513.774301530012       -1062.184981418257        -614.063391109528           0.920916323808           0.032863136374          -0.142902921453
2027-12-21-16-00-00.00     -325494.067435385427      -60996.436030357290     -118748.312888322151         522.144384270310       -1061.545816004447        -606.826069403098           0.919299200731           0.036284186087          -0.143965895517
2027-12-21-17-00-00.00     -323599.267953503761      -64816.516340544818     -120919.884255931858         530.523061106149       -1060.684500101220        -599.604945165933           0.917749745824           0.039724148446          -0.144975723266
2027-12-21-18-00-00.00     -321674.296367803589      -68633.104935944983     -123065.484821838138         538.905926501307       -1059.606926843537        -592.397435731186           0.916267372966           0.043181135439          -0.145933523865
2027-12-21-19-00-00.00     -319719.145583164063      -72445.433377679961     -125185.159305889320         547.288540980209       -1058.318646686408        -585.201194436705           0.914851489398           0.046653312251          -0.146840366531
2027-12-21-20-00-00.00     -317733.824520395137      -76252.752650228867     -127278.944391104291         555.666449086863       -1056.824906016843        -578.014101493905           0.913501497600           0.050138893594          -0.147697273922
2027-12-21-21-00-00.00     -315718.358144655824      -80054.332130239840     -129346.869523612448         564.035195227612       -1055.130681792290        -570.834254620743           0.912216796914           0.053636141235          -0.148505225303
2027-12-21-22-00-00.00     -313672.787440217566      -83849.458673509798     -131388.957678624982         572.390337697295       -1053.240712548944        -563.659959571900           0.910996784946           0.057143361771          -0.149265159496
2027-12-21-23-00-00.00     -311597.169337598607      -87637.435807488975     -133405.226092313358         580.727461117960       -1051.159526194540        -556.489720648510           0.909840858790           0.060658903726          -0.149977977629
2027-12-22-00-00-00.00     -309491.576598491578      -91417.583018621721     -135395.686959570099         589.042187516052       -1048.891464820478        -549.322231282118           0.908748416077           0.064181155761          -0.150644545695
2027-12-22-01-00-00.00     -307356.097662993474      -95189.235124064420     -137360.348098099930         597.330186191228       -1046.440706893326        -542.156364729183           0.907718855862           0.067708545062          -0.151265696949
2027-12-22-02-00-00.00     -305190.836463271175      -98951.741718965626     -139299.213579261763         605.587182536296       -1043.811287030361        -534.991164931948           0.906751579416           0.071239534995          -0.151842234120
2027-12-22-03-00-00.00     -302995.912207133020     -102704.466690850837     -141212.284326403897         613.808965921443       -1041.007113619429        -527.825837565530           0.905845990865           0.074772623824          -0.152374931484
2027-12-22-04-00-00.00     -300771.459134790406     -106446.787793984491     -143099.558681284601         621.991396760447       -1038.031984455703        -520.659741307588           0.905001497732           0.078306343544          -0.152864536795
2027-12-22-05-00-00.00     -298517.626251500682     -110178.096276695258     -144961.032939507480         630.130412831847       -1034.889600622223        -513.492379328380           0.904217511413           0.081839257957          -0.153311773069
2027-12-22-06-00-00.00     -296234.577038680494     -113897.796555758236     -146796.701855731983         638.222034943287       -1031.583578748143        -506.323391025287           0.903493447549           0.085369961753          -0.153717340255
2027-12-22-07-00-00.00     -293922.489145700238     -117605.305932200616     -148606.559119591926         646.262371989230       -1028.117461829071        -499.152543992734           0.902828726307           0.088897079681          -0.154081916788
2027-12-22-08-00-00.00     -291581.554064498749     -121300.054343714160     -150390.597803113458         654.247625474850       -1024.494728706269        -491.979726251442           0.902222772651           0.092419264930          -0.154406161027
2027-12-22-09-00-00.00     -289211.976788804692     -124981.484148972842     -152148.810780626052         662.174093532573       -1020.718802372249        -484.804938716544           0.901675016509           0.095935198480          -0.154690712594
2027-12-22-10-00-00.00     -286813.975459731417     -128649.049939871838     -153881.191122010379         670.038174481448       -1016.793057191427        -477.628287916559           0.901184892878           0.099443588527          -0.154936193627
2027-12-22-11-00-00.00     -284387.780999346462     -132302.218377990386     -155587.732460165687         677.836369959147       -1012.720825147178        -470.449978957710           0.900751841947           0.102943169085          -0.155143209926
2027-12-22-12-00-00.00     -281933.636733694992     -135940.468051942327     -157268.429333583714         685.565287658603       -1008.505401203165        -463.270308734756           0.900375309118           0.106432699544          -0.155312352031
2027-12-22-13-00-00.00     -279451.798006620666     -139563.289352522144     -158923.277504946978         693.221643692762       -1004.150047866833        -456.089659383400           0.900054744987           0.109910964274          -0.155444196223
2027-12-22-14-00-00.00     -276942.531785737956     -143170.184363007487     -160552.274256553035         700.802264604778        -999.657999040888        -448.908491965190           0.899789605355           0.113376771398          -0.155539305440
2027-12-22-15-00-00.00     -274406.116261757968     -146760.666762121109     -162155.418663436751         708.304089057125        -995.032463211569        -441.727340395795           0.899579351156           0.116828952501          -0.155598230140
2027-12-22-16-00-00.00     -271842.840442282672     -150334.261737377761     -163732.711845067533         715.724169198800        -990.276626066539        -434.546805591561           0.899423448338           0.120266362367          -0.155621509092
2027-12-22-17-00-00.00     -269253.003741245775     -153890.505906933395     -165284.157196344313         723.059671751403        -985.393652567616        -427.367549856115           0.899321367808           0.123687877881          -0.155609670112
2027-12-22-18-00-00.00     -266636.915564914816     -157428.947247984121     -166809.760598820227         730.307878799618        -980.386688572139        -420.190291470055           0.899272585282           0.127092397845          -0.155563230741
2027-12-22-19-00-00.00     -263994.894895558362     -160949.145030261076     -168309.530612809234         737.466188331386        -975.258862012536        -413.015799512532           0.899276581103           0.130478842816          -0.155482698881
2027-12-22-20-00-00.00     -261327.269873599318     -164450.669753053458     -169783.478651258920         744.532114514637        -970.013283713285        -405.844888881682           0.899332840141           0.133846154106          -0.155368573365
2027-12-22-21-00-00.00     -258634.377379232232     -167933.103084583650     -171231.619136044261         751.503287748956        -964.653047857462        -398.678415537003           0.899440851585           0.137193293670          -0.155221344505
2027-12-22-22-00-00.00     -255916.562614249444     -171396.037802501029     -172653.969637518690         758.377454474503        -959.181232175284        -391.517271928294           0.899600108723           0.140519244029          -0.155041494579
2027-12-22-23-00-00.00     -253174.178684932500     -174839.077734564402     -174050.550997984101         765.152476778308        -953.600897858425        -384.362382637890           0.899810108808           0.143823007327          -0.154829498290
2027-12-23-00-00-00.00     -250407.586186770641     -178261.837698634132     -175421.387439787155         771.826331788425        -947.915089255985        -377.214700211089           0.900070352818           0.147103605286          -0.154585823186
2027-12-23-01-00-00.00     -247617.152791683387     -181663.943441179028     -176766.506658784463         778.397110883189        -942.126833364577        -370.075201188965           0.900380345204           0.150360079185          -0.154310930047
2027-12-23-02-00-00.00     -244803.252838420070     -185045.031573633401     -178085.939903870574         784.863018704079        -936.239139160976        -362.944882317642           0.900739593741           0.153591488959          -0.154005273236
2027-12-23-03-00-00.00     -241966.266926860873     -188404.749506109656     -179379.722043163056         791.222372009946        -930.254996777054        -355.824756958651           0.901147609270           0.156796913209          -0.153669301027
2027-12-23-04-00-00.00     -239106.581516677543     -191742.755377867463     -180647.891617655376         797.473598354188        -924.177376564409        -348.715851667475           0.901603905424           0.159975449207          -0.153303455903
2027-12-23-05-00-00.00     -236224.588531113084     -195058.717984287156     -181890.490882796468         803.615234619933        -918.009228049073        -341.619202960977           0.902107998476           0.163126212047          -0.152908174828
2027-12-23-06-00-00.00     -233320.684966229019     -198352.316699876246     -183107.565838811977         809.645925406418        -911.753478808480        -334.535854252274           0.902659407070           0.166248334675          -0.152483889494
2027-12-23-07-00-00.00     -230395.272506236128     -201623.241397137521     -184299.166250262933         815.564421284382        -905.413033282730        -327.466852955908           0.903257651939           0.169340967929          -0.152031026556
2027-12-23-08-00-00.00     -227448.757145339419     -204871.192361069552     -185465.345655471610         821.369576931986        -898.990771535419        -320.413247760093           0.903902255757           0.172403279716          -0.151550007829
2027-12-23-09-00-00.00     -224481.548816446360     -208095.880199109757     -186606.161366466084         827.060349149497        -892.489547986573        -313.376086050441           0.904592742865           0.175434455064          -0.151041250481
2027-12-23-10-00-00.00     -221494.061027274613     -211297.025746516068     -187721.674459870730         832.635794785489        -885.912190116511        -306.356411503195           0.905328638991           0.178433696190          -0.150505167208
2027-12-23-11-00-00.00     -218486.710504060698     -214474.359967043390     -188811.949759440758         838.095068554797        -879.261497171784        -299.355261816135           0.906109471111           0.181400221685          -0.149942166380
2027-12-23-12-00-00.00     -215459.916843264305     -217627.623848956544     -189877.055810709368         843.437420781179        -872.540238868563        -292.373666596462           0.906934767179           0.184333266595          -0.149352652190
2027-12-23-13-00-00.00     -212414.102171599341     -220756.568296432000     -190917.064848234266         848.662195063524        -865.751154110558        -285.412645392070           0.907804055848           0.187232082498          -0.148737024775
2027-12-23-14-00-00.00     -209349.690814688656     -223860.954016727104     -191932.052756084042         853.768825872630        -858.896949731823        -278.473205861999           0.908716866354           0.190095936708          -0.148095680331
2027-12-23-15-00-00.00     -206267.108973637572     -226940.551400950411     -192922.099021946400         858.756836087833        -851.980299259216        -271.556342079354           0.909672728240           0.192924112365          -0.147429011217
2027-12-23-16-00-00.00     -203166.784412365552     -229995.140404349338     -193887.286685337487         863.625834485276        -845.003841730638        -264.663032974221           0.910671171105           0.195715908529          -0.146737406046
2027-12-23-17-00-00.00     -200049.146152213740     -233024.510418479127     -194827.702280511992         868.375513182324        -837.970180533523        -257.794240898039           0.911711724488           0.198470639396          -0.146021249768
2027-12-23-18-00-00.00     -196914.624176780955     -236028.460141262272     -195743.435774353740         873.005645044605        -830.881882301545        -250.950910311531           0.912793917622           0.201187634395          -0.145280923739
2027-12-23-19-00-00.00     -193763.649145929434     -239006.797442753974     -196634.580499793810         877.516081065181        -823.741475859127        -244.133966590166           0.913917279177           0.203866238293          -0.144516805795
2027-12-23-20-00-00.00     -190596.652119246399     -241959.339227196499     -197501.233085149608         881.906747729313        -816.551451217175        -237.344314948050           0.915081337179           0.206505810422          -0.143729270301
2027-12-23-21-00-00.00     -187414.064289131667     -244885.911291610042     -198343.493379685853         886.177644346801        -809.314258633999        -230.582839453311           0.916285618769           0.209105724785          -0.142918688210
2027-12-23-22-00-00.00     -184216.316723324242     -247786.348181028850     -199161.464375977434         890.328840402467        -802.032307724489        -223.850402169148           0.917529649970           0.211665370170          -0.142085427104
2027-12-23-23-00-00.00     -181003.840117116924     -250660.493040706613     -199955.252129229455         894.360472886648        -794.707966639552        -217.147842376637           0.918812955620           0.214184149382          -0.141229851237
2027-12-24-00-00-00.00     -177777.064555098797     -253508.197465449077     -200724.965674036182         898.272743641628        -787.343561304409        -210.475975901557           0.920135059151           0.216661479362          -0.140352321568
2027-12-24-01-00-00.00     -174536.419282508694     -256329.321346349810     -201470.716938816069         902.065916706760        -779.941374725961        -203.835594521608           0.921495482372           0.219096791305          -0.139453195798
2027-12-24-02-00-00.00     -171282.332486001396     -259123.732715105085     -202192.620658371481         905.740315695187        -772.503646359506        -197.227465474004           0.922893745425           0.221489529902          -0.138532828389
2027-12-24-03-00-00.00     -168015.231083827239     -261891.307586171402     -202890.794284820906         909.296321187506        -765.032571542528        -190.652331043006           0.924329366584           0.223839153464          -0.137591570595
2027-12-24-04-00-00.00     -164735.540525789227     -264631.929797154036     -203565.357896820962         912.734368119773        -757.530301004019        -184.110908201084           0.925801862046           0.226145134053          -0.136629770485
2027-12-24-05-00-00.00     -161443.684601522342     -267345.490847177280     -204216.434108492627         916.054943266908        -749.998940414668        -177.603888381588           0.927310745921           0.228406956723          -0.135647772953
2027-12-24-06-00-00.00     -158140.085259019834     -270031.889734211843     -204844.147976636741         919.258582680965        -742.440550027264        -171.131937256895           0.928855530042           0.230624119660          -0.134645919745
2027-12-24-07-00-00.00     -154825.162431444100     -272691.032790877856     -205448.626907975326         922.345869220944        -734.857144359919        -164.695694629640           0.930435723778           0.232796134316          -0.133624549468
2027-12-24-08-00-00.00     -151499.333873103315     -275322.833519356966     -206030.000565843395         925.317430096159        -727.250691947945        -158.295774364582           0.932050834041           0.234922524662          -0.132583997605
2027-12-24-09-00-00.00     -148163.015004146640     -277927.212425495032     -206588.400776779687         928.173934459935        -719.623115152266        -151.932764384532           0.933700365120           0.237002827329          -0.131524596528
2027-12-24-10-00-00.00     -144816.618763814011     -280504.096852311632     -207123.961437221180         930.916091047303        -711.976290025298        -145.607226718869           0.935383818505           0.239036591758          -0.130446675512
2027-12-24-11-00-00.00     -141460.555472130218     -283053.420813134057     -207636.818420443626         933.544645861645        -704.312046232351        -139.319697602672           0.937100692924           0.241023379452          -0.129350560739
2027-12-24-12-00-00.00     -138095.232699843094     -285575.124824546045     -208127.109483938984         936.060379909043        -696.632167027429        -133.070687620520           0.938850484185           0.242962764132          -0.128236575316
2027-12-24-13-00-00.00     -134721.055146359722     -288069.155739331560     -208594.974177439814         938.464106995216        -688.938389279198        -126.860681901767           0.940632685027           0.244854331893          -0.127105039281
2027-12-24-14-00-00.00     -131338.424525647017     -290535.466579627886     -209040.553751621570         940.756671558771        -681.232403550493        -120.690140343242           0.942446785170           0.246697680464          -0.125956269614
2027-12-24-15-00-00.00     -127947.739459655786     -292974.016370419355     -209463.991067811323         942.938946583948        -673.515854221532        -114.559497888416           0.944292271174           0.248492419372          -0.124790580245
2027-12-24-16-00-00.00     -124549.395379291251     -295384.769973582705     -209865.430508664635         945.011831548048        -665.790339662700        -108.469164825755           0.946168626312           0.250238170109          -0.123608282069
2027-12-24-17-00-00.00     -121143.784432667089     -297767.697922626045     -210245.017889981187         946.976250440535        -658.057412448643        -102.419527130415           0.948075330632           0.251934565396          -0.122409682953
2027-12-24-18-00-00.00     -117731.295400335133     -300122.776258277823     -210602.900373832410         948.833149828735        -650.318579614664         -96.410946827764           0.950011860841           0.253581249360          -0.121195087747
2027-12-24-19-00-00.00     -114312.313617318941     -302449.986365051125     -210939.226383110741         950.583496998059        -642.575302949542         -90.443762395534           0.951977690182           0.255177877706          -0.119964798297
2027-12-24-20-00-00.00     -110887.220901877561     -304749.314808947849     -211254.145517443278         952.228278134666        -634.828999326608         -84.518289178101           0.953972288525           0.256724116996          -0.118719113457
2027-12-24-21-00-00.00     -107456.395490594936     -307020.753176404745     -211547.808470728400         953.768496579389        -627.081041066810         -78.634819830825           0.955995122257           0.258219644828          -0.117458329103
2027-12-24-22-00-00.00     -104020.211979716114     -309264.297914609255     -211820.366950256488         955.205171129718        -619.332756333990         -72.793624775037           0.958045654180           0.259664150025          -0.116182738146
2027-12-24-23-00-00.00     -100579.041272471091     -311479.950173289340     -212071.973597509379         956.539334411469        -611.585429558237         -66.994952676264           0.960123343613           0.261057331913          -0.114892630545
2027-12-25-00-00-00.00      -97133.250532026141     -313667.715648065438     -212302.781910797901         957.772031315485        -603.840301885620         -61.239030940256           0.962227646300           0.262398900520          -0.113588293326
2027-12-25-01-00-00.00      -93683.203140266487     -315827.604425490252     -212512.946169493283         958.904317466749        -596.098571654585         -55.526066202628           0.964358014318           0.263688576766          -0.112270010600
2027-12-25-02-00-00.00      -90229.258661571381     -317959.630829815054     -212702.621360316640         959.937257797265        -588.361394892538         -49.856244859502           0.966513896197           0.264926091756          -0.110938063575
2027-12-25-03-00-00.00      -86771.772811983479     -320063.813271613093     -212871.963105321833         960.871925132816        -580.629885835734         -44.229733577280           0.968694736838           0.266111186985          -0.109592730581
2027-12-25-04-00-00.00      -83311.097433145958     -322140.174098286021     -213021.127591862547         961.709398870103        -572.905117466944         -38.646679832083           0.970899977432           0.267243614540          -0.108234287087
2027-12-25-05-00-00.00      -79847.580470973189     -324188.739446547639     -213150.271504469303         962.450763696614        -565.188122070872         -33.107212446484           0.973129055596           0.268323136402          -0.106863005722
2027-12-25-06-00-00.00      -76381.565958831547     -326209.539096934255     -213259.551958666183         963.097108370514        -557.479891804830         -27.611442134208           0.975381405304           0.269349524657          -0.105479156299
2027-12-25-07-00-00.00      -72913.394004979942     -328202.606330393173     -213349.126436777733         963.649524554815        -549.781379282650         -22.159462048295           0.977656456809           0.270322561717          -0.104083005838
2027-12-25-08-00-00.00      -69443.400784092039     -330167.977786995703     -213419.152725724038         964.109105714480        -542.093498170301         -16.751348337013           0.979953636799           0.271242039621          -0.102674818590
2027-12-25-09-00-00.00      -65971.918532829746     -332105.693326809036     -213469.788856707775         964.476946041512        -534.417123790472         -11.387160684691           0.982272368334           0.272107760262          -0.101254856062
2027-12-25-10-00-00.00      -62499.275548826598     -334015.795892963069     -213501.193047078588         964.754139473405        -526.753093735695          -6.066942877439           0.984612070779           0.272919535617          -0.099823377049
2027-12-25-11-00-00.00      -59025.796193551527     -335898.331376933202     -213513.523643947061         964.941778720941        -519.102208486809          -0.790723340316           0.986972159971           0.273677187060          -0.098380637656
2027-12-25-12-00-00.00      -55551.800898222762     -337753.348486061383     -213506.939069966262         965.040954378515        -511.465232036863           4.441484308761           0.989352048161           0.274380545592          -0.096926891330
2027-12-25-13-00-00.00      -52077.606173032982     -339580.898613325553     -213481.597770961642         965.052754067208        -503.842892518014           9.629680719683           0.991751143963           0.275029452090          -0.095462388892
2027-12-25-14-00-00.00      -48603.524619304022     -341381.035709373537     -213437.658165543835         964.978261635580        -496.235882831247          14.773880269833           0.994168852525           0.275623756621          -0.093987378568
2027-12-25-15-00-00.00      -45129.864944406712     -343153.816156828601     -213375.278596672142         964.818556407905        -488.644861277434          19.874110528833           0.996604575479           0.276163318690          -0.092502106019
2027-12-25-16-00-00.00      -41656.931979379209     -344899.298646862386     -213294.617285089073         964.574712474338        -481.070452188512          24.930411731259           0.999057710900           0.276648007494          -0.091006814381
2027-12-25-17-00-00.00      -38185.026698939801     -346617.544058045023     -213195.832284691278         964.247798034042        -473.513246558670          29.942836250462           1.001527653481           0.277077701248          -0.089501744295
2027-12-25-18-00-00.00      -34714.446243830404     -348308.615337461757     -213079.081439755886         963.838874777311        -465.973802673599          34.911448081408           1.004013794496           0.277452287441          -0.087987133945
2027-12-25-19-00-00.00      -31245.483945285494     -349972.577384092263     -212944.522344030731         963.348997314343        -458.452646737656          39.836322327936           1.006515521761           0.277771663105          -0.086463219097
2027-12-25-20-00-00.00      -27778.429351489922     -351609.496934441500     -212792.312301651487         962.779212644893        -450.950273497538          44.717544697728           1.009032219819           0.278035734146          -0.084930233135
2027-12-25-21-00-00.00      -24313.568255869959     -353219.442450408300     -212622.608289865660         962.130559667026        -443.467146861346          49.555211005967           1.011563269906           0.278244415611          -0.083388407101
2027-12-25-22-00-00.00      -20851.182727079075     -354802.484009373526     -212435.566923529172         961.404068730025        -436.003700513106          54.349426685086           1.014108049923           0.278397631974          -0.081837969738
2027-12-25-23-00-00.00      -17391.551140524854     -356358.693196490349     -212231.344421349961         960.600761221623        -428.560338520609          59.100306306009           1.016665934623           0.278495316466          -0.080279147530
2027-12-26-00-00-00.00      -13934.948211316752     -357888.142999149626     -212010.096573837596         959.721649194259        -421.137435936723          63.807973108306           1.019236295584           0.278537411361          -0.078712164743
2027-12-26-01-00-00.00      -10481.645028482304     -359390.907703599019     -211771.978712930548         958.767735036057        -413.735339394982          68.472558536266           1.021818501187           0.278523868270          -0.077137243473
2027-12-26-02-00-00.00       -7031.909090306374     -360867.062793693331     -211517.145683274430         957.740011163853        -406.354367694981          73.094201792286           1.024411916809           0.278454647481          -0.075554603685
2027-12-26-03-00-00.00       -3586.004340726123     -362316.684851732338     -211245.751815082738         956.639459769309        -398.994812383589          77.673049391144           1.027015904803           0.278329718255          -0.073964463264
2027-12-26-04-00-00.00        -144.191206513392     -363739.851461396960     -210957.950898615352         955.467052584296        -391.656938325093          82.209254731773           1.029629824476           0.278149059132          -0.072367038059
2027-12-26-05-00-00.00        3293.273364665875     -365136.641112695506     -210653.896160136384         954.223750693677        -384.340984266790          86.702977671780           1.032253032292           0.277912657280          -0.070762541930
2027-12-26-06-00-00.00        6726.135865606359     -366507.133108943177     -210333.740239401697         952.910504373712        -377.047163395257          91.154384115024           1.034884881856           0.277620508804          -0.069151186796
2027-12-26-07-00-00.00       10154.146190480806     -367851.407475751068     -209997.635168654204         951.528252963869        -369.775663884950          95.563645607747           1.037524723894           0.277272619062          -0.067533182686
2027-12-26-08-00-00.00       13577.057595241962     -369169.544871947961     -209645.732353004103         950.077924765288        -362.526649438129          99.930938946547           1.040171906468           0.276869002022          -0.065908737787
2027-12-26-09-00-00.00       16994.626657747103     -370461.626502439904     -209278.182552218437         948.560436985413        -355.300259820985         104.256445788605           1.042825774957           0.276409680587          -0.064278058498
2027-12-26-10-00-00.00       20406.613237763962     -371727.734032993263     -208895.135863908421         946.976695688571        -348.096611385471         108.540352283445           1.045485672050           0.275894686920          -0.062641349475
2027-12-26-11-00-00.00       23812.780436846853     -372967.949506881996     -208496.741708020243         945.327595793268        -340.915797587759         112.782848706852           1.048150937960           0.275324061811          -0.060998813691
2027-12-26-12-00-00.00       27212.894558151958     -374182.355263350299     -208083.148812582484         943.614021091910        -333.757889497474         116.984129108678           1.050820910413           0.274697855011          -0.059350652483
2027-12-26-13-00-00.00       30606.725066630177     -375371.033857986273     -207654.505200806016         941.836844295720        -326.622936297508         121.144390972534           1.053494924648           0.274016125578          -0.057697065611
2027-12-26-14-00-00.00       33994.044549052196     -376534.067984731344     -207210.958179238427         939.996927115264        -319.510965780059         125.263834883201           1.056172313633           0.273278941244          -0.056038251306
2027-12-26-15-00-00.00       37374.628674765241     -377671.540399876714     -206752.654327237891         938.095120353181        -312.421984830272         129.342664210696           1.058852408065           0.272486378768          -0.054374406330
2027-12-26-16-00-00.00       40748.256156545889     -378783.533847538289     -206279.739487490297         936.132264047477        -305.355979911883         133.381084794780           1.061534536373           0.271638524291          -0.052705726030
2027-12-26-17-00-00.00       44114.708712173466     -379870.130987076613     -205792.358757665148         934.109187616493        -298.312917539683         137.379304649932           1.064218024939           0.270735472715          -0.051032404392
2027-12-26-18-00-00.00       47473.771026430746     -380931.414322088240     -205290.656483075232         932.026710041029        -291.292744751354         141.337533675453           1.066902198107           0.269777328067          -0.049354634100
2027-12-26-19-00-00.00       50825.230713997655     -381967.466131163295     -204774.776250446681         929.885640072577        -284.295389575607         145.255983374818           1.069586378194           0.268764203866          -0.047672606593
2027-12-26-20-00-00.00       54168.878282969985     -382978.368400270818     -204244.860882602981         927.686776460591        -277.320761495963         149.134866587543           1.072269885719           0.267696222518          -0.045986512121
2027-12-26-21-00-00.00       57504.507099313043     -383964.202756831772     -203701.052434129873         925.430908204515        -270.368751912364         152.974397230754           1.074952039415           0.266573515686          -0.044296539800
2027-12-26-22-00-00.00       60831.913352290991     -384925.050405462796     -203143.492187962838         923.118814834630        -263.439234603501         156.774790048936           1.077632156255           0.265396224677          -0.042602877676
2027-12-26-23-00-00.00       64150.896020763066     -385860.992065311642     -202572.320652777154         920.751266694413        -256.532066180156         160.536260383437           1.080309551683           0.264164499837          -0.040905712779
2027-12-27-00-00-00.00       67461.256840889720     -386772.107909158920     -201987.677561338234         918.329025280236        -249.647086552051         164.259023938206           1.082983539645           0.262878500946          -0.039205231182
2027-12-27-01-00-00.00       70762.800274754336     -387658.477504069277     -201389.701869527722         915.852843565695        -242.784119381051         167.943296572442           1.085653432615           0.261538397609          -0.037501618058
2027-12-27-02-00-00.00       74055.333480297879     -388520.179753718432     -200778.531756141281         913.323466369126        -235.942972545172         171.589294095592           1.088318541846           0.260144368669          -0.035795057742
2027-12-27-03-00-00.00       77338.666282772319     -389357.292842456314     -200154.304623469419         910.741630735183        -229.123438602289         175.197232076306           1.090978177402           0.258696602606          -0.034085733785
2027-12-27-04-00-00.00       80612.611147349846     -390169.894180948730     -199517.157098440250         908.108066335549        -222.325295258577         178.767325663467           1.093631648211           0.257195297951          -0.032373829016
2027-12-27-05-00-00.00       83876.983153391004     -390958.060353585868     -198867.225034460716         905.423495890599        -215.548305842837         182.299789417701           1.096278262313           0.255640662700          -0.030659525594
2027-12-27-06-00-00.00       87131.599970200026     -391721.867067586572     -198204.643513817748         902.688635611109        -208.792219789201         185.794837153655           1.098917326917           0.254032914729          -0.028943005072
2027-12-27-07-00-00.00       90376.281834395850     -392461.389103851281     -197529.546850624785         899.904195650364        -202.056773124962         189.252681796311           1.101548148463           0.252372282226          -0.027224448450
2027-12-27-08-00-00.00       93610.851528955784     -393176.700269596593     -196842.068594270269         897.070880581637        -195.341688973220         192.673535245408           1.104170032889           0.250659003103          -0.025504036232
2027-12-27-09-00-00.00       96835.134364013647     -393867.873352824245     -196142.341533336265         894.189389886260        -188.646678064719         196.057608253496           1.106782285701           0.248893325435          -0.023781948482
2027-12-27-10-00-00.00      100048.958159415735     -394534.980078642373     -195430.497699924512         891.260418454527        -181.971439261940         199.405110316752           1.109384212057           0.247075507894          -0.022058364877
2027-12-27-11-00-00.00      103252.153229123345     -395178.091067508794     -194706.668374361063         888.284657102256        -175.315660098778         202.716249577491           1.111975117048           0.245205819176          -0.020333464765
2027-12-27-12-00-00.00      106444.552367487995     -395797.275795440015     -193970.984090223268         885.262793096009        -168.679017333879         205.991232740949           1.114554305790           0.243284538446          -0.018607427212
2027-12-27-13-00-00.00      109625.990837438105     -396392.602556243306     -193223.574639644619         882.195510691935        -162.061177522585         209.230265004395           1.117121083529           0.241311955784          -0.016880431057
2027-12-27-14-00-00.00      112796.306360616814     -396964.138425835175     -192464.569078847300         879.083491679114        -155.461797604152         212.433550001559           1.119674755941           0.239288371620          -0.015152654962
2027-12-27-15-00-00.00      115955.339109498804     -397511.949228715326     -191694.095733853494         875.927415934765        -148.880525511226         215.601289759296           1.122214629249           0.237214097187          -0.013424277457
2027-12-27-16-00-00.00      119102.931701522088     -398036.099506676430     -190912.282206329459         872.727961982113        -142.317000798409         218.733684669181           1.124740010354           0.235089454971          -0.011695476989
2027-12-27-17-00-00.00      122238.929195206947     -398536.652489796106     -190119.255379496928         869.485807553625        -135.770855294662         221.830933472439           1.127250207154           0.232914778158          -0.009966431969
2027-12-27-18-00-00.00      125363.179088332501     -399013.670069839514     -189315.141424083151         866.201630156106        -129.241713780016         224.893233258647           1.129744528690           0.230690411082          -0.008237320807
2027-12-27-19-00-00.00      128475.531318153327     -399467.212776150205     -188500.065804251790         862.876107632391        -122.729194685897         227.920779479356           1.132222285307           0.228416709694          -0.006508321958
2027-12-27-20-00-00.00      131575.838263568614     -399897.339754055662     -187674.153283440071         859.509918725101        -116.232910826818         230.913765974032           1.134682788999           0.226094040993          -0.004779613958
2027-12-27-21-00-00.00      134663.954749467724     -400304.108746093349     -186837.527930125856         856.103743625842        -109.752470152539         233.872385013167           1.137125353583           0.223722783493          -0.003051375456
2027-12-27-22-00-00.00      137739.738052788365     -400687.576075773162     -185990.313123332424         852.658264522425        -103.287476536119         236.796827353704           1.139549294893           0.221303327680          -0.001323785249
2027-12-27-23-00-00.00      140803.047910768102     -401047.796634456841     -185132.631557987916         849.174166135050         -96.837530590815         239.687282308895           1.141953931154           0.218836075448           0.000402977693
2027-12-28-00-00-00.00      143853.746530980163     -401384.823871112952     -184264.605249966553         845.652136223185         -90.402230505803         242.543937837918           1.144338583190           0.216321440557           0.002128734202
2027-12-28-01-00-00.00      146891.698603151657     -401698.709785132902     -183386.355540776480         842.092866093789         -83.981172928867         245.366980643979           1.146702574653           0.213759849090           0.003853304888
2027-12-28-02-00-00.00      149916.771312805940     -401989.504922406224     -182498.003101878654         838.497051072201         -77.573953865865         248.156596292596           1.149045232428           0.211151738877           0.005576510127
2027-12-28-03-00-00.00      152928.834356563690     -402257.258374697412     -181599.667938555038         834.865390953068         -71.180169614791         250.912969342918           1.151365886877           0.208497559943           0.007298170044
2027-12-28-04-00-00.00      155927.759958965122     -402502.017782386043     -180691.469393262116         831.198590421949         -64.799417730001         253.636283493602           1.153663872106           0.205797774961           0.009018104508
2027-12-28-05-00-00.00      158913.422890835383     -402723.829340821656     -179773.526148460456         827.497359441515         -58.431298012520         256.326721743501           1.155938526402           0.203052858652           0.010736133128
2027-12-28-06-00-00.00      161885.700488965231     -402922.737810276682     -178845.956228842639         823.762413606499         -52.075413534933         258.984466563932           1.158189192514           0.200263298223           0.012452075251
2027-12-28-07-00-00.00      164844.472676640988     -403098.786529290839     -177908.877002780937         819.994474443726         -45.731371683328         261.609700087908           1.160415217962           0.197429593795           0.014165749975
2027-12-28-08-00-00.00      167789.621985992242     -403252.017432627094     -176962.405183380848         816.194269686840         -39.398785238006         264.202604305518           1.162615955501           0.194552257786           0.015876976158
2027-12-28-09-00-00.00      170721.033580379619     -403382.471072303248     -176006.656828487030         812.362533479425         -33.077273464189         266.763361277234           1.164790763447           0.191631815318           0.017585572432
2027-12-28-10-00-00.00      173638.595277891203     -403490.186643068446     -175041.747340078437         808.500006541414         -26.766463239094         269.292153352518           1.166939006021           0.188668804624           0.019291357235
2027-12-28-11-00-00.00      176542.197575200174     -403575.202011832152     -174067.791462809109         804.607436263532         -20.465990183805         271.789163402821           1.169060053842           0.185663776392           0.020994148832
2027-12-28-12-00-00.00      179431.733671625494     -403637.553751170344     -173084.903281686100         800.685576743944         -14.175499816334         274.254575062027           1.171153284294           0.182617294143           0.022693765360
2027-12-28-13-00-00.00      182307.099493301212     -403677.277177105600     -172093.196218897763         796.735188757253          -7.894648713643         276.688572975352           1.173218081905           0.179529934597           0.024390024859
2027-12-28-14-00-00.00      185168.193717109709     -403694.406391096069     -171092.783029734681         792.757039661884          -1.623105693257         279.091343052000           1.175253838869           0.176402286975           0.026082745333
2027-12-28-15-00-00.00      188014.917793820292     -403688.974325898860     -170083.775797481154         788.751903203895           4.639447040667         281.463072733113           1.177259955441           0.173234953334           0.027771744794
2027-12-28-16-00-00.00      190847.175970998156     -403661.012796269380     -169066.285927538673         784.720559287117          10.893312700083         283.803951248771           1.179235840353           0.170028548888           0.029456841333
2027-12-28-17-00-00.00      193664.875314377365     -403610.552553288930     -168040.424140433082         780.663793624424          17.138778773004         286.114169889895           1.181180911357           0.166783701249           0.031137853183
2027-12-28-18-00-00.00      196467.925728142291     -403537.623343163810     -167006.300463947002         776.582397332496          23.376115862294         288.393922271059           1.183094595647           0.163501050718           0.032814598797
2027-12-28-19-00-00.00      199256.239973460411     -403442.253969976213     -165964.024224261928         772.477166425013          29.605576569197         290.643404597067           1.184976330298           0.160181250537           0.034486896928
2027-12-28-20-00-00.00      202029.733685113984     -403324.472362530243     -164913.704036175215         768.348901231780          35.827394384046         292.862815920902           1.186825562820           0.156824966080           0.036154566721
2027-12-28-21-00-00.00      204788.325385830569     -403184.305645046930     -163855.447792379826         764.198405720999          42.041782626012         295.052358398882           1.188641751605           0.153432875068           0.037817427804
2027-12-28-22-00-00.00      207531.936498066556     -403021.780211696809     -162789.362651859818         760.026486743838          48.248933404604         297.212237533474           1.190424366372           0.150005667763           0.039475300392
2027-12-28-23-00-00.00      210260.491352840443     -402836.921804653481     -161715.555027401657         755.833953179129          54.449016651914         299.342662410433           1.192172888732           0.146544046083           0.041128005397
2027-12-29-00-00-00.00      212973.917195422109     -402629.755595704424     -160634.130572309223         751.621615005007          60.642179183718         301.443845917818           1.193886812631           0.143048723745           0.042775364535
2027-12-29-01-00-00.00      215672.144187450118     -402400.306270984758     -159545.194166326401         747.390282274683          66.828543845780         303.516004954729           1.195565644806           0.139520426388           0.044417200452
2027-12-29-02-00-00.00      218355.105405255628     -402148.598118746828     -158448.849900856236         743.140764017554          73.008208714888         305.559360619804           1.197208905330           0.135959890604           0.046053336845
2027-12-29-03-00-00.00      221022.736834072333     -401874.655119831674     -157345.201063528395         738.873867058427          79.181246385714         307.574138381928           1.198816128052           0.132367864008           0.047683598591
2027-12-29-04-00-00.00      223674.977357865835     -401578.501040567353     -156234.350122191448         734.590394764999          85.347703336801         309.560568228205           1.200386861037           0.128745105277           0.049307811884
2027-12-29-05-00-00.00      226311.768744530244     -401260.159527793876     -155116.398708417459         730.291145725103          91.507599394068         311.518884789102           1.201920667083           0.125092383106           0.050925804369
2027-12-29-06-00-00.00      228933.055626204878     -400919.654205633793     -153991.447600599466         725.976912363970          97.660927283471         313.449327435972           1.203417124138           0.121410476187           0.052537405287
2027-12-29-07-00-00.00      231538.785474516655     -400557.008773708774     -152859.596706751618         721.648479504372         103.807652293635         315.352140351684           1.204875825706           0.117700173179           0.054142445616
2027-12-29-08-00-00.00      234128.908570543368     -400172.247106329713     -151720.945047099696         717.306622879879         109.947712040643         317.227572570255           1.206296381323           0.113962271568           0.055740758220
2027-12-29-09-00-00.00      236703.377969361289     -399765.393352424202     -150575.590736602142         712.952107607920         116.081016352267         319.075877986294           1.207678416925           0.110197577581           0.057332177996
2027-12-29-10-00-00.00      239262.149459025968     -399336.472035568731     -149423.630967475998         708.585686632347         122.207447261787         320.897315330549           1.209021575212           0.106406906066           0.058916542024
2027-12-29-11-00-00.00      241805.181513912947     -398885.508153889386     -148265.161991883157         704.208099144291         128.326859126261         322.692148112774           1.210325516059           0.102591079281           0.060493689714
2027-12-29-12-00-00.00      244332.435242345207     -398412.527279318776     -147100.279104883026         699.820068991873         134.439078865390         324.460644530189           1.211589916824           0.098750926732           0.062063462957
2027-12-29-13-00-00.00      246843.874328493985     -397917.555655732285     -145929.076627769769         695.422303088612         140.543906322914         326.203077341177           1.212814472645           0.094887284982           0.063625706273
2027-12-29-14-00-00.00      249339.464968562097     -397400.620295586588     -144751.647891932080         691.015489831951         146.641114754379         327.919723704789           1.213998896774           0.091000996373           0.065180266955
2027-12-29-15-00-00.00      251819.175801309495     -396861.749074592313     -143568.085223354661         686.600297543087         152.730451435816         329.610864985286           1.215142920806           0.087092908796           0.066726995214
2027-12-29-16-00-00.00      254282.977833017590     -396300.970823940064     -142378.479927878681         682.177372938866         158.811638395101         331.276786522711           1.216246294901           0.083163875445           0.068265744317
2027-12-29-17-00-00.00      256730.844357026392     -395718.315419718158     -141182.922277355625         677.747339647761         164.884373261774         332.917777370048           1.217308788017           0.079214753485           0.069796370722
2027-12-29-18-00-00.00      259162.750868025731     -395113.813869035104     -139981.501496801211         673.310796780367         170.948330231267         334.534129997896           1.218330188055           0.075246403768           0.071318734207
2027-12-29-19-00-00.00      261578.674971311208     -394487.498392494803     -138774.305752672895         668.868317564459         177.003161133023         336.126139966968           1.219310301988           0.071259690551           0.072832698000
2027-12-29-20-00-00.00      263978.596287272056     -393839.402502597717     -137561.422142370866         664.420448055884         183.048496607909         337.694105572363           1.220248955983           0.067255480117           0.074338128891
2027-12-29-21-00-00.00      266362.496351359528     -393169.561077817692     -136342.936685090332         659.967705934732         189.083947377454         339.238327459825           1.221145995460           0.063234640470           0.075834897346
2027-12-29-22-00-00.00      268730.358509918326     -392478.010431851551     -135118.934314077807         655.510579393504         195.109105599517         340.759108216384           1.222001285108           0.059198041025           0.077322877609
2027-12-29-23-00-00.00      271082.167812179017     -391764.788377898221     -133889.498870416050         651.049526127466         201.123546303745         342.256751938794           1.222814708906           0.055146551209           0.078801947798
2027-12-30-00-00-00.00      273417.910898809030     -391029.934287637996     -132654.713098397653         646.584972433423         207.126828896326         343.731563782230           1.223586170071           0.051081040153           0.080271989994
2027-12-30-01-00-00.00      275737.575887433253     -390273.489144666295     -131414.658642549213         642.117312422666         213.118498723657         345.183849492076           1.224315590981           0.047002376370           0.081732890312
2027-12-30-02-00-00.00      278041.152255519526     -389495.495592234074     -130169.416046374856         637.646907354317         219.098088685573         346.613914922354           1.225002913076           0.042911426371           0.083184538975
2027-12-30-03-00-00.00      280328.630721103807     -388695.997975080041     -128919.064752844351         633.174085091720         225.065120885783         348.022065543338           1.225648096711           0.038809054359           0.084626830368
2027-12-30-04-00-00.00      282600.003121774120     -387875.042375289137     -127663.683106673547         628.699139686848         231.019108310699         349.408605942381           1.226251120972           0.034696121934           0.086059663087
2027-12-30-05-00-00.00      284855.262292395171     -387032.676642066741     -126403.348358407966         624.222331093265         236.959556523296         350.773839320488           1.226811983479           0.030573486728           0.087482939977
2027-12-30-06-00-00.00      287094.401942029770     -386168.950415408297     -125138.136670322521         619.743885009138         242.885965361529         352.118066988095           1.227330700137           0.026442002137           0.088896568156
2027-12-30-07-00-00.00      289317.416530538059     -385283.915143653343     -123868.123124129299         615.263992849566         248.797830630024         353.441587863106           1.227807304863           0.022302517058           0.090300459034
2027-12-30-08-00-00.00      291524.301145290665     -384377.624094995961     -122593.381730490873         610.782811847869         254.694645774585         354.744697974723           1.228241849292           0.018155874581           0.091694528316
2027-12-30-09-00-00.00      293715.051378503500     -383450.132362987322     -121313.985440292832         606.300465278708         260.575903525491         356.027689974330           1.228634402441           0.014002911760           0.093078696001
2027-12-30-10-00-00.00      295889.663205543824     -382501.496866232250     -120030.006157678843         601.817042808361         266.441097507453         357.290852660231           1.228985050362           0.009844459416           0.094452886362
2027-12-30-11-00-00.00      298048.132864767918     -381531.776342323050     -118741.514754747099         597.332600955419         272.289723797045         358.534470514113           1.229293895758           0.005681340887           0.095817027925
2027-12-30-12-00-00.00      300190.456739173969     -380541.031336302287     -117448.581087904662         592.847163665671         278.121282426517         359.758823255785           1.229561057584           0.001514371866           0.097171053430
2027-12-30-13-00-00.00      302316.631240343209     -379529.324183802120     -116151.274015778414         588.360722990436         283.935278823496         360.964185416851           1.229786670629          -0.002655639723           0.098514899790
2027-12-30-14-00-00.00      304426.652694969904     -378496.718989146175     -114849.661418635733         583.873239862860         289.731225179711         362.150825935995           1.229970885074          -0.006827894904           0.099848508033
2027-12-30-15-00-00.00      306520.517234394036     -377443.281598634901     -113543.810219202642         579.384644960580         295.508641741601         363.319007776086           1.230113866031          -0.011001603729           0.101171823242
2027-12-30-16-00-00.00      308598.220687340188     -376369.079569358437     -112233.786404836763         574.894839659751         301.267058023318         364.468987569713           1.230215793090          -0.015175985323           0.102484794486
2027-12-30-17-00-00.00      310659.758476264949     -375274.182133777242     -110919.655050914065         570.403697051785         307.006013927134         365.601015286157           1.230276859814          -0.019350268982           0.103787374734
2027-12-30-18-00-00.00      312705.125517466047     -374158.660160440719     -109601.480345374381         565.911063034520         312.725060778034         366.715333928812           1.230297273258          -0.023523694166           0.105079520778
2027-12-30-19-00-00.00      314734.316125232086     -373022.586111144221     -108279.325614303409         561.416757454681         318.423762262468         367.812179257935           1.230277253479          -0.027695510461           0.106361193133
2027-12-30-20-00-00.00      316747.323920196679     -371866.033994878002     -106953.253348462124         556.920575302490         324.101695273691         368.891779543015           1.230217033003          -0.031864978588           0.107632355940
2027-12-30-21-00-00.00      318744.141742059554     -370689.079318908160     -105623.325230658884         552.422287943352         329.758450659894         369.954355342509           1.230116856329          -0.036031370309           0.108892976863
2027-12-30-22-00-00.00      320724.761566795059     -369491.799037336663     -104289.602163866177         547.921644382545         335.393633876604         371.000119312854           1.229976979425          -0.040193968309           0.110143026979
2027-12-30-23-00-00.00      322689.174428478640     -368274.271497482550     -102952.144299964304         543.418372549251         341.006865542957         372.029276044527           1.229797669187          -0.044352067112           0.111382480660
2027-12-31-00-00-00.00      324637.370345743839     -367036.576384434069     -101611.011069032960         538.912180596068         346.597781904077         373.042021926581           1.229579202936          -0.048504972908           0.112611315459
2027-12-31-01-00-00.00      326569.338252928981     -365778.794664101093     -100266.261209081742         534.402758205611         352.166035201509         374.038545038909           1.229321867928          -0.052652003348           0.113829511987
2027-12-31-02-00-00.00      328485.065935952880     -364501.008525097277      -98917.952796111043         529.889777893745         357.711293954451         375.019025070198           1.229025960808          -0.056792488382           0.115037053789
2027-12-31-03-00-00.00      330384.539972825733     -363203.301319758641      -97566.143274439382         525.372896305810         363.233243154845         375.983633262030           1.228691787124          -0.060925770006           0.116233927218
2027-12-31-04-00-00.00      332267.745678818901     -361885.757504615642      -96210.889487178778         520.851755503214         368.731584380263         376.932532379512           1.228319660856          -0.065051201981           0.117420121303
2027-12-31-05-00-00.00      334134.667056331295     -360548.462580612511      -94852.247706733600         516.325984213310         374.206035829990         377.865876698104           1.227909903885          -0.069168150597           0.118595627629
2027-12-31-06-00-00.00      335985.286748987040     -359191.503033295565      -93490.273665402710         511.795199081938         379.656332283630         378.783812024299           1.227462845533          -0.073275994347           0.119760440197
2027-12-31-07-00-00.00      337819.586000347335     -357814.966273309372      -92125.022585771847         507.259005869407         385.082224993676         379.686475725585           1.226978822120          -0.077374123581           0.120914555299
2027-12-31-08-00-00.00      339637.544617080537     -356418.940577409056      -90756.549211019767         502.717000626134         390.483481510698         380.573996783859           1.226458176458          -0.081461941204           0.122057971389
2027-12-31-09-00-00.00      341439.140935698932     -355003.515030159557      -89384.907834963466         498.168770833661         395.859885448085         381.446495870423           1.225901257428          -0.085538862286           0.123190688952
2027-12-31-10-00-00.00      343224.351793868642     -353568.779466632288      -88010.152331866237         493.613896488691         401.211236192457         382.304085427440           1.225308419573          -0.089604313663           0.124312710375
2027-12-31-11-00-00.00      344993.152505432488     -352114.824416224496      -86632.336185828055         489.051951164795         406.537348561214         383.146869774544           1.224680022622          -0.093657734573           0.125424039822
2027-12-31-12-00-00.00      346745.516839037940     -350641.741047794349      -85251.512519853699         484.482503014089         411.838052414981         383.974945222608           1.224016431110          -0.097698576222           0.126524683111
2027-12-31-13-00-00.00      348481.417000308633     -349149.621116249065      -83867.734124479437         479.905115718203         417.113192231225         384.788400198043           1.223318014011          -0.101726301330           0.127614647584
2027-12-31-14-00-00.00      350200.823617493967     -347638.556910766114      -82481.053485871904         475.319349403614         422.362626639017         385.587315383583           1.222585144303          -0.105740384730           0.128693941994
2027-12-31-15-00-00.00      351903.705730179732     -346108.641204720538      -81091.522813466145         470.724761495927         427.586227924958         386.371763863415           1.221818198624          -0.109740312885           0.129762576384
2027-12-31-16-00-00.00      353590.030781039037     -344559.967207449779      -79699.194067041695         466.120907528116         432.783881511882         387.141811277940           1.221017556959          -0.113725583402           0.130820561967
2027-12-31-17-00-00.00      355259.764610403043     -342992.628517935867      -78304.118983230175         461.507341897035         437.955485416051         387.897515984219           1.220183602236          -0.117695705592           0.131867911023
2027-12-31-18-00-00.00      356912.871453452972     -341406.719080473355      -76906.349101440370         456.883618571685         443.100949685432         388.638929222276           1.219316720031          -0.121650199958           0.132904636778
2027-12-31-19-00-00.00      358549.313939893385     -339802.333142393793      -75505.935789168536         452.249291753889         448.220195822713         389.366095285995           1.218417298301          -0.125588597682           0.133930753308
2027-12-31-20-00-00.00      360169.053095887532     -338179.565213875263      -74102.930266701995         447.603916486362         453.313156199296         390.079051694665           1.217485727014          -0.129510441154           0.134946275428
2027-12-31-21-00-00.00      361772.048348111741     -336538.510029882775      -72697.383631194651         442.947049215918         458.379773460530         390.777829367323           1.216522397902          -0.133415283445           0.135951218596
2027-12-31-22-00-00.00      363358.257529795228     -334879.262514283648      -71289.346880092446         438.278248317317         463.419999922074         391.462452801243           1.215527704241          -0.137302687767           0.136945598817
2027-12-31-23-00-00.00      364927.636888458976     -333201.917746080784      -69878.870933968792         433.597074557113         468.433796972923         392.132940242854           1.214502040511          -0.141172227990           0.137929432548
2028-01-01-00-00-00.00      366480.141095355852     -331506.570927857305      -68466.006658690967         428.903091531525         473.421134468888         392.789303866620           1.213445802200          -0.145023488093           0.138902736609
2028-01-01-01-00-00.00      368015.723256382975     -329793.317356382671      -67050.804886959435         424.195866051478         478.381990136036         393.431549946976           1.212359385618          -0.148856061620           0.139865528098
2028-01-01-02-00-00.00      369534.334924268129     -328062.252395333839      -65633.316439250353         419.474968491368         483.316348976688         394.059679030356           1.211243187598          -0.152669552181           0.140817824308
2028-01-01-03-00-00.00      371035.926111954963     -326313.471450155077      -64213.592144136972         414.739973097567         488.224202684468         394.673686103675           1.210097605338          -0.156463572896           0.141759642648
2028-01-01-04-00-00.00      372520.445307069516     -324547.069945020659      -62791.682857992018         409.990458263489         493.105549066733         395.273560761300           1.208923036256          -0.160237745845           0.142691000567
2028-01-01-05-00-00.00      373987.839487263642     -322763.143301829288      -61367.639484120707         405.226006765365         497.960391481620         395.859287365843           1.207719877718          -0.163991702564           0.143611915481
2028-01-01-06-00-00.00      375438.054136436083     -320961.786921269668      -59941.512991275064         400.446205976498         502.788738278554         396.430845210814           1.206488526920          -0.167725083485           0.144522404707
2028-01-01-07-00-00.00      376871.033261519508     -319143.096165756986      -58513.354431672560         395.650648034189         507.590602266019         396.988208669442           1.205229380780          -0.171437537387           0.145422485393
2028-01-01-08-00-00.00      378286.719409959973     -317307.166344374942      -57083.214958409262         390.838929994766         512.366000179869         397.531347347622           1.203942835693          -0.175128721889           0.146312174460
2028-01-01-09-00-00.00      379685.053687683074     -315454.092699689674      -55651.145842344376         386.010653957802         517.114952169585         398.060226229361           1.202629287445          -0.178798302893           0.147191488539
2028-01-01-10-00-00.00      381065.975777339481     -313583.970396279998      -54217.198488538466         381.165427156982         521.837481307628         398.574805811923           1.201289131136          -0.182445954039           0.148060443915
2028-01-01-11-00-00.00      382429.423957026738     -311696.894511167891      -52781.424452110201         376.302862043067         526.533613100463         399.075042244133           1.199922760966          -0.186071357195           0.148919056477
2028-01-01-12-00-00.00      383775.335119124735     -309792.960025860230      -51343.875453684283         371.422576334601         531.203375025172         399.560887453070           1.198530570170          -0.189674201912           0.149767341663
2028-01-01-13-00-00.00      385103.644789335201     -307872.261820076092      -49904.603394362064         366.524193053052         535.846796078157         400.032289267826           1.197112950977          -0.193254184882           0.150605314415
2028-01-01-14-00-00.00      386414.287145815848     -305934.894667073735      -48463.660370254831         361.607340539221         540.463906340531         400.489191537652           1.195670294413          -0.196811010432           0.151432989133
2028-01-01-15-00-00.00      387707.195038324047     -303980.953230493178      -47021.098686612357         356.671652452780         545.054736559886         400.931534244743           1.194202990262          -0.200344389988           0.152250379630
2028-01-01-16-00-00.00      388982.300007316982     -302010.532062656130      -45576.970871564561         351.716767753660         549.619317752335         401.359253609770           1.192711427054          -0.203854041537           0.153057499096
2028-01-01-17-00-00.00      390239.532303082466     -300023.725604409643      -44131.329689416751         346.742330680015         554.157680809042         401.772282198398           1.191195991879          -0.207339690136           0.153854360057
2028-01-01-18-00-00.00      391478.820904521854     -298020.628186077171      -42684.228153723190         341.747990696459         558.669856139650         402.170549011412           1.189657070377          -0.210801067376           0.154640974341
2028-01-01-19-00-00.00      392700.093537979177     -296001.334029952006      -41235.719539889993         336.733402449998         563.155873309891         402.553979580927           1.188095046744          -0.214237910863           0.155417353043
2028-01-01-20-00-00.00      393903.276695761888     -293965.937253912096      -39785.857397524182         331.698225705182         567.615760708585         402.922496053969           1.186510303563          -0.217649964724           0.156183506496
2028-01-01-21-00-00.00      395088.295654435235     -291914.531876237364      -38334.695562476787         326.642125275448         572.049545223830         403.276017273605           1.184903221814          -0.221036979090           0.156939444239
2028-01-01-22-00-00.00      396255.074492871587     -289847.211821583274      -36882.288168593906         321.564770947042         576.457251933966         403.614458854707           1.183274180895          -0.224398709585           0.157685174991
2028-01-01-23-00-00.00      397403.536109997483     -287764.070928019006      -35428.689659215102         316.465837395952         580.838903813178         403.937733254269           1.181623558467          -0.227734917839           0.158420706624
2028-01-02-00-00-00.00      398533.602242237423     -285665.202955109242      -33973.954798423874         311.345004098973         585.194521451171         404.245749836580           1.179951730484          -0.231045370981           0.159146046141
2028-01-02-01-00-00.00      399645.193480656890     -283550.701593026752      -32518.138682051154         306.201955243963         589.524122779428         404.538414936635           1.178259071225          -0.234329841143           0.159861199652
2028-01-02-02-00-00.00      400738.229287705151     -281420.660472521035      -31061.296748507993         301.036379629087         593.827722820361         404.815631914266           1.176545953153          -0.237588105979           0.160566172352
2028-01-02-03-00-00.00      401812.628013669571     -279275.173175889184      -29603.484789374761         295.847970564022         598.105333440692         405.077301207746           1.174812746954          -0.240819948171           0.161260968505
2028-01-02-04-00-00.00      402868.306912715605     -277114.333248735231      -28144.758959841776         290.636425766917         602.356963118322         405.323320382301           1.173059821592          -0.244025154940           0.161945591422
2028-01-02-05-00-00.00      403905.182158570853     -274938.234212574607      -26685.175788969562         285.401447258573         606.582616722204         405.553584173991           1.171287544163          -0.247203518578           0.162620043448
2028-01-02-06-00-00.00      404923.168859816622     -272746.969578196295      -25224.792189804841         280.142741255038         610.782295303875         405.767984529349           1.169496279957          -0.250354835964           0.163284325941
2028-01-02-07-00-00.00      405922.181074819353     -270540.632859805075      -23763.665469340445         274.860018063313         614.955995892928         405.966410643906           1.167686392518          -0.253478908085           0.163938439264
2028-01-02-08-00-00.00      406902.131826237484     -268319.317589795275      -22301.853338380104         269.552991971418         619.103711312859         406.148748992477           1.165858243509          -0.256575540579           0.164582382768
2028-01-02-09-00-00.00      407862.933115179942     -266083.117334252514      -20839.413921266139         264.221381144594         623.225429996378         406.314883359870           1.164012192780          -0.259644543259           0.165216154778
2028-01-02-10-00-00.00      408804.495934974577     -263832.125709071639      -19376.405765516909         258.864907520730         627.321135812602         406.464694866610           1.162148598439          -0.262685729647           0.165839752586
2028-01-02-11-00-00.00      409726.730284558435     -261566.436396677425      -17912.887851380558         253.483296706954         631.390807902633         406.598061991079           1.160267816721          -0.265698917521           0.166453172438
2028-01-02-12-00-00.00      410629.545181508467     -259286.143163337751      -16448.919601308473         248.076277878732         635.434420520507         406.714860589255           1.158370202066          -0.268683928456           0.167056409523
2028-01-02-13-00-00.00      411512.848674706358     -256991.339877031191      -14984.560889365632         242.643583680354         639.451942881388         406.814963911301           1.156456107199          -0.271640587365           0.167649457966
2028-01-02-14-00-00.00      412376.547856650373     -254682.120525850565      -13519.872050585507         237.184950127141         643.443339016257         406.898242615351           1.154525882998          -0.274568723052           0.168232310822
2028-01-02-15-00-00.00      413220.548875415989     -252358.579236914637      -12054.913890282371         231.700116509379         647.408567633185         406.964564778517           1.152579878583          -0.277468167766           0.168804960064
2028-01-02-16-00-00.00      414044.756946281181     -250020.810295783769      -10589.747693322319         226.188825298687         651.347581984064         407.013795905594           1.150618441402          -0.280338756750           0.169367396577
2028-01-02-17-00-00.00      414849.076363008411     -247668.908166317502       -9124.435233377049         220.650822056550         655.260329737768         407.045798935022           1.148641917102          -0.283180328807           0.169919610156
2028-01-02-18-00-00.00      415633.410508810892     -245302.967511002265       -7659.038782152738         215.085855346793         659.146752856354         407.060434243378           1.146650649621          -0.285992725851           0.170461589497
2028-01-02-19-00-00.00      416397.661867005227     -242923.083211702586       -6193.621118610923         209.493676649841         663.006787479934         407.057559646193           1.144644981284          -0.288775792480           0.170993322191
2028-01-02-20-00-00.00      417141.732031373540     -240529.350390852225       -4728.245538179699         203.874040281948         666.840363813061         407.037030397679           1.142625252670          -0.291529376538           0.171514794722
2028-01-02-21-00-00.00      417865.521716213145     -238121.864432962378       -3262.975861997300         198.226703318160         670.647406015025         406.998699188269           1.140591802715          -0.294253328683           0.172025992462
2028-01-02-22-00-00.00      418568.930766157107     -235700.721006640320       -1797.876446128220         192.551425519149         674.427832094694         406.942416139865           1.138544968807          -0.296947501963           0.172526899666
2028-01-02-23-00-00.00      419251.858165701444     -233266.016086872463        -333.012190835620         186.847969262457         678.181553806815         406.868028799657           1.136485086661          -0.299611752385           0.173017499471
2028-01-03-00-00-00.00      419914.202048514388     -230817.845977737568        1131.551450141115         181.116099478030         681.908476550241         406.775382132446           1.134412490416          -0.302245938497           0.173497773892
2028-01-03-01-00-00.00      420555.859706516319     -228356.307335472666        2595.748460275155         175.355583586106         685.608499272626         406.664318509919           1.132327512744          -0.304849920966           0.173967703819
2028-01-03-02-00-00.00      421176.727598735888     -225881.497191859351        4059.512250893289         169.566191441279         689.281514370113         406.534677700790           1.130230484718          -0.307423563158           0.174427269015
2028-01-03-03-00-00.00      421776.701359978528     -223393.512977986684        5522.775651785252         163.747695278337         692.927407594270         406.386296857717           1.128121735916          -0.309966730722           0.174876448116
2028-01-03-04-00-00.00      422355.675809306034     -220892.452548342000        6985.470901762160         157.899869661971         696.546057960322         406.219010503086           1.126001594534          -0.312479291183           0.175315218624
2028-01-03-05-00-00.00      422913.544958327257     -218378.414205191686        8447.529639149727         152.022491441608         700.137337652817         406.032650514880           1.123870387251          -0.314961114522           0.175743556915
2028-01-03-06-00-00.00      423450.202019376331     -215851.496723429125        9908.882892269356         146.115339706935         703.701111943843         405.827046107892           1.121728439336          -0.317412072770           0.176161438228
2028-01-03-07-00-00.00      423965.539413467050     -213311.799375484785       11369.461069776815         140.178195752779         707.237239096051         405.602023819055           1.119576074767          -0.319832039611           0.176568836670
2028-01-03-08-00-00.00      424459.448778206366     -210759.421956819104       12829.193951024448         134.210843045128         710.745570278481         405.357407487649           1.117413616090          -0.322220890962           0.176965725214
2028-01-03-09-00-00.00      424931.820975531358     -208194.464811557555       14288.010676290542         128.213067191080         714.225949486384         405.093018234202           1.115241384534          -0.324578504578           0.177352075700
2028-01-03-10-00-00.00      425382.546099397761     -205617.028858525562       15745.839736976828         122.184655917706         717.678213448858         404.808674441687           1.113059700127          -0.326904759659           0.177727858831
2028-01-03-11-00-00.00      425811.513483348594     -203027.215617475595       17202.608965685671         116.125399052350         721.102191547656         404.504191732655           1.110868881557          -0.329199537439           0.178093044177
2028-01-03-12-00-00.00      426218.611708080047     -200425.127235785476       18658.245526273829         110.035088510632         724.497705726913         404.179382948369           1.108669246290          -0.331462720793           0.178447600177
2028-01-03-13-00-00.00      426603.728608924313     -197810.866515336616       20112.675903780906         103.913518286910         727.864570408697         403.834058125193           1.106461110683          -0.333694193856           0.178791494129
2028-01-03-14-00-00.00      426966.751283326012     -195184.536939754325       21565.825894291327          97.760484449425         731.202592407086         403.468024470676           1.104244789849          -0.335893842611           0.179124692205
2028-01-03-15-00-00.00      427307.566098312498     -192546.242701978888       23017.620594714699          91.575785141061         734.511570836414         403.081086340681           1.102020597772          -0.338061554507           0.179447159442
2028-01-03-16-00-00.00      427626.058697955217     -189896.088732096774       24467.984392461462          85.359220581308         737.791297029285         402.673045212852           1.099788847426          -0.340197218081           0.179758859745
2028-01-03-17-00-00.00      427922.114010874939     -187234.180725571816       25916.840955053925          79.110593075596         741.041554443278         402.243699662926           1.097549850635          -0.342300723553           0.180059755889
2028-01-03-18-00-00.00      428195.616257766378     -184560.625171734573       27364.113219626797          72.829707027382         744.262118573307         401.792845338724           1.095303918188          -0.344371962450           0.180349809524
2028-01-03-19-00-00.00      428446.448958959780     -181875.529382533830       28809.723382317410          66.516368953602         747.452756869150         401.320274932113           1.093051359964          -0.346410827231           0.180628981166
2028-01-03-20-00-00.00      428674.494942101068     -179179.001521780068       30253.592887613522          60.170387509236         750.613228637895         400.825778154950           1.090792484787          -0.348417211889           0.180897230212
2028-01-03-21-00-00.00      428879.636349876993     -176471.150634546590       31695.642417554198          53.791573513680         753.743284958626         400.309141710859           1.088527600540          -0.350391011578           0.181154514933
2028-01-03-22-00-00.00      429061.754647869442     -173752.086676968960       33135.791880856392          47.379739984247         756.842668590174         399.770149268581           1.086257014297          -0.352332122251           0.181400792475
2028-01-03-23-00-00.00      429220.730632536346     -171021.920546368259       34573.960401941622          40.934702174830         759.911113878895         399.208581434828           1.083981032166          -0.354240441256           0.181636018870
2028-01-04-00-00-00.00      429356.444439340441     -168280.764111699886       36010.066309862843          34.456277620095         762.948346664463         398.624215727241           1.081699959416          -0.356115866976           0.181860149031
2028-01-04-01-00-00.00      429468.775551049621     -165528.730244357808       37444.027127137160          27.944286185172         765.954084182921         398.016826547670           1.079414100598          -0.357958298469           0.182073136755
2028-01-04-02-00-00.00      429557.602806219307     -162765.932849307894       38875.759558476668          21.398550119482         768.928034971726         397.386185154508           1.077123759393          -0.359767636068           0.182274934728
2028-01-04-03-00-00.00      429622.804407884949     -159992.486896595627       40305.179479427476          14.818894116516         771.869898768644         396.732059636382           1.074829238738          -0.361543781028           0.182465494528
2028-01-04-04-00-00.00      429664.257932472043     -157208.508453196962       41732.201924907662           8.205145377542         774.779366412701         396.054214884979           1.072530840946          -0.363286635170           0.182644766627
2028-01-04-05-00-00.00      429681.840338947601     -154414.114715237491       43156.741077651030           1.557133680496         777.656119742377         395.352412568424           1.070228867551          -0.364996101487           0.182812700394
2028-01-04-06-00-00.00      429675.427978226682     -151609.424040577753       44578.710256554426          -5.125308546332         780.499831493743         394.626411104567           1.067923619436          -0.366672083793           0.182969244103
2028-01-04-07-00-00.00      429644.896602855122     -148794.555981768179       45998.021904928748         -11.842346144949         783.310165196423         393.875965634822           1.065615396952          -0.368314486374           0.183114344927
2028-01-04-08-00-00.00      429590.121376987721     -145969.631319381850       47414.587578657687         -18.594141142845         786.086775070069         393.100827997980           1.063304499764          -0.369923214598           0.183247948954
2028-01-04-09-00-00.00      429510.976886681572     -143134.772095713968       48828.317934260805         -25.380852661641         788.829305918238         392.300746704866           1.060991226971          -0.371498174568           0.183370001184
2028-01-04-10-00-00.00      429407.337150532694     -140290.101648878626       50239.122716869577         -32.202636819429         791.537393021951         391.475466913356           1.058675877231          -0.373039272779           0.183480445533
2028-01-04-11-00-00.00      429279.075630674837     -137435.744647284766       51646.910748112932         -39.059646626389         794.210662031341         390.624730404189           1.056358748603          -0.374546416731           0.183579224843
2028-01-04-12-00-00.00      429126.065244162455     -134571.827124491450       53051.589913914031         -45.952031873448         796.848728853867         389.748275557988           1.054040138666          -0.376019514586           0.183666280884
2028-01-04-13-00-00.00      428948.178374774812     -131698.476514502836       54453.067152214033         -52.879939015439         799.451199544923         388.845837332105           1.051720344645          -0.377458474834           0.183741554358
2028-01-04-14-00-00.00      428745.286885240930     -128815.821687421645       55851.248440604533         -59.843511046607         802.017670189335         387.917147240091           1.049399663249          -0.378863206906           0.183804984906
2028-01-04-15-00-00.00      428517.262129935378     -125923.992985575431       57246.038783898162         -66.842887372371         804.547726791751         386.961933329523           1.047078390787          -0.380233620834           0.183856511118
2028-01-04-16-00-00.00      428263.974968035473     -123023.122259995915       58637.342201610460         -73.878203672757         807.040945153762         385.979920163573           1.044756823299          -0.381569626929           0.183896070531
2028-01-04-17-00-00.00      427985.295777184889     -120113.342907360231       60025.061715381380         -80.949591761662         809.496890758630         384.970828801436           1.042435256386          -0.382871136388           0.183923599644
2028-01-04-18-00-00.00      427681.094467678166     -117194.789907363884       61409.099336331412         -88.057179439325         811.915118652835         383.934376780384           1.040113985330          -0.384138060971           0.183939033921
2028-01-04-19-00-00.00      427351.240497183870     -114267.599860499948       62789.356052350449         -95.201090337637         814.295173324791         382.870278099477           1.037793305217          -0.385370312670           0.183942307797
2028-01-04-20-00-00.00      426995.602886039414     -111331.911026286034       64165.731815332540        -102.381443758931         816.636588586463         381.778243203796           1.035473510772          -0.386567804332           0.183933354690
2028-01-04-21-00-00.00      426614.050233141170     -108387.863361919692       65538.125528356759        -109.598354506637         818.938887451866         380.657978970765           1.033154896469          -0.387730449331           0.183912107008
2028-01-04-22-00-00.00      426206.450732452853     -105435.598561354302       66906.435032818059        -116.851932708019         821.201582015472         379.509188698018           1.030837756667          -0.388858161252           0.183878496154
2028-01-04-23-00-00.00      425772.672190174926     -102475.260094842612       68270.557095523240        -124.142283628732         823.424173329885         378.331572093161           1.028522385421          -0.389950854508           0.183832452541
2028-01-05-00-00-00.00      425312.582042597933      -99506.993248947998       69630.387395761529        -131.469507479301         825.606151283092         377.124825265030           1.026209076611          -0.391008444022           0.183773905597
2028-01-05-01-00-00.00      424826.047374648391      -96530.945166875914       70985.820512315971        -138.833699212663         827.746994471796         375.888640718392           1.023898124064          -0.392030844913           0.183702783775
2028-01-05-02-00-00.00      424312.934939195286      -93547.264889377999       72336.749910488943        -146.234948315185         829.846170080783         374.622707348529           1.021589821367          -0.393017973122           0.183619014570
2028-01-05-03-00-00.00      423773.111177137005      -90556.103396144172       73683.067929121986        -153.673338587129         831.903133748904         373.326710441186           1.019284461993          -0.393969745093           0.183522524523
2028-01-05-04-00-00.00      423206.442238250747      -87557.613647473438       75024.665767574275        -161.148947918602         833.917329450932         372.000331671010           1.016982339420          -0.394886077468           0.183413239232
2028-01-05-05-00-00.00      422612.794002901530      -84551.950626563703       76361.433472742283        -168.661848054927         835.888189366017         370.643249105266           1.014683746944          -0.395766887712           0.183291083372
2028-01-05-06-00-00.00      421992.032104592887      -81539.271382188803       77693.259926078390        -176.212104355340         837.815133753600         369.255137208386           1.012388977800          -0.396612093804           0.183155980702
2028-01-05-07-00-00.00      421344.021953402669      -78519.735071826057       79020.032830631390        -183.799775542701         839.697570827588         367.835666849613           1.010098325281          -0.397421613936           0.183007854078
2028-01-05-08-00-00.00      420668.628760341846      -75493.503005262217       80341.638698125433        -191.424913444264         841.534896632074         366.384505313369           1.007812082545          -0.398195367139           0.182846625468
2028-01-05-09-00-00.00      419965.717562654754      -72460.738688605896       81657.962836073493        -199.087562722902         843.326494918599         364.901316312640           1.005530542739          -0.398933272982           0.182672215971
2028-01-05-10-00-00.00      419235.153250111034      -69421.607868761057       82968.889334949854        -206.787760598083         845.071737024362         363.385760005847           1.003253999108          -0.399635251276           0.182484545825
2028-01-05-11-00-00.00      418476.800592326559      -66376.278578373647       84274.301055436939        -214.525536556100         846.769981750708         361.837493017619           1.000982744808          -0.400301222700           0.182283534428
2028-01-05-12-00-00.00      417690.524267130182      -63324.921181123042       85574.079615736046        -222.300912050106         848.420575245272         360.256168462936           0.998717073015          -0.400931108510           0.182069100354
2028-01-05-13-00-00.00      416876.188890045800      -60267.708417522219       86868.105378989421        -230.113900188739         850.022850881987         358.641435976078           0.996457277048          -0.401524830245           0.181841161369
2028-01-05-14-00-00.00      416033.659044906846      -57204.815451102637       88156.257440805304        -237.964505414841         851.576129145239         356.992941743148           0.994203650160          -0.402082310360           0.181599634451
2028-01-05-15-00-00.00      415162.799315646465      -54136.419915025952       89438.413616909718        -245.852723173634         853.079717514294         355.310328539105           0.991956485663          -0.402603471937           0.181344435810
2028-01-05-16-00-00.00      414263.474319303117      -51062.701959110942       90714.450430940589        -253.778539570768         854.532910349842         353.593235769091           0.989716077031          -0.403088238396           0.181075480902
2028-01-05-17-00-00.00      413335.548740271828      -47983.844297254989       91984.243102395849        -261.741931020373         855.934988784128         351.841299514017           0.987482717700          -0.403536534136           0.180792684458
2028-01-05-18-00-00.00      412378.887365844392      -44900.032255253558       93247.665534756423        -269.742863882512         857.285220613500         350.054152580935           0.985256701185          -0.403948284250           0.180495960504
2028-01-05-19-00-00.00      411393.355123070767      -41811.453818992406       94504.590303797217        -277.781294090014         858.582860196174         348.231424558112           0.983038321177          -0.404323414238           0.180185222374
2028-01-05-20-00-00.00      410378.817116988474      -38718.299683006546       95754.888646106963        -285.857166763654         859.827148353307         346.372741875594           0.980827871350          -0.404661850658           0.179860382749
2028-01-05-21-00-00.00      409335.138670254091      -35620.763299382117       96998.430447836203        -293.970415815443         861.017312275603         344.477727871359           0.978625645459          -0.404963520838           0.179521353671
2028-01-05-22-00-00.00      408262.185364229314      -32519.040926986603       98235.084233694171        -302.120963539323         862.152565434622         342.546002863667           0.976431937450          -0.405228352608           0.179168046569
2028-01-05-23-00-00.00      407159.823081561422      -29413.331681011685       99464.717156217681        -310.308720189070         863.232107500087         340.577184229814           0.974247041250          -0.405456274939           0.178800372291
2028-01-06-00-00-00.00      406027.918050306849      -26303.837582795553      100687.194985334980        -318.533583542808         864.255124261222         338.570886492019           0.972071250870          -0.405647217676           0.178418241129
2028-01-06-01-00-00.00      404866.336889647995      -23190.763609930334      101902.382098253729        -326.795438454787         865.220787555792         336.526721410105           0.969904860508          -0.405801111265           0.178021562843
2028-01-06-02-00-00.00      403674.946657245629      -20074.317746606586      103110.141469694165        -335.094156393829         866.128255203749         334.444298081811           0.967748164337          -0.405917887400           0.177610246701
2028-01-06-03-00-00.00      402453.614898276632      -16954.711034189899      104310.334662497713        -343.429594969319         866.976670949200         332.323223050335           0.965601456602          -0.405997478764           0.177184201500
2028-01-06-04-00-00.00      401202.209696192585      -13832.157621945549      105502.821818629687        -351.801597443610         867.765164405040         330.163100420343           0.963465031725          -0.406039818759           0.176743335604
2028-01-06-05-00-00.00      399920.599725285952      -10706.874818104377      106687.461650637008        -360.209992234351         868.492851017045         327.963531979972           0.961339184081          -0.406044842161           0.176287556976
2028-01-06-06-00-00.00      398608.654305020871       -7579.083140791968      107864.111433521452        -368.654592400632         869.158832019217         325.724117333849           0.959224208100          -0.406012484862           0.175816773214
2028-01-06-07-00-00.00      397266.243456281256       -4449.006369323176      109032.626997141517        -377.135195120017         869.762194416214         323.444454041808           0.957120398361          -0.405942683610           0.175330891582
2028-01-06-08-00-00.00      395893.237959504826       -1316.871595441403      110192.862719114055        -385.651581150447         870.302010966551         321.124137768221           0.955028049369          -0.405835376670           0.174829819057
2028-01-06-09-00-00.00      394489.509414779081        1817.090725400288      111344.671518270523        -394.203514279195         870.777340180472         318.762762440366           0.952947455651          -0.405690503567           0.174313462358
2028-01-06-10-00-00.00      393054.930303950445        4952.646722749299      112487.904848705628        -402.790740757753         871.187226330145         316.359920417003           0.950878911849          -0.405508004841           0.173781727991
2028-01-06-11-00-00.00      391589.374054791930        8089.559059936025      113622.412694449784        -411.412988722187         871.530699472643         313.915202667789           0.948822712491          -0.405287822703           0.173234522291
2028-01-06-12-00-00.00      390092.715107282333       11227.586882962692      114748.043564807464        -420.069967598735         871.806775486132         311.428198964115           0.946779152082          -0.405029900791           0.172671751464
2028-01-06-13-00-00.00      388564.828982058680       14366.485769542234      115864.644490407445        -428.761367494972         872.014456120923         308.898498081605           0.944748525198          -0.404734183931           0.172093321630
2028-01-06-14-00-00.00      387005.592351074039       17506.007678356382      116972.061019996821        -437.486858576382         872.152729063672         306.325688014983           0.942731126247          -0.404400618795           0.171499138872
2028-01-06-15-00-00.00      385414.883110533119       20645.900898572272      118070.137218035583        -446.246090428965         872.220568016135         303.709356205374           0.940727249566          -0.404029153670           0.170889109285
2028-01-06-16-00-00.00      383792.580456153722       23785.909999625801      119158.715663136813        -455.038691410277         872.216932797672         301.049089779061           0.938737189498          -0.403619738217           0.170263139017
2028-01-06-17-00-00.00      382138.564960765827       26925.775781503758      120237.637447375222        -463.864267984512         872.140769450915         298.344475801156           0.936761240166          -0.403172324144           0.169621134332
2028-01-06-18-00-00.00      380452.718654347758       30065.235225343426      121306.742176546293        -472.722404048466         871.991010381146         295.595101540244           0.934799695550          -0.402686864974           0.168963001654
2028-01-06-19-00-00.00      378734.925106501905       33204.021444615340      122365.867971396307        -481.612660243206         871.766574507182         292.800554748009           0.932852849577          -0.402163315816           0.168288647624
2028-01-06-20-00-00.00      376985.069511428359       36341.863636892034      123414.851469883462        -490.534573253825         871.466367436203         289.960423952857           0.930920995876          -0.401601634044           0.167597979158
2028-01-06-21-00-00.00      375203.038775457011       39478.487036235885      124453.527830532097        -499.487655097221         871.089281663857         287.074298768344           0.929004427868          -0.401001779070           0.166890903504
2028-01-06-22-00-00.00      373388.721607137937       42613.612866452371      125481.730736907717        -508.471392396230         870.634196794240         284.141770218060           0.927103438836          -0.400363712122           0.166167328299
2028-01-06-23-00-00.00      371542.008609993849       45746.958295081007      126499.292403309155        -517.485245641452         870.099979786460         281.162431077038           0.925218321694          -0.399687396932           0.165427161637
2028-01-07-00-00-00.00      369662.792377946491       48878.236388346137      127506.043581714912        -526.528648442319         869.485485234091         278.135876229570           0.923349369060          -0.398972799513           0.164670312127
2028-01-07-01-00-00.00      367750.967593449110       52007.156067206437      128501.813570044658        -535.601006763330         868.789555659467         275.061703046661           0.921496873337          -0.398219887950           0.163896688961
2028-01-07-02-00-00.00      365806.431128401367       55133.422064466322      129486.430221818810        -544.701698151829         868.011021847707         271.939511780331           0.919661126466          -0.397428633085           0.163106201981
2028-01-07-03-00-00.00      363829.082147858688       58256.734883156008      130459.719957269597        -553.830070954575         867.148703206055         268.768905977286           0.917842420009          -0.396599008313           0.162298761753
2028-01-07-04-00-00.00      361818.822216576373       61376.790756276270      131421.507775973500        -562.985443524468         866.201408151334         265.549492912012           0.916041045220          -0.395730989372           0.161474279627
2028-01-07-05-00-00.00      359775.555408424523       64493.281607984012      132371.617271078983        -572.167103420590         865.167934535240         262.280884038548           0.914257292802          -0.394824555041           0.160632667826
2028-01-07-06-00-00.00      357699.188418709091       67605.895016336843      133309.870645201590        -581.374306601128         864.047070102696         258.962695462199           0.912491452988          -0.393879686939           0.159773839513
2028-01-07-07-00-00.00      355589.630679376889       70714.314177849112      134236.088728037634        -590.606276609050         862.837592980541         255.594548432093           0.910743815605          -0.392896369325           0.158897708865
2028-01-07-08-00-00.00      353446.794477196119       73818.217873762915      135150.090995806997        -599.862203755343         861.538272213764         252.176069853454           0.909014669840          -0.391874589804           0.158004191166
2028-01-07-09-00-00.00      351270.595074868645       76917.280438373476      136051.695592569216        -609.141244296958         860.147868336775         248.706892822093           0.907304304312          -0.390814339134           0.157093202878
2028-01-07-10-00-00.00      349060.950835103868       80011.171729503578      136940.719353502529        -618.442519610770         858.665133983710         245.186657181754           0.905613007143          -0.389715611035           0.156164661730
2028-01-07-11-00-00.00      346817.783347679069       83099.557101219732      137816.977830235846        -627.765115366943         857.088814549411         241.615010104064           0.903941065719          -0.388578402900           0.155218486805
2028-01-07-12-00-00.00      344541.017559475324       86182.097379022714      138680.285318309674        -637.108080699837         855.417648891387         237.991606693321           0.902288766767          -0.387402715611           0.154254598630
2028-01-07-13-00-00.00      342230.581907496380       89258.448837651886      139530.454886858410        -646.470427379082         853.650370079280         234.316110616200           0.900656396422          -0.386188553357           0.153272919262
2028-01-07-14-00-00.00      339886.408454874530       92328.263181668386      140367.298410610529        -655.851128982614         851.785706193436         230.588194756842           0.899044239998          -0.384935924354           0.152273372388
2028-01-07-15-00-00.00      337508.433029843320       95391.187529006711      141190.626604283985        -665.249120073476         849.822381172912         226.807541897717           0.897452582057          -0.383644840667           0.151255883420
2028-01-07-16-00-00.00      335096.595367656148       98446.864397683268      142000.249059485534        -674.663295381986         847.759115711731         222.973845426664           0.895881706489          -0.382315318040           0.150220379585
2028-01-07-17-00-00.00      332650.839255461760      101494.931695754043      142795.974284206954        -684.092508999545         845.594628218463         219.086810068784           0.894331896281          -0.380947376617           0.149166790039
2028-01-07-18-00-00.00      330171.112680017541      104535.022714967665      143577.609744988324        -693.535573579165         843.327635814489         215.146152646154           0.892803433588          -0.379541040783           0.148095045959
2028-01-07-19-00-00.00      327657.367978297523      107566.766127976283      144344.961911878083        -702.991259554625         840.956855406225         211.151602862205           0.891296599826          -0.378096338991           0.147005080651
2028-01-07-20-00-00.00      325109.561990862887      110589.785989580691      145097.836306257814        -712.458294373441         838.481004807900         207.102904113963           0.889811675433          -0.376613304503           0.145896829661
2028-01-07-21-00-00.00      322527.656217961805      113603.701742122823      145836.037551641639        -721.935361749570         835.898803929501         202.999814331496           0.888348939963          -0.375091975230           0.144770230881
2028-01-07-22-00-00.00      319911.616978285019      116608.128225261331      146559.369427548576        -731.421100937530         833.208976029232         198.842106845602           0.886908672168          -0.373532393573           0.143625224660
2028-01-07-23-00-00.00      317261.415570154437      119602.675690732751      147267.634926560539        -740.914106029620         830.410249030618         194.629571284636           0.885491149781          -0.371934607169           0.142461753924
2028-01-08-00-00-00.00      314577.028435883287      122586.949820182010      147960.636314614560        -750.412925283572         827.501356913110         190.362014500167           0.884096649608          -0.370298668743           0.141279764289
2028-01-08-01-00-00.00      311858.437327108521      125560.551751775813      148638.175194766780        -759.916060474455         824.481041166512         186.039261523419           0.882725447627          -0.368624635956           0.140079204174
2028-01-08-02-00-00.00      309105.629473817768      128523.078108431495      149300.052574381785        -769.421966284245         821.348052316416         181.661156551514           0.881377818773          -0.366912572158           0.138860024934
2028-01-08-03-00-00.00      306318.597754772636      131474.121033635340      149946.068935949152        -778.929049728640         818.101151528513         177.227563963255           0.880054037053          -0.365162546247           0.137622180976
2028-01-08-04-00-00.00      303497.340870082320      134413.268232723407      150576.024311613466        -788.435669624746         814.739112282195         172.738369365129           0.878754375639          -0.363374632530           0.136365629883
2028-01-08-05-00-00.00      300641.863515607722      137340.103020334733      151189.718361521314        -797.940136105791         811.260722121706         168.193480666515           0.877479106687          -0.361548911481           0.135090332544
2028-01-08-06-00-00.00      297752.176559020183      140254.204374316352      151786.950456089951        -807.440710186871         807.664784483669         163.592829183892           0.876228501448          -0.359685469607           0.133796253287
2028-01-08-07-00-00.00      294828.297217327054      143155.146996334544      152367.519762304175        -816.935603386642         803.950120602349         158.936370773650           0.875002830390          -0.357784399320           0.132483360002
2028-01-08-08-00-00.00      291870.249235643190      146042.501379513706      152931.225334139977        -826.422977411607         800.115571499260         154.224086992782           0.873802363025          -0.355845799699           0.131151624281
2028-01-08-09-00-00.00      288878.063066990173      148915.833883356390      153477.866207219195        -835.900943905859         796.160000051504         149.455986287882           0.872627368041          -0.353869776369           0.129801021555
2028-01-08-10-00-00.00      285851.776052859670      151774.706816285150      154007.241497793584        -845.367564273098         792.082293145774         144.632105211987           0.871478113442          -0.351856441373           0.128431531223
2028-01-08-11-00-00.00      282791.432604286470      154618.678526077652      154519.150506160513        -854.820849575594         787.881363917556         139.752509669454           0.870354866396          -0.349805913947           0.127043136798
2028-01-08-12-00-00.00      279697.084383139329      157447.303498514957      155013.392824611219        -864.258760515036         783.556154075273         134.817296188981           0.869257893389          -0.347718320401           0.125635826046
2028-01-08-13-00-00.00      276568.790483314777      160260.132464580092      155489.768450009986        -873.679207502758         779.105636315770         129.826593224173           0.868187460385          -0.345593794003           0.124209591126
2028-01-08-14-00-00.00      273406.617611526977      163056.712516462867      155948.077901108161        -883.080050821443         774.528816819487         124.780562482004           0.867143832702          -0.343432475754           0.122764428736
2028-01-08-15-00-00.00      270210.640267320909      165836.587232750899      156388.122340685833        -892.459100889781         769.824737840455         119.679400277214           0.866127275192          -0.341234514279           0.121300340257
2028-01-08-16-00-00.00      266980.940921951726      168599.296813069872      156809.703702616622        -901.814118632437         764.992480376974         114.523338912355           0.865138052427          -0.339000065715           0.119817331898
2028-01-08-17-00-00.00      263717.610195720801      171344.378222516680      157212.624823942635        -911.142815966427         760.031166933437         109.312648081239           0.864176428607          -0.336729294490           0.118315414846
2028-01-08-18-00-00.00      260420.747033357620      174071.365346145933      157596.689582044783        -920.442856407041         754.939964359591         104.047636294984           0.863242667769          -0.334422373218           0.116794605416
2028-01-08-19-00-00.00      257090.458876966382      176779.789153892983      157961.703036980587        -929.711855807532         749.718086784788          98.728652328042           0.862337034004          -0.332079482590           0.115254925192
2028-01-08-20-00-00.00      253726.861836081167      179469.177876162314      158307.471579065634        -938.947383234482         744.364798629081          93.356086683869           0.861459791406          -0.329700812163           0.113696401188
2028-01-08-21-00-00.00      250330.080854297179      182139.057190438325      158633.803081762249        -948.146961991139         738.879417702719          87.930373078397           0.860611204316          -0.327286560247           0.112119065995
2028-01-08-22-00-00.00      246900.249871958862      184788.950419159955      158940.507059942349        -957.308070792915         733.261318382235          82.451989940900           0.859791537572          -0.324836933807           0.110522957929
2028-01-08-23-00-00.00      243437.511984302313      187418.378739239735      159227.394833579106        -966.428145107842         727.509934875010          76.921461930714           0.859001056504          -0.322352149245           0.108908121191
2028-01-09-00-00-00.00      239942.019594489044      190026.861403422750      159494.279696930025        -975.504578665362         721.624764557126          71.339361469553           0.858240027220          -0.319832432297           0.107274606014
2028-01-09-01-00-00.00      236413.934560878028      192613.915973828727      159740.977093260648        -984.534725144438         715.605371389548          65.706310287967           0.857508716901          -0.317278017926           0.105622468817
2028-01-09-02-00-00.00      232853.428337892459      195179.058567908534      159967.304795159813        -993.515900048561         709.451389406817          60.022980984817           0.856807393842          -0.314689151104           0.103951772359
2028-01-09-03-00-00.00      229260.682109785412      197721.804117089865      160173.083090490371       -1002.445382776100         703.162526273785          54.290098598267           0.856136327790          -0.312066086710           0.102262585895
2028-01-09-04-00-00.00      225635.886916578922      200241.666638364637      160358.134974012763       -1011.320418896554         696.738566909948          48.508442186491           0.855495790285          -0.309409089417           0.100554985323
2028-01-09-05-00-00.00      221979.243771436857      202738.159519004403      160522.286344715016       -1020.138222639614         690.179377170357          42.678846416438           0.854886054767          -0.306718434472           0.098829053343
2028-01-09-06-00-00.00      218290.963768674090      205210.795814636658      160665.366208873747       -1028.895979608641         683.484907583187          36.802203158660           0.854307396959          -0.303994407583           0.097084879608
2028-01-09-07-00-00.00      214571.268181574589      207659.088560879463      160787.206888863933       -1037.590849727339         676.655197135973          30.879463086480           0.853760095273          -0.301237304801           0.095322560876
2028-01-09-08-00-00.00      210820.388549173134      210082.551098670956      160887.644237732486       -1046.219970430457         669.690377106983          24.911637278010           0.853244430983          -0.298447433297           0.093542201164
2028-01-09-09-00-00.00      207038.566751091916      212480.697413473914      160966.517859541520       -1054.780460107174         662.590674932551          18.899798819928           0.852760688667          -0.295625111233           0.091743911902
2028-01-09-10-00-00.00      203226.055069519265      214853.042488438397      161023.671335487918       -1063.269421807728         655.356418105663          12.845084412422           0.852309156684          -0.292770667637           0.089927812079
2028-01-09-11-00-00.00      199383.116237334441      217199.102671699744      161058.952455802326       -1071.683947224263         647.988038102031           6.748695975259           0.851890127417          -0.289884443163           0.088094028404
2028-01-09-12-00-00.00      195510.023471426917      219518.396057764563      161072.213457433361       -1080.021120952711         640.486074319531           0.611902255668           0.851503897794          -0.286966789953           0.086242695452
2028-01-09-13-00-00.00      191607.060490125674      221810.442883160053      161063.311267524550       -1088.278025047169         632.851178028349          -5.563959561054           0.851150769834          -0.284018071492           0.084373955816
2028-01-09-14-00-00.00      187674.521513704123      224074.765936279931      161032.107752696233       -1096.451743876142         625.084116323039         -11.777482236600           0.850831050979          -0.281038663354           0.082487960262
2028-01-09-15-00-00.00      183712.711246835010      226310.890981472505      160978.469974153064       -1104.539369289108         617.185776065233         -18.027186858659           0.850545054696          -0.278028953042           0.080584867880
2028-01-09-16-00-00.00      179721.944841893070      228518.347197241645      160902.270448638970       -1112.538006101765         609.157167804149         -24.311521211775           0.850293101108          -0.274989339821           0.078664846238
2028-01-09-17-00-00.00      175702.547841902415      230696.667628554162      160803.387415277306       -1120.444777912111         600.999429669916         -30.628858137500           0.850075517423          -0.271920235443           0.076728071536
2028-01-09-18-00-00.00      171654.856101936166      232845.389653095481      160681.705108337919       -1128.256833257125         592.713831227648         -36.977493880526           0.849892638634          -0.268822063962           0.074774728764
2028-01-09-19-00-00.00      167579.215687764023      234964.055461219454      160537.114035987004       -1135.971352113620         584.301777265487         -43.355646417198           0.849744808241          -0.265695261537           0.072805011856
2028-01-09-20-00-00.00      163475.982750380295      237052.212549582910      160369.511265099631       -1143.585552768650         575.764811538138         -49.761453759695           0.849632378794          -0.262540277131           0.070819123857
2028-01-09-21-00-00.00      159345.523375200719      239109.414227968809      160178.800712225697       -1151.096699052704         567.104620414613         -56.192972230002           0.849555712698          -0.259357572289           0.068817277085
2028-01-09-22-00-00.00      155188.213404499693      241135.220139167097      159964.893440841086       -1158.502107958595         558.323036445292         -62.648174693564           0.849515183050          -0.256147620913           0.066799693298
2028-01-09-23-00-00.00      151004.438231732580      243129.196791479451      159727.707965045061       -1165.799157651674         549.422041824270         -69.124948741682           0.849511174303          -0.252910909922           0.064766603874
2028-01-10-00-00-00.00      146794.592566296487      245090.918103491975      159467.170559913357       -1172.985295881559         540.403771733039         -75.621094809373           0.849544083191          -0.249647938992           0.062718249990
2028-01-10-01-00-00.00      142559.080167249514      247019.965960691945      159183.215578769159       -1180.058048811593         531.270517563120         -82.134324211956           0.849614319700          -0.246359220289           0.060654882812
2028-01-10-02-00-00.00      138298.313544513803      248915.930783366231      158875.785777690704       -1187.015030267335         522.024729982607         -88.662257083560           0.849722307873          -0.243045279081           0.058576763695
2028-01-10-03-00-00.00      134012.713625978271      250778.412105310534      158544.832647653093       -1193.853951426028         512.669021853444         -95.202420194913           0.849868486872          -0.239706653443           0.056484164399
2028-01-10-04-00-00.00      129702.709388928022      252607.019162701414      158190.316754775034       -1200.572630951414         503.206170967056        -101.752244627674           0.850053312100          -0.236343893929           0.054377367307
2028-01-10-05-00-00.00      125368.737454156886      254401.371492488019      157812.208089239080       -1207.169005591164         493.639122590385        -108.309063277139           0.850277256168          -0.232957564139           0.052256665675
2028-01-10-06-00-00.00      121011.241641076937      256161.099539578048      157410.486423557100       -1213.641141250157         483.970991802825        -114.870108152044           0.850540810126          -0.229548240367           0.050122363893
2028-01-10-07-00-00.00      116630.672482095251      257885.845272014383      156985.141680972447       -1219.987244555428         474.205065606415        -121.432507435333           0.850844484749          -0.226116511216           0.047974777767
2028-01-10-08-00-00.00      112227.486694417326      259575.262803366262      156536.174314942880       -1226.205674924298         464.344804779778        -127.993282266305           0.851188811702          -0.222662978110           0.045814234831
2028-01-10-09-00-00.00      107802.146607517410      261229.019021217246      156063.595700765582       -1232.294957172632         454.393845490748        -134.549343191318           0.851574344960          -0.219188254871           0.043641074694
2028-01-10-10-00-00.00      103355.119544182191      262846.794221056451      155567.428540666937       -1238.253794653346         444.356000588326        -141.097486237646           0.852001662299          -0.215692967275           0.041455649409
2028-01-10-11-00-00.00       98886.877153260881      264428.282744225406      155047.707283799769       -1244.081082978622         434.235260610725        -147.634388539003           0.852471366683          -0.212177753494           0.039258323899
2028-01-10-12-00-00.00       94397.894691962123      265973.193618880468      154504.478562889883       -1249.775924332590         424.035794450643        -154.156603446463           0.852984087912          -0.208643263604           0.037049476417
2028-01-10-13-00-00.00       89888.650255486355      267481.251202763116      153937.801649543835       -1255.337642406939         413.761949661891        -160.660555041886           0.853540484361          -0.205090159065           0.034829499069
2028-01-10-14-00-00.00       85359.623951755013      268952.195826325100      153347.748930507572       -1260.765797989809         403.418252378959        -167.142531960406           0.854141244625          -0.201519113090           0.032598798392
2028-01-10-15-00-00.00       80811.297018771453      270385.784434865811      152734.406407575414       -1266.060205239432         393.009406814617        -173.598680417209           0.854787089447          -0.197930810075           0.030357796005
2028-01-10-16-00-00.00       76244.150882113550      271781.791228038725      152097.874224210362       -1271.220948683465         382.540294306992        -180.024996316700           0.855478773748          -0.194325944991           0.028106929347
2028-01-10-17-00-00.00       71658.666149890007      273140.008295008389      151438.267222413968       -1276.248400977525         372.015971861454        -186.417316310636           0.856217088590          -0.190705223682           0.025846652495
2028-01-10-18-00-00.00       67055.321542280784      274460.246243463829      150755.715533927578       -1281.143241469508         361.441670142648        -192.771307650644           0.857002863444          -0.187069362196           0.023577437096
2028-01-10-19-00-00.00       62434.592752770695      275742.334820249700      150050.365210375487       -1285.906475622886         350.822790866126        -199.082456657457           0.857836968566          -0.183419086104           0.021299773421
2028-01-10-20-00-00.00       57796.951237794194      276986.123521491303      149322.378897721792       -1290.539455352028         340.164903521116        -205.346055607753           0.858720317362          -0.179755130694           0.019014171546
2028-01-10-21-00-00.00       53142.862931527081      278191.482189462404      148571.936561076291       -1295.043900325551         329.473741339882        -211.557187811231           0.859653869054          -0.176078240230           0.016721162701
2028-01-10-22-00-00.00       48472.786881992208      279358.301593711541      147799.236266950553       -1299.421920297869         318.755196415563        -217.710710620935           0.860638631501          -0.172389167162           0.014421300786
2028-01-10-23-00-00.00       43787.173805032791      280486.493992589123      147004.495030726219       -1303.676038549034         308.015313876927        -223.801236070427           0.861675664035          -0.168688672245           0.012115164095
2028-01-11-00-00-00.00       39086.464551435922      281575.993672371027      146187.949738780677       -1307.809216491849         297.260284972921        -229.823108804983           0.862766080635          -0.164977523696           0.009803357271
2028-01-11-01-00-00.00       34371.088483819520      282626.757458659762      145349.858155254071       -1311.824879534902         286.496438921258        -235.770380906223           0.863911053282          -0.161256496323           0.007486513522
2028-01-11-02-00-00.00       29641.461757569141      283638.765196418681      144490.500025905698       -1315.726944244431         275.730233295178        -241.636783181795           0.865111815385          -0.157526371554           0.005165297134
2028-01-11-03-00-00.00       24897.985501689662      284612.020192339725      143610.178292397759       -1319.519846915260         264.968242770684        -247.415692385277           0.866369665568          -0.153787936515           0.002840406329
2028-01-11-04-00-00.00       20141.043894228987      285546.549613204028      142709.220432738861       -1323.208573581726         254.217145900890        -253.100093799474           0.867685971684          -0.150041983074           0.000512576512
2028-01-11-05-00-00.00       15371.002126917552      286442.404832692759      141787.979945808736       -1326.798691543687         243.483709611246        -258.682538498022           0.869062174958          -0.146289307810          -0.001817416040
2028-01-11-06-00-00.00       10588.204253550002      287299.661717634299      140846.838000450603       -1330.296382436614         232.774770989231        -264.155094517067           0.870499794520          -0.142530711030          -0.004148749979
2028-01-11-07-00-00.00        5792.970916558758      288118.420843020838      139886.205272591906       -1333.708476839334         222.097215839880        -269.509291062274           0.872000432218          -0.138766995765          -0.006480554105
2028-01-11-08-00-00.00         985.596946191222      288898.807623219793      138906.523997308424       -1337.042490420223         211.457953445784        -274.736054709523           0.873565777603          -0.134998967719          -0.008811901924
2028-01-11-09-00-00.00       -3833.651173001073      289640.972344265145      137908.270266653883       -1340.306661491418         200.863886716426        -279.825636461733           0.875197613352          -0.131227434280          -0.011141805442
2028-01-11-10-00-00.00       -8664.537973223967      290345.090079140966      136891.956608571083       -1343.509989832179         190.321876864439        -284.767528296769           0.876897820996          -0.127453203548          -0.013469208087
2028-01-11-11-00-00.00      -13506.861816096840      291011.360464326397      135858.134887377440       -1346.662276473798         179.838701453357        -289.550367690120           0.878668386872          -0.123677084353          -0.015792976628
2028-01-11-12-00-00.00      -18360.457849657319      291640.007311409456      134807.399572230439       -1349.774164021207         169.421004471963        -294.161828345984           0.880511408511          -0.119899885391          -0.018111891949
2028-01-11-13-00-00.00      -23225.201110533038      292231.278022128216      133740.391426725371       -1352.857176850650         159.075236743276        -298.588495148161           0.882429101347          -0.116122414427          -0.020424638499
2028-01-11-14-00-00.00      -28101.009769375465      292785.442768659384      132657.801680551958       -1355.923760288397         148.807584676597        -302.815721025253           0.884423805624          -0.112345478602          -0.022729792221
2028-01-11-15-00-00.00      -32987.848513375880      293302.793392393854      131560.376752567128       -1358.987317405903         138.623884768984        -306.827463222489           0.886497993694          -0.108569883926          -0.025025806731
2028-01-11-16-00-00.00      -37885.732054604297      293783.641965193441      130448.923604885655       -1362.062241700790         128.529520917616        -310.606096028892           0.888654277521          -0.104796435009          -0.027310997491
2028-01-11-17-00-00.00      -42794.728744815751      294228.318944252329      129324.315818083996       -1365.163943131355         118.529300712691        -314.132196831883           0.890895416249          -0.101025936038          -0.029583523655
2028-01-11-18-00-00.00      -47714.964267244388      294637.170837225916      128187.500489906655       -1368.308864191583         108.627306212467        -317.384301972744           0.893224323899          -0.097259191188          -0.031841367247
2028-01-11-19-00-00.00      -52646.625361747530      295010.557276013424      127039.506072785996       -1371.514481495788          98.826713617974        -320.338628694179           0.895644076925          -0.093497005514          -0.034082309272
2028-01-11-20-00-00.00      -57589.963520768048      295348.847375436337      125881.451279156929       -1374.799286835853          89.129575101533        -322.968759312544           0.898157921355          -0.089740187480          -0.036303902284
2028-01-11-21-00-00.00      -62545.298568485916      295652.415226416371      124714.555197547146       -1378.182739676080          79.536554624896        -325.245283798989           0.900769279348          -0.085989551339          -0.038503438910
2028-01-11-22-00-00.00      -67513.022001969046      295921.634340705466      123540.148775405149       -1381.685180434215          70.046607903488        -327.135397331854           0.903481754686          -0.082245920575          -0.040677915723
2028-01-11-23-00-00.00      -72493.599929163014      296156.870825731428      122359.687835951830       -1385.327690495711          60.656594723390        -328.602450302745           0.906299136563          -0.078510133702          -0.042823991825
2028-01-12-00-00-00.00      -77487.575380137176      296358.475021347345      121174.767802103393       -1389.131880614108          51.360809778026        -329.605449785092           0.909225401092          -0.074783050819          -0.044937941423
2028-01-12-01-00-00.00      -82495.569692775767      296526.771277100255      119987.140300318206       -1393.119583667640          42.150415692421        -330.098514556600           0.912264709451          -0.071065562372          -0.047015599632
2028-01-12-02-00-00.00      -87518.282574980578      296662.045484902104      118798.731801084257       -1397.312420890895          33.012759894162        -330.030289998714           0.915421401349          -0.067358601731          -0.049052300737
2028-01-12-03-00-00.00      -92556.490319484437      296764.529912829050      117611.664418810338       -1401.731201857951          23.930554789861        -329.343336609943           0.918699982245          -0.063663160311          -0.051042808161
2028-01-12-04-00-00.00      -97611.041485896974      296834.384809369221      116428.278926259416       -1406.395108060974          14.880899787724        -327.973516398350           0.922105102078          -0.059980307172          -0.052981235490
2028-01-12-05-00-00.00     -102682.849162409242      296871.676170828054      115251.159924767853       -1411.320597636240           5.834124454656        -325.849417117813           0.925641522703          -0.056311215202          -0.054860958162
2028-01-12-06-00-00.00     -107772.878670549369      296876.348995877372      114083.162929217462       -1416.519955151699          -3.247563993003        -322.891877052462           0.929314070590          -0.052657193265          -0.056674515831
2028-01-12-07-00-00.00     -112882.129277707514      296848.195306070615      112927.442847518207       -1421.999396802207         -12.411635980593        -319.013704376857           0.933127570330          -0.049019726880          -0.058413506127
2028-01-12-08-00-00.00     -118011.608137918040      296786.816214952036      111787.482921910821       -1427.756630110212         -21.716986612150        -314.119728370754           0.937086753511          -0.045400530346          -0.060068471644
2028-01-12-09-00-00.00     -123162.294307806558      296691.577420587651      110667.122608177160       -1433.777763249959         -31.235831587423        -308.107375925365           0.941196136603          -0.041801610273          -0.061628783658
2028-01-12-10-00-00.00     -128335.090320684714      296561.557735714770      109570.582049828212       -1440.033470035005         -41.055658079004        -300.868037269338           0.945459860349          -0.038225343636          -0.063082528487
2028-01-12-11-00-00.00     -133530.758521753247      296395.490738670633      108502.479710251995       -1446.474354828074         -51.281058884992        -292.289565966546           0.949881482567          -0.034674573247          -0.064416405772
2028-01-12-12-00-00.00     -138749.839299716754      296191.700435228588      107467.838332658983       -1453.025544770822         -62.035167226307        -282.260340998179           0.954463716362          -0.031152719795          -0.065615652441
2028-01-12-13-00-00.00     -143992.548696518294      295948.033094124461      106472.072734928850       -1459.580687843995         -73.460261832039        -270.675380974913           0.959208107057          -0.027663911264          -0.066664011737
2028-01-12-14-00-00.00     -149258.653927292762      295661.789282176702      105520.951152096706       -1465.995779129127         -85.716933821680        -257.445002521472           0.964114644787          -0.024213128165          -0.067543773268
2028-01-12-15-00-00.00     -154547.327467125608      295329.662649468577      104620.520236661454       -1472.083591728399         -98.981024484479        -242.506394221644           0.969181316608          -0.020806355971          -0.068235916621
2028-01-12-16-00-00.00     -159856.983947824949      294947.695120322576      103776.983004936803       -1477.609943967371        -113.437415062394        -225.838149523940           0.974403613234          -0.017450733772          -0.068720396217
2028-01-12-17-00-00.00     -165185.109441004781      294511.261473325954      102996.519885269023       -1482.293524300292        -129.269778396241        -207.477175788605           0.979774021865          -0.014154681142          -0.068976605850
2028-01-12-18-00-00.00     -170528.099614301784      294015.099010970793      102285.046767515858       -1485.811361305175        -146.645732187532        -187.536429124096           0.985281557367          -0.010927974199          -0.068984053848
2028-01-12-19-00-00.00     -175881.130898814154      293453.398795886314      101647.911704811733       -1487.811999721877        -165.697611037334        -166.220688578135           0.990911406320          -0.007781738366          -0.068723259809
2028-01-12-20-00-00.00     -181238.095121302002      292819.971975963446      101089.544197537660       -1487.937687570572        -186.500359048305        -143.836381491241           0.996644775861          -0.004728323079          -0.068176848230
2028-01-12-21-00-00.00     -186591.629941617604      292108.496435642417      100613.086712938995       -1485.855144832141        -209.049670432142        -120.790870799263           1.002459042384          -0.001781026412          -0.067330764559
2028-01-12-22-00-00.00     -191933.271369522350      291312.834964692709      100220.053830848876       -1481.291862879592        -233.244966215538         -97.577325429410           1.008328273796           0.001046341639          -0.066175484023
2028-01-12-23-00-00.00     -197253.738466872019      290427.398294913117       99910.074405576161       -1474.072059190500        -258.882299987374         -74.743805523880           1.014224147562           0.003740039249          -0.064707040182
2028-01-13-00-00-00.00     -202543.335436008871      289447.509584539570       99680.770088388788       -1464.144615337827        -285.661096732231         -52.849249181113           1.020117210511           0.006287066228          -0.062927690001
2028-01-13-01-00-00.00     -207792.428748928389      288369.717822678736       99527.805904767956       -1451.595823286297        -313.205616355381         -32.413370951751           1.025978344604           0.008675846739          -0.060846070958
2028-01-13-02-00-00.00     -212991.936192814581      287192.011505639995       99445.117748196295       -1436.642989940030        -341.098056094440         -13.870160858169           1.031780244106           0.010896823575          -0.058476791811
2028-01-13-03-00-00.00     -218133.759205930633      285913.901495226019       99425.286545023293       -1419.609935516887        -368.916874816155           2.465778442546           1.037498698289           0.012942881029          -0.055839508904
2028-01-13-04-00-00.00     -223211.102504877839      284536.368013111583       99460.001284715734       -1400.890134508750        -396.272719313405          16.414414596888           1.043113516847           0.014809544340          -0.052957637932
2028-01-13-05-00-00.00     -228218.651064893405      283061.692419121449       99540.541955347042       -1380.905753324578        -422.835688170952          27.926508969600           1.048609016649           0.016494948935          -0.049856904885
2028-01-13-06-00-00.00     -233152.604317326506      281493.211736734433       99658.220337503575       -1360.070424872985        -448.350748178487          37.064931939739           1.053974078393           0.017999617220          -0.046563937538
2028-01-13-07-00-00.00     -238010.591424779588      279835.039209520153       99804.736216794059       -1338.761002220273        -472.641454067505          43.977491764444           1.059201851999           0.019326102574          -0.043105051413
2028-01-13-08-00-00.00     -242791.504398393736      278091.788950359100       99972.430290937104       -1317.300225169792        -495.604500556341          48.867676895086           1.064289225320           0.020478566485          -0.039505315820
2028-01-13-09-00-00.00     -247495.287570836372      276268.331471520767      100154.435472005222       -1295.949507118618        -517.198609341520          51.968083154816           1.069236172994           0.021462349508          -0.035787920445
2028-01-13-10-00-00.00     -252122.715921974101      274369.594361215248      100344.741597156652       -1274.909500101890        -537.431051913872          53.519143883425           1.074045082042           0.022283576513          -0.031973815683
